model,target,experiment,f1_c,f1_cw
knn_classifier,ABU50,exp1-Kendals-ABU50,0.584227376315812,0.5870986077751784
knn_classifier,BD50,exp1-Kendals-BD50,0.3514644351464435,0.3644444444444444
knn_classifier,PBU,exp1-Kendals-PBU,0.6000000000000001,0.5902912621359223
