model,target,experiment,f1_c,f1_cw
logistic_regression,ABU50,exp1-Kendals-ABU50,0.5828325416543196,0.5914976722032501
logistic_regression,BD50,exp1-Kendals-BD50,0.0434782608695652,0.064516129032258
logistic_regression,PBU,exp1-Kendals-PBU,0.8151260504201681,0.8161263804259432
