model,target,experiment,recall_c,recall_cw
mlp_classifier,ABU50,exp1-Kendals-ABU50,0.33408071748878915,0.4865470852017937
mlp_classifier,BD50,exp1-Kendals-BD50,0.45058139534883723,0.6104651162790697
mlp_classifier,PBU,exp1-Kendals-PBU,0.37378640776699024,0.488673139158576
