model,target,experiment,recall_c,recall_cw
SVC,ABU50,exp1-Kendals-ABU50,0.6636771300448431,0.6636771300448431
SVC,BD50,exp1-Kendals-BD50,0.0465116279069767,0.0465116279069767
SVC,PBU,exp1-Kendals-PBU,0.8907766990291262,0.8782362459546925
