model,iteration,hyperparameters,target,tp_c,tn_c,fp_c,fn_c,tp_cw,tn_cw,fp_cw,fn_cw,precision_c,recall_c,f1_c,accuracy_c,precision_cw,recall_cw,f1_cw,accuracy_cw,auc_c,auc_cw,diff_precision,diff_recall,diff_f1,diff_accuracy,diff_auc,experiment,use_smote
logistic_regression,overall,"cw - {'solver': 'liblinear', 'penalty': 'l2', 'C': 15, 'random_state': 42}",ABU50,144,130,91,79,147,127,94,76,0.6127659574468085,0.6457399103139013,0.6288209606986899,0.6171171171171171,0.6099585062240664,0.6591928251121076,0.6336206896551725,0.6171171171171171,0.6167984189723319,0.61699604743083,-0.002807451222742,0.0134529147982063,0.0047997289564826,0.0,0.0001976284584981,exp5-Kendals-ABU50,True
randomForest_classifier,overall,"cw - {'random_state': 42, 'criterion': 'gini', 'max_depth': 5, 'n_estimators': 100, 'max_features': 'log2'}",BD50,54,207,151,32,56,206,152,30,0.2634146341463415,0.627906976744186,0.3711340206185567,0.5878378378378378,0.2692307692307692,0.6511627906976745,0.380952380952381,0.5900900900900901,0.6029365079365079,0.6141666666666666,0.0058161350844277,0.0232558139534884,0.0098183603338242,0.0022522522522522,0.0112301587301587,exp6-Kendals-BD50,True
SVC,overall,"c - {'kernel': 'rbf', 'random_state': 42, 'C': 0.1}",PBU,194,57,78,115,200,55,80,109,0.7132352941176471,0.627831715210356,0.6678141135972461,0.5653153153153153,0.7142857142857143,0.6472491909385113,0.6791171477079796,0.5743243243243243,0.5258992083185632,0.5284337705305447,0.0010504201680672,0.0194174757281553,0.0113030341107335,0.009009009009009,0.0025345622119815,exp4-Kendals-PBU,True
