model,iteration,hyperparameters,target,tp_c,tn_c,fp_c,fn_c,tp_cw,tn_cw,fp_cw,fn_cw,precision_c,recall_c,f1_c,accuracy_c,precision_cw,recall_cw,f1_cw,accuracy_cw,auc_c,auc_cw,diff_precision,diff_recall,diff_f1,diff_accuracy,diff_auc,experiment,use_smote
logistic_regression,overall,"c - {'C': 100000000.0, 'penalty': 'l1', 'random_state': 42, 'solver': 'liblinear'}",ABU50,145,132,89,78,143,130,91,80,0.6196581196581197,0.6502242152466368,0.6345733041575493,0.6238738738738738,0.6111111111111112,0.6412556053811659,0.6258205689277899,0.6148648648648649,0.6236166007905138,0.6145256916996047,-0.0085470085470085,-0.0089686098654708,-0.0087527352297593,-0.0090090090090089,-0.0090909090909091,exp5-Kendals-ABU50,True
randomForest_classifier,overall,"cw - {'max_depth': 6, 'random_state': 42, 'criterion': 'gini', 'max_features': 0.5, 'n_estimators': 10}",BD50,54,236,122,32,51,225,133,35,0.3068181818181818,0.627906976744186,0.4122137404580153,0.6531531531531531,0.2771739130434782,0.5930232558139535,0.3777777777777777,0.6216216216216216,0.644265873015873,0.6113095238095239,-0.0296442687747035,-0.0348837209302325,-0.0344359626802375,-0.0315315315315315,-0.0329563492063491,exp6-Kendals-BD50,True
SVC,overall,"c - {'C': 1, 'kernel': 'rbf', 'random_state': 42}",PBU,189,73,62,120,188,73,62,121,0.7529880478087649,0.6116504854368932,0.675,0.5900900900900901,0.752,0.6084142394822006,0.6726296958855098,0.5878378378378378,0.5776113671274962,0.5759984639016897,-0.0009880478087649,-0.0032362459546925,-0.0023703041144902,-0.0022522522522522,-0.0016129032258064,exp4-Kendals-PBU,True
