model,iteration,hyperparameters,target,tp_c,tn_c,fp_c,fn_c,tp_cw,tn_cw,fp_cw,fn_cw,precision_c,recall_c,f1_c,accuracy_c,precision_cw,recall_cw,f1_cw,accuracy_cw,auc_c,auc_cw,diff_precision,diff_recall,diff_f1,diff_accuracy,diff_auc,experiment,use_smote
SVC,overall,"c - {'kernel': 'rbf', 'random_state': 42, 'C': 0.1}",ABU50,148,123,98,75,148,123,98,75,0.6016260162601627,0.6636771300448431,0.6311300639658849,0.6103603603603603,0.6016260162601627,0.6636771300448431,0.6311300639658849,0.6103603603603603,0.6103754940711463,0.6103754940711463,0.0,0.0,0.0,0.0,0.0,exp2-Kendals-ABU50,False
SVC,overall,"c - {'kernel': 'sigmoid', 'random_state': 42, 'C': 10}",BD50,8,313,45,78,8,313,45,78,0.1509433962264151,0.0930232558139534,0.1151079136690647,0.722972972972973,0.1509433962264151,0.0930232558139534,0.1151079136690647,0.722972972972973,0.483015873015873,0.483015873015873,0.0,0.0,0.0,0.0,0.0,exp3-Kendals-BD50,False
SVC,overall,"c - {'kernel': 'rbf', 'random_state': 42, 'C': 0.1}",PBU,309,0,135,0,309,0,135,0,0.6959459459459459,1.0,0.8207171314741035,0.6959459459459459,0.6959459459459459,1.0,0.8207171314741035,0.6959459459459459,0.5,0.5,0.0,0.0,0.0,0.0,0.0,exp1-Kendals-PBU,False
