dataset,snippet,metric,metric_value,#_of_warnings,tool,dataset_id,metric_type,expected_cor
1,1,correct_output_rating,1.2195121951219512,1,all_tools,1,correctness,negative
1,2,correct_output_rating,1.951219512195122,1,all_tools,1,correctness,negative
1,3,correct_output_rating,1.4878048780487805,1,all_tools,1,correctness,negative
1,4,correct_output_rating,1.4878048780487805,3,all_tools,1,correctness,negative
1,5,correct_output_rating,1.4390243902439024,4,all_tools,1,correctness,negative
1,6,correct_output_rating,1.7804878048780488,2,all_tools,1,correctness,negative
1,7,correct_output_rating,1.804878048780488,1,all_tools,1,correctness,negative
1,8,correct_output_rating,1.4634146341463414,2,all_tools,1,correctness,negative
1,9,correct_output_rating,1.853658536585366,1,all_tools,1,correctness,negative
1,10,correct_output_rating,1.8780487804878048,0,all_tools,1,correctness,negative
1,11,correct_output_rating,1.6341463414634143,1,all_tools,1,correctness,negative
1,12,correct_output_rating,1.853658536585366,1,all_tools,1,correctness,negative
1,13,correct_output_rating,2.0,0,all_tools,1,correctness,negative
1,14,correct_output_rating,1.902439024390244,3,all_tools,1,correctness,negative
1,15,correct_output_rating,0.7804878048780488,9,all_tools,1,correctness,negative
1,16,correct_output_rating,1.951219512195122,0,all_tools,1,correctness,negative
1,17,correct_output_rating,1.6585365853658536,0,all_tools,1,correctness,negative
1,18,correct_output_rating,1.3902439024390243,2,all_tools,1,correctness,negative
1,19,correct_output_rating,1.3902439024390243,10,all_tools,1,correctness,negative
1,20,correct_output_rating,1.3902439024390243,0,all_tools,1,correctness,negative
1,21,correct_output_rating,1.3902439024390243,5,all_tools,1,correctness,negative
1,22,correct_output_rating,1.3902439024390243,0,all_tools,1,correctness,negative
1,23,correct_output_rating,1.829268292682927,3,all_tools,1,correctness,negative
1,1,output_difficulty,3.1707317073170733,1,all_tools,1,rating,negative
1,2,output_difficulty,2.975609756097561,1,all_tools,1,rating,negative
1,3,output_difficulty,2.3902439024390243,1,all_tools,1,rating,negative
1,4,output_difficulty,2.414634146341464,3,all_tools,1,rating,negative
1,5,output_difficulty,1.975609756097561,4,all_tools,1,rating,negative
1,6,output_difficulty,3.1219512195121952,2,all_tools,1,rating,negative
1,7,output_difficulty,3.2195121951219514,1,all_tools,1,rating,negative
1,8,output_difficulty,2.3902439024390243,2,all_tools,1,rating,negative
1,9,output_difficulty,3.1707317073170733,1,all_tools,1,rating,negative
1,10,output_difficulty,3.634146341463415,0,all_tools,1,rating,negative
1,11,output_difficulty,3.097560975609756,1,all_tools,1,rating,negative
1,12,output_difficulty,3.341463414634146,1,all_tools,1,rating,negative
1,13,output_difficulty,3.731707317073171,0,all_tools,1,rating,negative
1,14,output_difficulty,3.4878048780487805,3,all_tools,1,rating,negative
1,15,output_difficulty,1.0731707317073171,9,all_tools,1,rating,negative
1,16,output_difficulty,3.7804878048780486,0,all_tools,1,rating,negative
1,17,output_difficulty,3.048780487804878,0,all_tools,1,rating,negative
1,18,output_difficulty,2.317073170731707,2,all_tools,1,rating,negative
1,19,output_difficulty,1.902439024390244,10,all_tools,1,rating,negative
1,20,output_difficulty,3.1951219512195124,0,all_tools,1,rating,negative
1,21,output_difficulty,2.4878048780487805,5,all_tools,1,rating,negative
1,22,output_difficulty,2.3902439024390243,0,all_tools,1,rating,negative
1,23,output_difficulty,3.414634146341464,3,all_tools,1,rating,negative
1,1,time_to_give_output,68.01441463414633,1,all_tools,1,time,positive
1,2,time_to_give_output,100.26741463414632,1,all_tools,1,time,positive
1,3,time_to_give_output,132.46873170731706,1,all_tools,1,time,positive
1,4,time_to_give_output,154.64156097560976,3,all_tools,1,time,positive
1,5,time_to_give_output,211.48453658536584,4,all_tools,1,time,positive
1,6,time_to_give_output,70.5109512195122,2,all_tools,1,time,positive
1,7,time_to_give_output,66.04860975609758,1,all_tools,1,time,positive
1,8,time_to_give_output,104.82602439024387,2,all_tools,1,time,positive
1,9,time_to_give_output,65.42085365853657,1,all_tools,1,time,positive
1,10,time_to_give_output,42.58580487804878,0,all_tools,1,time,positive
1,11,time_to_give_output,65.47378048780489,1,all_tools,1,time,positive
1,12,time_to_give_output,59.81002439024391,1,all_tools,1,time,positive
1,13,time_to_give_output,37.42529268292683,0,all_tools,1,time,positive
1,14,time_to_give_output,48.39470731707317,3,all_tools,1,time,positive
1,15,time_to_give_output,355.3091707317073,9,all_tools,1,time,positive
1,16,time_to_give_output,20.50239024390244,0,all_tools,1,time,positive
1,17,time_to_give_output,99.98841463414637,0,all_tools,1,time,positive
1,18,time_to_give_output,132.07892682926828,2,all_tools,1,time,positive
1,19,time_to_give_output,145.2398292682927,10,all_tools,1,time,positive
1,20,time_to_give_output,80.62182926829269,0,all_tools,1,time,positive
1,21,time_to_give_output,89.93921951219512,5,all_tools,1,time,positive
1,22,time_to_give_output,86.29456097560976,0,all_tools,1,time,positive
1,23,time_to_give_output,54.50070731707317,3,all_tools,1,time,positive
2,1,brain_deact_31ant,-0.456862813,1,all_tools,2,physiological,negative
2,2,brain_deact_31ant,-0.627872625,1,all_tools,2,physiological,negative
2,3,brain_deact_31ant,-0.569892688,1,all_tools,2,physiological,negative
2,4,brain_deact_31ant,-0.724818625,2,all_tools,2,physiological,negative
2,5,brain_deact_31ant,-0.461402625,0,all_tools,2,physiological,negative
2,6,brain_deact_31ant,-0.573933125,1,all_tools,2,physiological,negative
2,7,brain_deact_31ant,-0.400142063,0,all_tools,2,physiological,negative
2,8,brain_deact_31ant,-0.6289035,3,all_tools,2,physiological,negative
2,9,brain_deact_31ant,-0.512648188,0,all_tools,2,physiological,negative
2,10,brain_deact_31ant,-0.8140095,0,all_tools,2,physiological,negative
2,11,brain_deact_31ant,-0.799689,5,all_tools,2,physiological,negative
2,12,brain_deact_31ant,-0.754594875,0,all_tools,2,physiological,negative
2,1,brain_deact_31post,-0.680167625,1,all_tools,2,physiological,negative
2,2,brain_deact_31post,-0.58754025,1,all_tools,2,physiological,negative
2,3,brain_deact_31post,-0.484311125,1,all_tools,2,physiological,negative
2,4,brain_deact_31post,-0.755176125,2,all_tools,2,physiological,negative
2,5,brain_deact_31post,-0.504249125,0,all_tools,2,physiological,negative
2,6,brain_deact_31post,-0.531375313,1,all_tools,2,physiological,negative
2,7,brain_deact_31post,-0.452398375,0,all_tools,2,physiological,negative
2,8,brain_deact_31post,-0.787476813,3,all_tools,2,physiological,negative
2,9,brain_deact_31post,-0.474544625,0,all_tools,2,physiological,negative
2,10,brain_deact_31post,-0.827268563,0,all_tools,2,physiological,negative
2,11,brain_deact_31post,-0.825552875,5,all_tools,2,physiological,negative
2,12,brain_deact_31post,-0.743071875,0,all_tools,2,physiological,negative
2,1,brain_deact_32,-0.567438063,1,all_tools,2,physiological,negative
2,2,brain_deact_32,-0.760412688,1,all_tools,2,physiological,negative
2,3,brain_deact_32,-0.80337975,1,all_tools,2,physiological,negative
2,4,brain_deact_32,-0.853813313,2,all_tools,2,physiological,negative
2,5,brain_deact_32,-0.534999375,0,all_tools,2,physiological,negative
2,6,brain_deact_32,-0.833937188,1,all_tools,2,physiological,negative
2,7,brain_deact_32,-0.44148875,0,all_tools,2,physiological,negative
2,8,brain_deact_32,-0.687596375,3,all_tools,2,physiological,negative
2,9,brain_deact_32,-0.513088813,0,all_tools,2,physiological,negative
2,10,brain_deact_32,-1.045516125,0,all_tools,2,physiological,negative
2,11,brain_deact_32,-1.065309875,5,all_tools,2,physiological,negative
2,12,brain_deact_32,-0.810991375,0,all_tools,2,physiological,negative
2,1,time_to_understand,277998.6875,1,all_tools,2,time,positive
2,2,time_to_understand,379138.5,1,all_tools,2,time,positive
2,3,time_to_understand,282050.625,1,all_tools,2,time,positive
2,4,time_to_understand,328751.1875,2,all_tools,2,time,positive
2,5,time_to_understand,228106.875,0,all_tools,2,time,positive
2,6,time_to_understand,256201.1875,1,all_tools,2,time,positive
2,7,time_to_understand,173291.875,0,all_tools,2,time,positive
2,8,time_to_understand,253121.6875,3,all_tools,2,time,positive
2,9,time_to_understand,368599.625,0,all_tools,2,time,positive
2,10,time_to_understand,288200.0,0,all_tools,2,time,positive
2,11,time_to_understand,513357.5625,5,all_tools,2,time,positive
2,12,time_to_understand,432204.875,0,all_tools,2,time,positive
3,1,readability_level,2.99,6,all_tools,3,rating,negative
3,2,readability_level,3.74,9,all_tools,3,rating,negative
3,3,readability_level,2.69,12,all_tools,3,rating,negative
3,4,readability_level,4.03,3,all_tools,3,rating,negative
3,5,readability_level,4.18,3,all_tools,3,rating,negative
3,6,readability_level,2.18,2,all_tools,3,rating,negative
3,7,readability_level,3.62,0,all_tools,3,rating,negative
3,8,readability_level,2.86,7,all_tools,3,rating,negative
3,9,readability_level,4.13,5,all_tools,3,rating,negative
3,10,readability_level,3.35,7,all_tools,3,rating,negative
3,11,readability_level,3.64,1,all_tools,3,rating,negative
3,12,readability_level,3.53,4,all_tools,3,rating,negative
3,13,readability_level,3.03,0,all_tools,3,rating,negative
3,14,readability_level,4.05,4,all_tools,3,rating,negative
3,15,readability_level,1.82,12,all_tools,3,rating,negative
3,16,readability_level,2.9,1,all_tools,3,rating,negative
3,17,readability_level,3.74,4,all_tools,3,rating,negative
3,18,readability_level,2.46,15,all_tools,3,rating,negative
3,19,readability_level,3.56,3,all_tools,3,rating,negative
3,20,readability_level,3.26,1,all_tools,3,rating,negative
3,21,readability_level,3.73,1,all_tools,3,rating,negative
3,22,readability_level,2.73,23,all_tools,3,rating,negative
3,23,readability_level,3.94,17,all_tools,3,rating,negative
3,24,readability_level,3.48,4,all_tools,3,rating,negative
3,25,readability_level,2.09,20,all_tools,3,rating,negative
3,26,readability_level,2.37,29,all_tools,3,rating,negative
3,27,readability_level,3.76,9,all_tools,3,rating,negative
3,28,readability_level,2.86,3,all_tools,3,rating,negative
3,29,readability_level,3.96,3,all_tools,3,rating,negative
3,30,readability_level,2.78,5,all_tools,3,rating,negative
3,31,readability_level,3.27,5,all_tools,3,rating,negative
3,32,readability_level,4.22,6,all_tools,3,rating,negative
3,33,readability_level,4.02,3,all_tools,3,rating,negative
3,34,readability_level,4.35,6,all_tools,3,rating,negative
3,35,readability_level,2.0,16,all_tools,3,rating,negative
3,36,readability_level,2.52,18,all_tools,3,rating,negative
3,37,readability_level,2.57,19,all_tools,3,rating,negative
3,38,readability_level,2.77,19,all_tools,3,rating,negative
3,39,readability_level,2.96,30,all_tools,3,rating,negative
3,40,readability_level,2.9,2,all_tools,3,rating,negative
3,41,readability_level,2.41,6,all_tools,3,rating,negative
3,42,readability_level,3.08,0,all_tools,3,rating,negative
3,43,readability_level,3.28,0,all_tools,3,rating,negative
3,44,readability_level,4.07,6,all_tools,3,rating,negative
3,45,readability_level,3.84,21,all_tools,3,rating,negative
3,46,readability_level,3.76,15,all_tools,3,rating,negative
3,47,readability_level,3.88,17,all_tools,3,rating,negative
3,48,readability_level,3.93,4,all_tools,3,rating,negative
3,49,readability_level,4.05,18,all_tools,3,rating,negative
3,50,readability_level,4.16,1,all_tools,3,rating,negative
3,51,readability_level,3.92,1,all_tools,3,rating,negative
3,52,readability_level,2.63,21,all_tools,3,rating,negative
3,53,readability_level,2.72,9,all_tools,3,rating,negative
3,54,readability_level,3.6,4,all_tools,3,rating,negative
3,55,readability_level,2.71,6,all_tools,3,rating,negative
3,56,readability_level,3.61,5,all_tools,3,rating,negative
3,57,readability_level,3.6,18,all_tools,3,rating,negative
3,58,readability_level,2.4,21,all_tools,3,rating,negative
3,59,readability_level,3.83,4,all_tools,3,rating,negative
3,60,readability_level,3.88,3,all_tools,3,rating,negative
3,61,readability_level,3.77,17,all_tools,3,rating,negative
3,62,readability_level,3.47,18,all_tools,3,rating,negative
3,63,readability_level,2.64,4,all_tools,3,rating,negative
3,64,readability_level,3.59,21,all_tools,3,rating,negative
3,65,readability_level,3.2,4,all_tools,3,rating,negative
3,66,readability_level,2.59,20,all_tools,3,rating,negative
3,67,readability_level,4.02,0,all_tools,3,rating,negative
3,68,readability_level,3.35,0,all_tools,3,rating,negative
3,69,readability_level,2.92,19,all_tools,3,rating,negative
3,70,readability_level,2.39,10,all_tools,3,rating,negative
3,71,readability_level,3.69,1,all_tools,3,rating,negative
3,72,readability_level,2.86,17,all_tools,3,rating,negative
3,73,readability_level,3.38,2,all_tools,3,rating,negative
3,74,readability_level,3.82,8,all_tools,3,rating,negative
3,75,readability_level,3.39,5,all_tools,3,rating,negative
3,76,readability_level,3.49,18,all_tools,3,rating,negative
3,77,readability_level,2.72,20,all_tools,3,rating,negative
3,78,readability_level,2.28,4,all_tools,3,rating,negative
3,79,readability_level,3.34,31,all_tools,3,rating,negative
3,80,readability_level,4.15,1,all_tools,3,rating,negative
3,81,readability_level,3.93,16,all_tools,3,rating,negative
3,82,readability_level,4.0,17,all_tools,3,rating,negative
3,83,readability_level,2.76,17,all_tools,3,rating,negative
3,84,readability_level,3.94,6,all_tools,3,rating,negative
3,85,readability_level,3.61,18,all_tools,3,rating,negative
3,86,readability_level,2.62,6,all_tools,3,rating,negative
3,87,readability_level,2.87,3,all_tools,3,rating,negative
3,88,readability_level,3.23,0,all_tools,3,rating,negative
3,89,readability_level,4.28,17,all_tools,3,rating,negative
3,90,readability_level,3.35,17,all_tools,3,rating,negative
3,91,readability_level,2.08,2,all_tools,3,rating,negative
3,92,readability_level,3.36,3,all_tools,3,rating,negative
3,93,readability_level,2.36,18,all_tools,3,rating,negative
3,94,readability_level,4.07,17,all_tools,3,rating,negative
3,95,readability_level,3.18,17,all_tools,3,rating,negative
3,96,readability_level,3.81,1,all_tools,3,rating,negative
3,97,readability_level,2.9,18,all_tools,3,rating,negative
3,98,readability_level,3.0,17,all_tools,3,rating,negative
3,99,readability_level,2.95,17,all_tools,3,rating,negative
3,100,readability_level,2.12,19,all_tools,3,rating,negative
6,1,correct_verif_questions,0.3703703703703704,257,all_tools,6,correctness,negative
6,2,correct_verif_questions,0.4074074074074073,239,all_tools,6,correctness,negative
6,3,correct_verif_questions,0.4166666666666667,172,all_tools,6,correctness,negative
6,4,correct_verif_questions,0.4074074074074075,119,all_tools,6,correctness,negative
6,5,correct_verif_questions,0.5925925925925927,46,all_tools,6,correctness,negative
6,6,correct_verif_questions,0.4444444444444443,0,all_tools,6,correctness,negative
6,7,correct_verif_questions,0.4444444444444445,0,all_tools,6,correctness,negative
6,8,correct_verif_questions,0.2962962962962963,0,all_tools,6,correctness,negative
6,9,correct_verif_questions,0.5185185185185186,0,all_tools,6,correctness,negative
6,10,correct_verif_questions,0.4814814814814815,0,all_tools,6,correctness,negative
6,11,correct_verif_questions,0.1851851851851851,0,all_tools,6,correctness,negative
6,12,correct_verif_questions,0.5185185185185186,0,all_tools,6,correctness,negative
6,13,correct_verif_questions,0.4074074074074073,0,all_tools,6,correctness,negative
6,14,correct_verif_questions,0.2592592592592592,0,all_tools,6,correctness,negative
6,15,correct_verif_questions,0.4074074074074075,0,all_tools,6,correctness,negative
6,16,correct_verif_questions,0.2222222222222222,0,all_tools,6,correctness,negative
6,17,correct_verif_questions,0.4444444444444444,0,all_tools,6,correctness,negative
6,18,correct_verif_questions,0.2962962962962963,0,all_tools,6,correctness,negative
6,19,correct_verif_questions,0.6296296296296299,0,all_tools,6,correctness,negative
6,20,correct_verif_questions,0.7407407407407408,0,all_tools,6,correctness,negative
6,21,correct_verif_questions,0.074074074074074,0,all_tools,6,correctness,negative
6,22,correct_verif_questions,0.1111111111111111,0,all_tools,6,correctness,negative
6,23,correct_verif_questions,0.5925925925925926,0,all_tools,6,correctness,negative
6,24,correct_verif_questions,0.5185185185185186,0,all_tools,6,correctness,negative
6,25,correct_verif_questions,0.5925925925925928,0,all_tools,6,correctness,negative
6,26,correct_verif_questions,0.2592592592592593,0,all_tools,6,correctness,negative
6,27,correct_verif_questions,0.7407407407407408,0,all_tools,6,correctness,negative
6,28,correct_verif_questions,0.3703703703703704,0,all_tools,6,correctness,negative
6,29,correct_verif_questions,0.4074074074074074,0,all_tools,6,correctness,negative
6,30,correct_verif_questions,0.2592592592592591,0,all_tools,6,correctness,negative
6,31,correct_verif_questions,0.777777777777778,0,all_tools,6,correctness,negative
6,32,correct_verif_questions,0.777777777777778,0,all_tools,6,correctness,negative
6,33,correct_verif_questions,0.5555555555555556,0,all_tools,6,correctness,negative
6,34,correct_verif_questions,0.4814814814814816,0,all_tools,6,correctness,negative
6,35,correct_verif_questions,0.3703703703703703,0,all_tools,6,correctness,negative
6,36,correct_verif_questions,0.5555555555555556,0,all_tools,6,correctness,negative
6,37,correct_verif_questions,0.7407407407407409,0,all_tools,6,correctness,negative
6,38,correct_verif_questions,0.4444444444444444,0,all_tools,6,correctness,negative
6,39,correct_verif_questions,0.4814814814814815,0,all_tools,6,correctness,negative
6,40,correct_verif_questions,0.2592592592592591,0,all_tools,6,correctness,negative
6,41,correct_verif_questions,0.3333333333333335,0,all_tools,6,correctness,negative
6,42,correct_verif_questions,0.2083333333333333,0,all_tools,6,correctness,negative
6,43,correct_verif_questions,0.5416666666666667,0,all_tools,6,correctness,negative
6,44,correct_verif_questions,0.2916666666666667,0,all_tools,6,correctness,negative
6,45,correct_verif_questions,0.4166666666666668,0,all_tools,6,correctness,negative
6,46,correct_verif_questions,0.7037037037037038,0,all_tools,6,correctness,negative
6,47,correct_verif_questions,0.4444444444444444,0,all_tools,6,correctness,negative
6,48,correct_verif_questions,0.8148148148148149,0,all_tools,6,correctness,negative
6,49,correct_verif_questions,0.4074074074074073,0,all_tools,6,correctness,negative
6,50,correct_verif_questions,0.3333333333333334,0,all_tools,6,correctness,negative
6,1,binary_understandability,0.5555555555555556,257,all_tools,6,rating,negative
6,2,binary_understandability,0.8888888888888888,239,all_tools,6,rating,negative
6,3,binary_understandability,0.625,172,all_tools,6,rating,negative
6,4,binary_understandability,0.6666666666666666,119,all_tools,6,rating,negative
6,5,binary_understandability,0.7777777777777778,46,all_tools,6,rating,negative
6,6,binary_understandability,0.8888888888888888,0,all_tools,6,rating,negative
6,7,binary_understandability,0.7777777777777778,0,all_tools,6,rating,negative
6,8,binary_understandability,0.5555555555555556,0,all_tools,6,rating,negative
6,9,binary_understandability,0.7777777777777778,0,all_tools,6,rating,negative
6,10,binary_understandability,0.7777777777777778,0,all_tools,6,rating,negative
6,11,binary_understandability,0.5555555555555556,0,all_tools,6,rating,negative
6,12,binary_understandability,0.6666666666666666,0,all_tools,6,rating,negative
6,13,binary_understandability,0.6666666666666666,0,all_tools,6,rating,negative
6,14,binary_understandability,0.5555555555555556,0,all_tools,6,rating,negative
6,15,binary_understandability,0.6666666666666666,0,all_tools,6,rating,negative
6,16,binary_understandability,0.4444444444444444,0,all_tools,6,rating,negative
6,17,binary_understandability,0.6666666666666666,0,all_tools,6,rating,negative
6,18,binary_understandability,0.4444444444444444,0,all_tools,6,rating,negative
6,19,binary_understandability,0.8888888888888888,0,all_tools,6,rating,negative
6,20,binary_understandability,0.8888888888888888,0,all_tools,6,rating,negative
6,21,binary_understandability,0.2222222222222222,0,all_tools,6,rating,negative
6,22,binary_understandability,0.2222222222222222,0,all_tools,6,rating,negative
6,23,binary_understandability,0.8888888888888888,0,all_tools,6,rating,negative
6,24,binary_understandability,0.6666666666666666,0,all_tools,6,rating,negative
6,25,binary_understandability,0.7777777777777778,0,all_tools,6,rating,negative
6,26,binary_understandability,0.4444444444444444,0,all_tools,6,rating,negative
6,27,binary_understandability,0.7777777777777778,0,all_tools,6,rating,negative
6,28,binary_understandability,0.4444444444444444,0,all_tools,6,rating,negative
6,29,binary_understandability,0.5555555555555556,0,all_tools,6,rating,negative
6,30,binary_understandability,0.6666666666666666,0,all_tools,6,rating,negative
6,31,binary_understandability,1.0,0,all_tools,6,rating,negative
6,32,binary_understandability,1.0,0,all_tools,6,rating,negative
6,33,binary_understandability,0.8888888888888888,0,all_tools,6,rating,negative
6,34,binary_understandability,0.6666666666666666,0,all_tools,6,rating,negative
6,35,binary_understandability,0.6666666666666666,0,all_tools,6,rating,negative
6,36,binary_understandability,0.7777777777777778,0,all_tools,6,rating,negative
6,37,binary_understandability,1.0,0,all_tools,6,rating,negative
6,38,binary_understandability,0.6666666666666666,0,all_tools,6,rating,negative
6,39,binary_understandability,0.7777777777777778,0,all_tools,6,rating,negative
6,40,binary_understandability,0.6666666666666666,0,all_tools,6,rating,negative
6,41,binary_understandability,0.5,0,all_tools,6,rating,negative
6,42,binary_understandability,0.375,0,all_tools,6,rating,negative
6,43,binary_understandability,0.875,0,all_tools,6,rating,negative
6,44,binary_understandability,0.625,0,all_tools,6,rating,negative
6,45,binary_understandability,0.75,0,all_tools,6,rating,negative
6,46,binary_understandability,1.0,0,all_tools,6,rating,negative
6,47,binary_understandability,0.7777777777777778,0,all_tools,6,rating,negative
6,48,binary_understandability,1.0,0,all_tools,6,rating,negative
6,49,binary_understandability,0.7777777777777778,0,all_tools,6,rating,negative
6,50,binary_understandability,0.5555555555555556,0,all_tools,6,rating,negative
6,1,time_to_understand,74.4,257,all_tools,6,time,positive
6,2,time_to_understand,73.75,239,all_tools,6,time,positive
6,3,time_to_understand,59.8,172,all_tools,6,time,positive
6,4,time_to_understand,60.5,119,all_tools,6,time,positive
6,5,time_to_understand,66.14285714285714,46,all_tools,6,time,positive
6,6,time_to_understand,82.625,0,all_tools,6,time,positive
6,7,time_to_understand,257.42857142857144,0,all_tools,6,time,positive
6,8,time_to_understand,81.4,0,all_tools,6,time,positive
6,9,time_to_understand,170.28571428571428,0,all_tools,6,time,positive
6,10,time_to_understand,153.57142857142858,0,all_tools,6,time,positive
6,11,time_to_understand,241.4,0,all_tools,6,time,positive
6,12,time_to_understand,62.333333333333336,0,all_tools,6,time,positive
6,13,time_to_understand,53.66666666666666,0,all_tools,6,time,positive
6,14,time_to_understand,94.2,0,all_tools,6,time,positive
6,15,time_to_understand,113.66666666666669,0,all_tools,6,time,positive
6,16,time_to_understand,202.25,0,all_tools,6,time,positive
6,17,time_to_understand,237.33333333333331,0,all_tools,6,time,positive
6,18,time_to_understand,151.5,0,all_tools,6,time,positive
6,19,time_to_understand,435.5,0,all_tools,6,time,positive
6,20,time_to_understand,102.5,0,all_tools,6,time,positive
6,21,time_to_understand,172.5,0,all_tools,6,time,positive
6,22,time_to_understand,28.0,0,all_tools,6,time,positive
6,23,time_to_understand,264.25,0,all_tools,6,time,positive
6,24,time_to_understand,163.5,0,all_tools,6,time,positive
6,25,time_to_understand,48.85714285714285,0,all_tools,6,time,positive
6,26,time_to_understand,57.5,0,all_tools,6,time,positive
6,27,time_to_understand,144.71428571428572,0,all_tools,6,time,positive
6,28,time_to_understand,270.25,0,all_tools,6,time,positive
6,29,time_to_understand,51.6,0,all_tools,6,time,positive
6,30,time_to_understand,159.5,0,all_tools,6,time,positive
6,31,time_to_understand,50.888888888888886,0,all_tools,6,time,positive
6,32,time_to_understand,83.55555555555556,0,all_tools,6,time,positive
6,33,time_to_understand,122.125,0,all_tools,6,time,positive
6,34,time_to_understand,82.5,0,all_tools,6,time,positive
6,35,time_to_understand,83.33333333333333,0,all_tools,6,time,positive
6,36,time_to_understand,74.57142857142857,0,all_tools,6,time,positive
6,37,time_to_understand,238.44444444444449,0,all_tools,6,time,positive
6,38,time_to_understand,66.16666666666667,0,all_tools,6,time,positive
6,39,time_to_understand,101.85714285714286,0,all_tools,6,time,positive
6,40,time_to_understand,247.0,0,all_tools,6,time,positive
6,41,time_to_understand,195.5,0,all_tools,6,time,positive
6,42,time_to_understand,318.0,0,all_tools,6,time,positive
6,43,time_to_understand,47.85714285714285,0,all_tools,6,time,positive
6,44,time_to_understand,391.0,0,all_tools,6,time,positive
6,45,time_to_understand,162.16666666666666,0,all_tools,6,time,positive
6,46,time_to_understand,55.66666666666666,0,all_tools,6,time,positive
6,47,time_to_understand,85.42857142857143,0,all_tools,6,time,positive
6,48,time_to_understand,117.88888888888889,0,all_tools,6,time,positive
6,49,time_to_understand,85.57142857142857,0,all_tools,6,time,positive
6,50,time_to_understand,238.0,0,all_tools,6,time,positive
63,1,adjusted_gaze_sig,0.9762631428571428,96,all_tools,63,physiological,positive
63,2,adjusted_gaze_sig,0.8230961666666666,89,all_tools,63,physiological,positive
63,3,adjusted_gaze_sig,0.5625836166666667,74,all_tools,63,physiological,positive
63,4,adjusted_gaze_sig,0.89375,77,all_tools,63,physiological,positive
63,5,adjusted_gaze_sig,2.6371384000000004,79,all_tools,63,physiological,positive
63,6,adjusted_gaze_sig,0.743938,98,all_tools,63,physiological,positive
63,7,adjusted_gaze_sig,0.22781025,39,all_tools,63,physiological,positive
63,8,adjusted_gaze_sig,0.296709,71,all_tools,63,physiological,positive
63,9,adjusted_gaze_sig,0.9081988,34,all_tools,63,physiological,positive
63,10,adjusted_gaze_sig,1.328576,35,all_tools,63,physiological,positive
63,11,adjusted_gaze_sig,1.2333020000000003,57,all_tools,63,physiological,positive
63,12,adjusted_gaze_sig,0.62354116,76,all_tools,63,physiological,positive
63,13,adjusted_gaze_sig,7.25147,45,all_tools,63,physiological,positive
63,14,adjusted_gaze_sig,0.0,45,all_tools,63,physiological,positive
63,15,adjusted_gaze_sig,0.6652165666666668,26,all_tools,63,physiological,positive
63,16,adjusted_gaze_sig,0.5481481666666667,22,all_tools,63,physiological,positive
63,17,adjusted_gaze_sig,1.0767303333333331,0,all_tools,63,physiological,positive
63,18,adjusted_gaze_sig,1.75984745,0,all_tools,63,physiological,positive
63,19,adjusted_gaze_sig,0.362847,0,all_tools,63,physiological,positive
63,20,adjusted_gaze_sig,0.0,0,all_tools,63,physiological,positive
63,21,adjusted_gaze_sig,0.0,0,all_tools,63,physiological,positive
63,22,adjusted_gaze_sig,0.5865469125,0,all_tools,63,physiological,positive
63,23,adjusted_gaze_sig,0.413850625,0,all_tools,63,physiological,positive
63,24,adjusted_gaze_sig,0.9035215,0,all_tools,63,physiological,positive
63,25,adjusted_gaze_sig,0.98207,0,all_tools,63,physiological,positive
63,26,adjusted_gaze_sig,0.123751,0,all_tools,63,physiological,positive
63,27,adjusted_gaze_sig,0.0,0,all_tools,63,physiological,positive
63,28,adjusted_gaze_sig,0.393362,0,all_tools,63,physiological,positive
63,29,adjusted_gaze_sig,0.322672,0,all_tools,63,physiological,positive
63,30,adjusted_gaze_sig,1.1762729,0,all_tools,63,physiological,positive
63,31,adjusted_gaze_sig,0.56380175,0,all_tools,63,physiological,positive
63,32,adjusted_gaze_sig,0.867282125,0,all_tools,63,physiological,positive
63,33,adjusted_gaze_sig,1.227694,0,all_tools,63,physiological,positive
63,34,adjusted_gaze_sig,1.1920696666666664,0,all_tools,63,physiological,positive
63,35,adjusted_gaze_sig,0.5767354142857143,0,all_tools,63,physiological,positive
63,36,adjusted_gaze_sig,0.6708358571428573,0,all_tools,63,physiological,positive
63,37,adjusted_gaze_sig,0.7713289999999999,0,all_tools,63,physiological,positive
63,38,adjusted_gaze_sig,1.1950006666666666,0,all_tools,63,physiological,positive
63,39,adjusted_gaze_sig,1.5442762857142858,0,all_tools,63,physiological,positive
63,40,adjusted_gaze_sig,1.0439151428571427,0,all_tools,63,physiological,positive
63,41,adjusted_gaze_sig,0.0,0,all_tools,63,physiological,positive
63,42,adjusted_gaze_sig,0.0,0,all_tools,63,physiological,positive
63,43,adjusted_gaze_sig,0.0,0,all_tools,63,physiological,positive
63,44,adjusted_gaze_sig,0.0,0,all_tools,63,physiological,positive
63,45,adjusted_gaze_sig,0.0,0,all_tools,63,physiological,positive
63,46,adjusted_gaze_sig,0.0,0,all_tools,63,physiological,positive
63,47,adjusted_gaze_sig,0.0,0,all_tools,63,physiological,positive
63,48,adjusted_gaze_sig,0.0,0,all_tools,63,physiological,positive
63,49,adjusted_gaze_sig,0.0,0,all_tools,63,physiological,positive
63,50,adjusted_gaze_sig,0.0,0,all_tools,63,physiological,positive
63,51,adjusted_gaze_sig,0.0,0,all_tools,63,physiological,positive
63,52,adjusted_gaze_sig,0.0,0,all_tools,63,physiological,positive
63,53,adjusted_gaze_sig,0.0,0,all_tools,63,physiological,positive
63,54,adjusted_gaze_sig,0.0,0,all_tools,63,physiological,positive
63,55,adjusted_gaze_sig,0.0,0,all_tools,63,physiological,positive
63,56,adjusted_gaze_sig,0.0,0,all_tools,63,physiological,positive
63,57,adjusted_gaze_sig,0.0,0,all_tools,63,physiological,positive
63,58,adjusted_gaze_sig,0.0,0,all_tools,63,physiological,positive
63,59,adjusted_gaze_sig,0.0,0,all_tools,63,physiological,positive
63,60,adjusted_gaze_sig,0.0,0,all_tools,63,physiological,positive
63,61,adjusted_gaze_sig,0.0,0,all_tools,63,physiological,positive
63,62,adjusted_gaze_sig,0.0,0,all_tools,63,physiological,positive
63,63,adjusted_gaze_sig,0.0,0,all_tools,63,physiological,positive
63,64,adjusted_gaze_sig,0.0,0,all_tools,63,physiological,positive
63,1,adjusted_gaze_non_sig,1.0012627142857142,96,all_tools,63,physiological,positive
63,2,adjusted_gaze_non_sig,1.035382,89,all_tools,63,physiological,positive
63,3,adjusted_gaze_non_sig,1.0388815000000002,74,all_tools,63,physiological,positive
63,4,adjusted_gaze_non_sig,1.0066405,77,all_tools,63,physiological,positive
63,5,adjusted_gaze_non_sig,0.8035439999999999,79,all_tools,63,physiological,positive
63,6,adjusted_gaze_non_sig,1.0221293333333332,98,all_tools,63,physiological,positive
63,7,adjusted_gaze_non_sig,1.198565,39,all_tools,63,physiological,positive
63,8,adjusted_gaze_non_sig,1.18869,71,all_tools,63,physiological,positive
63,9,adjusted_gaze_non_sig,1.008346,34,all_tools,63,physiological,positive
63,10,adjusted_gaze_non_sig,0.94700475,35,all_tools,63,physiological,positive
63,11,adjusted_gaze_non_sig,0.9611160000000002,57,all_tools,63,physiological,positive
63,12,adjusted_gaze_non_sig,1.0597564,76,all_tools,63,physiological,positive
63,13,adjusted_gaze_non_sig,0.5688641666666666,45,all_tools,63,physiological,positive
63,14,adjusted_gaze_non_sig,1.06452,45,all_tools,63,physiological,positive
63,15,adjusted_gaze_non_sig,1.0464055,26,all_tools,63,physiological,positive
63,16,adjusted_gaze_non_sig,1.0779053333333335,22,all_tools,63,physiological,positive
63,17,adjusted_gaze_non_sig,0.9531083333333332,0,all_tools,63,physiological,positive
63,18,adjusted_gaze_non_sig,0.9831165,0,all_tools,63,physiological,positive
63,19,adjusted_gaze_non_sig,1.03982,0,all_tools,63,physiological,positive
63,20,adjusted_gaze_non_sig,1.13636,0,all_tools,63,physiological,positive
63,21,adjusted_gaze_non_sig,1.35294,0,all_tools,63,physiological,positive
63,22,adjusted_gaze_non_sig,1.036127625,0,all_tools,63,physiological,positive
63,23,adjusted_gaze_non_sig,1.183171625,0,all_tools,63,physiological,positive
63,24,adjusted_gaze_non_sig,1.00470625,0,all_tools,63,physiological,positive
63,25,adjusted_gaze_non_sig,1.0016315,0,all_tools,63,physiological,positive
63,26,adjusted_gaze_non_sig,1.1402,0,all_tools,63,physiological,positive
63,27,adjusted_gaze_non_sig,1.075,0,all_tools,63,physiological,positive
63,28,adjusted_gaze_non_sig,1.07137,0,all_tools,63,physiological,positive
63,29,adjusted_gaze_non_sig,1.079685,0,all_tools,63,physiological,positive
63,30,adjusted_gaze_non_sig,0.9843317500000002,0,all_tools,63,physiological,positive
63,31,adjusted_gaze_non_sig,1.049248625,0,all_tools,63,physiological,positive
63,32,adjusted_gaze_non_sig,1.00717325,0,all_tools,63,physiological,positive
63,33,adjusted_gaze_non_sig,0.988017,0,all_tools,63,physiological,positive
63,34,adjusted_gaze_non_sig,0.9819933333333332,0,all_tools,63,physiological,positive
63,35,adjusted_gaze_non_sig,1.0423244285714286,0,all_tools,63,physiological,positive
63,36,adjusted_gaze_non_sig,1.0173247142857142,0,all_tools,63,physiological,positive
63,37,adjusted_gaze_non_sig,1.024625,0,all_tools,63,physiological,positive
63,38,adjusted_gaze_non_sig,0.98172,0,all_tools,63,physiological,positive
63,39,adjusted_gaze_non_sig,0.9333551428571428,0,all_tools,63,physiological,positive
63,40,adjusted_gaze_non_sig,0.9987081428571428,0,all_tools,63,physiological,positive
63,41,adjusted_gaze_non_sig,0.0,0,all_tools,63,physiological,positive
63,42,adjusted_gaze_non_sig,0.0,0,all_tools,63,physiological,positive
63,43,adjusted_gaze_non_sig,0.0,0,all_tools,63,physiological,positive
63,44,adjusted_gaze_non_sig,0.0,0,all_tools,63,physiological,positive
63,45,adjusted_gaze_non_sig,0.0,0,all_tools,63,physiological,positive
63,46,adjusted_gaze_non_sig,0.0,0,all_tools,63,physiological,positive
63,47,adjusted_gaze_non_sig,0.0,0,all_tools,63,physiological,positive
63,48,adjusted_gaze_non_sig,0.0,0,all_tools,63,physiological,positive
63,49,adjusted_gaze_non_sig,0.0,0,all_tools,63,physiological,positive
63,50,adjusted_gaze_non_sig,0.0,0,all_tools,63,physiological,positive
63,51,adjusted_gaze_non_sig,0.0,0,all_tools,63,physiological,positive
63,52,adjusted_gaze_non_sig,0.0,0,all_tools,63,physiological,positive
63,53,adjusted_gaze_non_sig,0.0,0,all_tools,63,physiological,positive
63,54,adjusted_gaze_non_sig,0.0,0,all_tools,63,physiological,positive
63,55,adjusted_gaze_non_sig,0.0,0,all_tools,63,physiological,positive
63,56,adjusted_gaze_non_sig,0.0,0,all_tools,63,physiological,positive
63,57,adjusted_gaze_non_sig,0.0,0,all_tools,63,physiological,positive
63,58,adjusted_gaze_non_sig,0.0,0,all_tools,63,physiological,positive
63,59,adjusted_gaze_non_sig,0.0,0,all_tools,63,physiological,positive
63,60,adjusted_gaze_non_sig,0.0,0,all_tools,63,physiological,positive
63,61,adjusted_gaze_non_sig,0.0,0,all_tools,63,physiological,positive
63,62,adjusted_gaze_non_sig,0.0,0,all_tools,63,physiological,positive
63,63,adjusted_gaze_non_sig,0.0,0,all_tools,63,physiological,positive
63,64,adjusted_gaze_non_sig,0.0,0,all_tools,63,physiological,positive
63,1,adjusted_fix_sig,0.5704825714285715,96,all_tools,63,physiological,positive
63,2,adjusted_fix_sig,0.6598746666666667,89,all_tools,63,physiological,positive
63,3,adjusted_fix_sig,0.3057458333333333,74,all_tools,63,physiological,positive
63,4,adjusted_fix_sig,0.425,77,all_tools,63,physiological,positive
63,5,adjusted_fix_sig,2.9051914,79,all_tools,63,physiological,positive
63,6,adjusted_fix_sig,0.8669013333333334,98,all_tools,63,physiological,positive
63,7,adjusted_fix_sig,0.10787605,39,all_tools,63,physiological,positive
63,8,adjusted_fix_sig,0.241187,71,all_tools,63,physiological,positive
63,9,adjusted_fix_sig,0.6465266,34,all_tools,63,physiological,positive
63,10,adjusted_fix_sig,1.10297925,35,all_tools,63,physiological,positive
63,11,adjusted_fix_sig,1.2598273333333332,57,all_tools,63,physiological,positive
63,12,adjusted_fix_sig,0.5756184,76,all_tools,63,physiological,positive
63,13,adjusted_fix_sig,6.436988833333333,45,all_tools,63,physiological,positive
63,14,adjusted_fix_sig,0.0,45,all_tools,63,physiological,positive
63,15,adjusted_fix_sig,0.6469865333333333,26,all_tools,63,physiological,positive
63,16,adjusted_fix_sig,0.6525656666666667,22,all_tools,63,physiological,positive
63,17,adjusted_fix_sig,1.0895208333333335,0,all_tools,63,physiological,positive
63,18,adjusted_fix_sig,1.61501335,0,all_tools,63,physiological,positive
63,19,adjusted_fix_sig,0.468504,0,all_tools,63,physiological,positive
63,20,adjusted_fix_sig,0.0,0,all_tools,63,physiological,positive
63,21,adjusted_fix_sig,0.0,0,all_tools,63,physiological,positive
63,22,adjusted_fix_sig,0.369805775,0,all_tools,63,physiological,positive
63,23,adjusted_fix_sig,0.3446160625,0,all_tools,63,physiological,positive
63,24,adjusted_fix_sig,0.782111025,0,all_tools,63,physiological,positive
63,25,adjusted_fix_sig,0.6956899999999999,0,all_tools,63,physiological,positive
63,26,adjusted_fix_sig,0.0788045,0,all_tools,63,physiological,positive
63,27,adjusted_fix_sig,0.0,0,all_tools,63,physiological,positive
63,28,adjusted_fix_sig,0.95,0,all_tools,63,physiological,positive
63,29,adjusted_fix_sig,0.319328,0,all_tools,63,physiological,positive
63,30,adjusted_fix_sig,1.070199575,0,all_tools,63,physiological,positive
63,31,adjusted_fix_sig,0.359252225,0,all_tools,63,physiological,positive
63,32,adjusted_fix_sig,0.7660482500000001,0,all_tools,63,physiological,positive
63,33,adjusted_fix_sig,1.44020525,0,all_tools,63,physiological,positive
63,34,adjusted_fix_sig,0.8920514444444445,0,all_tools,63,physiological,positive
63,35,adjusted_fix_sig,0.6372011142857142,0,all_tools,63,physiological,positive
63,36,adjusted_fix_sig,0.5316787142857143,0,all_tools,63,physiological,positive
63,37,adjusted_fix_sig,0.828344,0,all_tools,63,physiological,positive
63,38,adjusted_fix_sig,0.5885861666666666,0,all_tools,63,physiological,positive
63,39,adjusted_fix_sig,0.7586309714285715,0,all_tools,63,physiological,positive
63,40,adjusted_fix_sig,0.9255011428571428,0,all_tools,63,physiological,positive
63,41,adjusted_fix_sig,0.0,0,all_tools,63,physiological,positive
63,42,adjusted_fix_sig,0.0,0,all_tools,63,physiological,positive
63,43,adjusted_fix_sig,0.0,0,all_tools,63,physiological,positive
63,44,adjusted_fix_sig,0.0,0,all_tools,63,physiological,positive
63,45,adjusted_fix_sig,0.0,0,all_tools,63,physiological,positive
63,46,adjusted_fix_sig,0.0,0,all_tools,63,physiological,positive
63,47,adjusted_fix_sig,0.0,0,all_tools,63,physiological,positive
63,48,adjusted_fix_sig,0.0,0,all_tools,63,physiological,positive
63,49,adjusted_fix_sig,0.0,0,all_tools,63,physiological,positive
63,50,adjusted_fix_sig,0.0,0,all_tools,63,physiological,positive
63,51,adjusted_fix_sig,0.0,0,all_tools,63,physiological,positive
63,52,adjusted_fix_sig,0.0,0,all_tools,63,physiological,positive
63,53,adjusted_fix_sig,0.0,0,all_tools,63,physiological,positive
63,54,adjusted_fix_sig,0.0,0,all_tools,63,physiological,positive
63,55,adjusted_fix_sig,0.0,0,all_tools,63,physiological,positive
63,56,adjusted_fix_sig,0.0,0,all_tools,63,physiological,positive
63,57,adjusted_fix_sig,0.0,0,all_tools,63,physiological,positive
63,58,adjusted_fix_sig,0.0,0,all_tools,63,physiological,positive
63,59,adjusted_fix_sig,0.0,0,all_tools,63,physiological,positive
63,60,adjusted_fix_sig,0.0,0,all_tools,63,physiological,positive
63,61,adjusted_fix_sig,0.0,0,all_tools,63,physiological,positive
63,62,adjusted_fix_sig,0.0,0,all_tools,63,physiological,positive
63,63,adjusted_fix_sig,0.0,0,all_tools,63,physiological,positive
63,64,adjusted_fix_sig,0.0,0,all_tools,63,physiological,positive
63,1,adjusted_fix_non_sig,1.022847142857143,96,all_tools,63,physiological,positive
63,2,adjusted_fix_non_sig,1.0680243333333332,89,all_tools,63,physiological,positive
63,3,adjusted_fix_non_sig,1.06171,74,all_tools,63,physiological,positive
63,4,adjusted_fix_non_sig,1.03594,77,all_tools,63,physiological,positive
63,5,adjusted_fix_non_sig,0.7713774,79,all_tools,63,physiological,positive
63,6,adjusted_fix_non_sig,1.0115040000000002,98,all_tools,63,physiological,positive
63,7,adjusted_fix_non_sig,1.2294025,39,all_tools,63,physiological,positive
63,8,adjusted_fix_non_sig,1.20358,71,all_tools,63,physiological,positive
63,9,adjusted_fix_non_sig,1.0321358,34,all_tools,63,physiological,positive
63,10,adjusted_fix_non_sig,0.98339175,35,all_tools,63,physiological,positive
63,11,adjusted_fix_non_sig,0.9566937333333334,57,all_tools,63,physiological,positive
63,12,adjusted_fix_non_sig,1.067363,76,all_tools,63,physiological,positive
63,13,adjusted_fix_non_sig,0.6250355,45,all_tools,63,physiological,positive
63,14,adjusted_fix_non_sig,1.06452,45,all_tools,63,physiological,positive
63,15,adjusted_fix_non_sig,1.0489339999999998,26,all_tools,63,physiological,positive
63,16,adjusted_fix_non_sig,1.0599005,22,all_tools,63,physiological,positive
63,17,adjusted_fix_non_sig,0.9452923333333332,0,all_tools,63,physiological,positive
63,18,adjusted_fix_non_sig,0.986333,0,all_tools,63,physiological,positive
63,19,adjusted_fix_non_sig,1.03322,0,all_tools,63,physiological,positive
63,20,adjusted_fix_non_sig,1.13636,0,all_tools,63,physiological,positive
63,21,adjusted_fix_non_sig,1.35294,0,all_tools,63,physiological,positive
63,22,adjusted_fix_non_sig,1.0550675,0,all_tools,63,physiological,positive
63,23,adjusted_fix_non_sig,1.2048075,0,all_tools,63,physiological,positive
63,24,adjusted_fix_non_sig,1.01062975,0,all_tools,63,physiological,positive
63,25,adjusted_fix_non_sig,1.027663,0,all_tools,63,physiological,positive
63,26,adjusted_fix_non_sig,1.14739,0,all_tools,63,physiological,positive
63,27,adjusted_fix_non_sig,1.075,0,all_tools,63,physiological,positive
63,28,adjusted_fix_non_sig,1.005884,0,all_tools,63,physiological,positive
63,29,adjusted_fix_non_sig,1.0800800000000002,0,all_tools,63,physiological,positive
63,30,adjusted_fix_non_sig,0.99375925,0,all_tools,63,physiological,positive
63,31,adjusted_fix_non_sig,1.07234375,0,all_tools,63,physiological,positive
63,32,adjusted_fix_non_sig,1.01264575,0,all_tools,63,physiological,positive
63,33,adjusted_fix_non_sig,0.976830625,0,all_tools,63,physiological,positive
63,34,adjusted_fix_non_sig,1.01012,0,all_tools,63,physiological,positive
63,35,adjusted_fix_non_sig,1.036279857142857,0,all_tools,63,physiological,positive
63,36,adjusted_fix_non_sig,1.0246478571428572,0,all_tools,63,physiological,positive
63,37,adjusted_fix_non_sig,1.0184845,0,all_tools,63,physiological,positive
63,38,adjusted_fix_non_sig,1.0385704999999998,0,all_tools,63,physiological,positive
63,39,adjusted_fix_non_sig,1.0295549999999998,0,all_tools,63,physiological,positive
63,40,adjusted_fix_non_sig,1.0021907142857145,0,all_tools,63,physiological,positive
63,41,adjusted_fix_non_sig,0.0,0,all_tools,63,physiological,positive
63,42,adjusted_fix_non_sig,0.0,0,all_tools,63,physiological,positive
63,43,adjusted_fix_non_sig,0.0,0,all_tools,63,physiological,positive
63,44,adjusted_fix_non_sig,0.0,0,all_tools,63,physiological,positive
63,45,adjusted_fix_non_sig,0.0,0,all_tools,63,physiological,positive
63,46,adjusted_fix_non_sig,0.0,0,all_tools,63,physiological,positive
63,47,adjusted_fix_non_sig,0.0,0,all_tools,63,physiological,positive
63,48,adjusted_fix_non_sig,0.0,0,all_tools,63,physiological,positive
63,49,adjusted_fix_non_sig,0.0,0,all_tools,63,physiological,positive
63,50,adjusted_fix_non_sig,0.0,0,all_tools,63,physiological,positive
63,51,adjusted_fix_non_sig,0.0,0,all_tools,63,physiological,positive
63,52,adjusted_fix_non_sig,0.0,0,all_tools,63,physiological,positive
63,53,adjusted_fix_non_sig,0.0,0,all_tools,63,physiological,positive
63,54,adjusted_fix_non_sig,0.0,0,all_tools,63,physiological,positive
63,55,adjusted_fix_non_sig,0.0,0,all_tools,63,physiological,positive
63,56,adjusted_fix_non_sig,0.0,0,all_tools,63,physiological,positive
63,57,adjusted_fix_non_sig,0.0,0,all_tools,63,physiological,positive
63,58,adjusted_fix_non_sig,0.0,0,all_tools,63,physiological,positive
63,59,adjusted_fix_non_sig,0.0,0,all_tools,63,physiological,positive
63,60,adjusted_fix_non_sig,0.0,0,all_tools,63,physiological,positive
63,61,adjusted_fix_non_sig,0.0,0,all_tools,63,physiological,positive
63,62,adjusted_fix_non_sig,0.0,0,all_tools,63,physiological,positive
63,63,adjusted_fix_non_sig,0.0,0,all_tools,63,physiological,positive
63,64,adjusted_fix_non_sig,0.0,0,all_tools,63,physiological,positive
63,1,adjusted_gaze_flow,0.8939634285714285,96,all_tools,63,physiological,positive
63,2,adjusted_gaze_flow,1.590968333333333,89,all_tools,63,physiological,positive
63,3,adjusted_gaze_flow,1.4814991666666668,74,all_tools,63,physiological,positive
63,4,adjusted_gaze_flow,0.8340995,77,all_tools,63,physiological,positive
63,5,adjusted_gaze_flow,0.8475556666666666,79,all_tools,63,physiological,positive
63,6,adjusted_gaze_flow,1.78484475,98,all_tools,63,physiological,positive
63,7,adjusted_gaze_flow,0.0,39,all_tools,63,physiological,positive
63,8,adjusted_gaze_flow,1.467374,71,all_tools,63,physiological,positive
63,9,adjusted_gaze_flow,1.788082775,34,all_tools,63,physiological,positive
63,10,adjusted_gaze_flow,1.1948017333333332,35,all_tools,63,physiological,positive
63,11,adjusted_gaze_flow,1.4922766,57,all_tools,63,physiological,positive
63,12,adjusted_gaze_flow,0.5471588333333334,76,all_tools,63,physiological,positive
63,13,adjusted_gaze_flow,0.271832,45,all_tools,63,physiological,positive
63,14,adjusted_gaze_flow,1.4582316666666666,45,all_tools,63,physiological,positive
63,15,adjusted_gaze_flow,1.6839356666666665,26,all_tools,63,physiological,positive
63,16,adjusted_gaze_flow,0.6687440000000001,22,all_tools,63,physiological,positive
63,17,adjusted_gaze_flow,0.91335,0,all_tools,63,physiological,positive
63,18,adjusted_gaze_flow,1.309525,0,all_tools,63,physiological,positive
63,19,adjusted_gaze_flow,2.64243,0,all_tools,63,physiological,positive
63,20,adjusted_gaze_flow,0.584649,0,all_tools,63,physiological,positive
63,21,adjusted_gaze_flow,0.953450875,0,all_tools,63,physiological,positive
63,22,adjusted_gaze_flow,1.2158466250000002,0,all_tools,63,physiological,positive
63,23,adjusted_gaze_flow,0.664894375,0,all_tools,63,physiological,positive
63,24,adjusted_gaze_flow,0.399041,0,all_tools,63,physiological,positive
63,25,adjusted_gaze_flow,1.2139950000000002,0,all_tools,63,physiological,positive
63,26,adjusted_gaze_flow,1.396597,0,all_tools,63,physiological,positive
63,27,adjusted_gaze_flow,0.59716,0,all_tools,63,physiological,positive
63,28,adjusted_gaze_flow,0.737054,0,all_tools,63,physiological,positive
63,29,adjusted_gaze_flow,1.049636,0,all_tools,63,physiological,positive
63,30,adjusted_gaze_flow,2.0015175000000003,0,all_tools,63,physiological,positive
63,31,adjusted_gaze_flow,0.910566875,0,all_tools,63,physiological,positive
63,32,adjusted_gaze_flow,1.62674875,0,all_tools,63,physiological,positive
63,33,adjusted_gaze_flow,0.8239138888888888,0,all_tools,63,physiological,positive
63,34,adjusted_gaze_flow,0.9286387142857144,0,all_tools,63,physiological,positive
63,35,adjusted_gaze_flow,1.2251139999999998,0,all_tools,63,physiological,positive
63,36,adjusted_gaze_flow,1.3266493333333331,0,all_tools,63,physiological,positive
63,37,adjusted_gaze_flow,0.841827,0,all_tools,63,physiological,positive
63,38,adjusted_gaze_flow,0.7460811428571429,0,all_tools,63,physiological,positive
63,39,adjusted_gaze_flow,0.0,0,all_tools,63,physiological,positive
63,40,adjusted_gaze_flow,0.0,0,all_tools,63,physiological,positive
63,41,adjusted_gaze_flow,0.0,0,all_tools,63,physiological,positive
63,42,adjusted_gaze_flow,0.0,0,all_tools,63,physiological,positive
63,43,adjusted_gaze_flow,0.0,0,all_tools,63,physiological,positive
63,44,adjusted_gaze_flow,0.0,0,all_tools,63,physiological,positive
63,45,adjusted_gaze_flow,0.0,0,all_tools,63,physiological,positive
63,46,adjusted_gaze_flow,0.0,0,all_tools,63,physiological,positive
63,47,adjusted_gaze_flow,0.0,0,all_tools,63,physiological,positive
63,48,adjusted_gaze_flow,0.0,0,all_tools,63,physiological,positive
63,49,adjusted_gaze_flow,0.0,0,all_tools,63,physiological,positive
63,50,adjusted_gaze_flow,0.0,0,all_tools,63,physiological,positive
63,51,adjusted_gaze_flow,0.0,0,all_tools,63,physiological,positive
63,52,adjusted_gaze_flow,0.0,0,all_tools,63,physiological,positive
63,53,adjusted_gaze_flow,0.0,0,all_tools,63,physiological,positive
63,54,adjusted_gaze_flow,0.0,0,all_tools,63,physiological,positive
63,55,adjusted_gaze_flow,0.0,0,all_tools,63,physiological,positive
63,56,adjusted_gaze_flow,0.0,0,all_tools,63,physiological,positive
63,57,adjusted_gaze_flow,0.0,0,all_tools,63,physiological,positive
63,58,adjusted_gaze_flow,0.0,0,all_tools,63,physiological,positive
63,59,adjusted_gaze_flow,0.0,0,all_tools,63,physiological,positive
63,60,adjusted_gaze_flow,0.0,0,all_tools,63,physiological,positive
63,61,adjusted_gaze_flow,0.0,0,all_tools,63,physiological,positive
63,62,adjusted_gaze_flow,0.0,0,all_tools,63,physiological,positive
63,63,adjusted_gaze_flow,0.0,0,all_tools,63,physiological,positive
63,64,adjusted_gaze_flow,0.0,0,all_tools,63,physiological,positive
63,1,adjusted_gaze_non_flow,1.0452225714285714,96,all_tools,63,physiological,positive
63,2,adjusted_gaze_non_flow,0.8153225000000001,89,all_tools,63,physiological,positive
63,3,adjusted_gaze_non_flow,0.9060483333333332,74,all_tools,63,physiological,positive
63,4,adjusted_gaze_non_flow,1.1235435,77,all_tools,63,physiological,positive
63,5,adjusted_gaze_non_flow,1.2018866666666668,79,all_tools,63,physiological,positive
63,6,adjusted_gaze_non_flow,0.96075875,98,all_tools,63,physiological,positive
63,7,adjusted_gaze_non_flow,1.02222,39,all_tools,63,physiological,positive
63,8,adjusted_gaze_non_flow,0.8504400000000001,71,all_tools,63,physiological,positive
63,9,adjusted_gaze_non_flow,0.97748425,34,all_tools,63,physiological,positive
63,10,adjusted_gaze_non_flow,0.9503439333333332,35,all_tools,63,physiological,positive
63,11,adjusted_gaze_non_flow,0.9097498,57,all_tools,63,physiological,positive
63,12,adjusted_gaze_non_flow,1.1378205,76,all_tools,63,physiological,positive
63,13,adjusted_gaze_non_flow,1.21845,45,all_tools,63,physiological,positive
63,14,adjusted_gaze_non_flow,0.7639411666666667,45,all_tools,63,physiological,positive
63,15,adjusted_gaze_non_flow,0.9316063333333332,26,all_tools,63,physiological,positive
63,16,adjusted_gaze_non_flow,1.0451714999999997,22,all_tools,63,physiological,positive
63,17,adjusted_gaze_non_flow,1.032905,0,all_tools,63,physiological,positive
63,18,adjusted_gaze_non_flow,0.850228,0,all_tools,63,physiological,positive
63,19,adjusted_gaze_non_flow,0.850688,0,all_tools,63,physiological,positive
63,20,adjusted_gaze_non_flow,1.06558,0,all_tools,63,physiological,positive
63,21,adjusted_gaze_non_flow,1.01070075,0,all_tools,63,physiological,positive
63,22,adjusted_gaze_non_flow,0.987782125,0,all_tools,63,physiological,positive
63,23,adjusted_gaze_non_flow,1.5445462499999998,0,all_tools,63,physiological,positive
63,24,adjusted_gaze_non_flow,1.115565,0,all_tools,63,physiological,positive
63,25,adjusted_gaze_non_flow,0.940281,0,all_tools,63,physiological,positive
63,26,adjusted_gaze_non_flow,0.9228835,0,all_tools,63,physiological,positive
63,27,adjusted_gaze_non_flow,1.1272135,0,all_tools,63,physiological,positive
63,28,adjusted_gaze_non_flow,1.08452,0,all_tools,63,physiological,positive
63,29,adjusted_gaze_non_flow,0.9702205,0,all_tools,63,physiological,positive
63,30,adjusted_gaze_non_flow,0.788140625,0,all_tools,63,physiological,positive
63,31,adjusted_gaze_non_flow,1.050549375,0,all_tools,63,physiological,positive
63,32,adjusted_gaze_non_flow,0.87032775,0,all_tools,63,physiological,positive
63,33,adjusted_gaze_non_flow,1.344346888888889,0,all_tools,63,physiological,positive
63,34,adjusted_gaze_non_flow,1.0558482857142857,0,all_tools,63,physiological,positive
63,35,adjusted_gaze_non_flow,0.938953125,0,all_tools,63,physiological,positive
63,36,adjusted_gaze_non_flow,0.9216045,0,all_tools,63,physiological,positive
63,37,adjusted_gaze_non_flow,1.036784,0,all_tools,63,physiological,positive
63,38,adjusted_gaze_non_flow,1.0149342857142856,0,all_tools,63,physiological,positive
63,39,adjusted_gaze_non_flow,0.0,0,all_tools,63,physiological,positive
63,40,adjusted_gaze_non_flow,0.0,0,all_tools,63,physiological,positive
63,41,adjusted_gaze_non_flow,0.0,0,all_tools,63,physiological,positive
63,42,adjusted_gaze_non_flow,0.0,0,all_tools,63,physiological,positive
63,43,adjusted_gaze_non_flow,0.0,0,all_tools,63,physiological,positive
63,44,adjusted_gaze_non_flow,0.0,0,all_tools,63,physiological,positive
63,45,adjusted_gaze_non_flow,0.0,0,all_tools,63,physiological,positive
63,46,adjusted_gaze_non_flow,0.0,0,all_tools,63,physiological,positive
63,47,adjusted_gaze_non_flow,0.0,0,all_tools,63,physiological,positive
63,48,adjusted_gaze_non_flow,0.0,0,all_tools,63,physiological,positive
63,49,adjusted_gaze_non_flow,0.0,0,all_tools,63,physiological,positive
63,50,adjusted_gaze_non_flow,0.0,0,all_tools,63,physiological,positive
63,51,adjusted_gaze_non_flow,0.0,0,all_tools,63,physiological,positive
63,52,adjusted_gaze_non_flow,0.0,0,all_tools,63,physiological,positive
63,53,adjusted_gaze_non_flow,0.0,0,all_tools,63,physiological,positive
63,54,adjusted_gaze_non_flow,0.0,0,all_tools,63,physiological,positive
63,55,adjusted_gaze_non_flow,0.0,0,all_tools,63,physiological,positive
63,56,adjusted_gaze_non_flow,0.0,0,all_tools,63,physiological,positive
63,57,adjusted_gaze_non_flow,0.0,0,all_tools,63,physiological,positive
63,58,adjusted_gaze_non_flow,0.0,0,all_tools,63,physiological,positive
63,59,adjusted_gaze_non_flow,0.0,0,all_tools,63,physiological,positive
63,60,adjusted_gaze_non_flow,0.0,0,all_tools,63,physiological,positive
63,61,adjusted_gaze_non_flow,0.0,0,all_tools,63,physiological,positive
63,62,adjusted_gaze_non_flow,0.0,0,all_tools,63,physiological,positive
63,63,adjusted_gaze_non_flow,0.0,0,all_tools,63,physiological,positive
63,64,adjusted_gaze_non_flow,0.0,0,all_tools,63,physiological,positive
63,1,adjusted_fix_flow,0.8996162857142859,96,all_tools,63,physiological,positive
63,2,adjusted_fix_flow,1.550205,89,all_tools,63,physiological,positive
63,3,adjusted_fix_flow,1.4372716666666667,74,all_tools,63,physiological,positive
63,4,adjusted_fix_flow,0.831264,77,all_tools,63,physiological,positive
63,5,adjusted_fix_flow,0.9216433333333334,79,all_tools,63,physiological,positive
63,6,adjusted_fix_flow,2.34856925,98,all_tools,63,physiological,positive
63,7,adjusted_fix_flow,0.0,39,all_tools,63,physiological,positive
63,8,adjusted_fix_flow,1.495002,71,all_tools,63,physiological,positive
63,9,adjusted_fix_flow,1.79808875,34,all_tools,63,physiological,positive
63,10,adjusted_fix_flow,1.243632,35,all_tools,63,physiological,positive
63,11,adjusted_fix_flow,1.6806484000000002,57,all_tools,63,physiological,positive
63,12,adjusted_fix_flow,0.7300476666666667,76,all_tools,63,physiological,positive
63,13,adjusted_fix_flow,0.236364,45,all_tools,63,physiological,positive
63,14,adjusted_fix_flow,1.486476666666667,45,all_tools,63,physiological,positive
63,15,adjusted_fix_flow,1.6561683333333337,26,all_tools,63,physiological,positive
63,16,adjusted_fix_flow,0.9332985,22,all_tools,63,physiological,positive
63,17,adjusted_fix_flow,0.979863,0,all_tools,63,physiological,positive
63,18,adjusted_fix_flow,1.44657,0,all_tools,63,physiological,positive
63,19,adjusted_fix_flow,2.64935,0,all_tools,63,physiological,positive
63,20,adjusted_fix_flow,0.698413,0,all_tools,63,physiological,positive
63,21,adjusted_fix_flow,0.998019125,0,all_tools,63,physiological,positive
63,22,adjusted_fix_flow,1.414336375,0,all_tools,63,physiological,positive
63,23,adjusted_fix_flow,0.64260675,0,all_tools,63,physiological,positive
63,24,adjusted_fix_flow,0.525893,0,all_tools,63,physiological,positive
63,25,adjusted_fix_flow,1.39352,0,all_tools,63,physiological,positive
63,26,adjusted_fix_flow,1.5599625,0,all_tools,63,physiological,positive
63,27,adjusted_fix_flow,0.520835,0,all_tools,63,physiological,positive
63,28,adjusted_fix_flow,0.814161,0,all_tools,63,physiological,positive
63,29,adjusted_fix_flow,1.0257467500000002,0,all_tools,63,physiological,positive
63,30,adjusted_fix_flow,2.060645,0,all_tools,63,physiological,positive
63,31,adjusted_fix_flow,1.028306,0,all_tools,63,physiological,positive
63,32,adjusted_fix_flow,1.5692050000000002,0,all_tools,63,physiological,positive
63,33,adjusted_fix_flow,0.8923857777777777,0,all_tools,63,physiological,positive
63,34,adjusted_fix_flow,0.8557254285714286,0,all_tools,63,physiological,positive
63,35,adjusted_fix_flow,1.340073,0,all_tools,63,physiological,positive
63,36,adjusted_fix_flow,1.4290046666666665,0,all_tools,63,physiological,positive
63,37,adjusted_fix_flow,1.0569911428571428,0,all_tools,63,physiological,positive
63,38,adjusted_fix_flow,0.7603277142857143,0,all_tools,63,physiological,positive
63,39,adjusted_fix_flow,0.0,0,all_tools,63,physiological,positive
63,40,adjusted_fix_flow,0.0,0,all_tools,63,physiological,positive
63,41,adjusted_fix_flow,0.0,0,all_tools,63,physiological,positive
63,42,adjusted_fix_flow,0.0,0,all_tools,63,physiological,positive
63,43,adjusted_fix_flow,0.0,0,all_tools,63,physiological,positive
63,44,adjusted_fix_flow,0.0,0,all_tools,63,physiological,positive
63,45,adjusted_fix_flow,0.0,0,all_tools,63,physiological,positive
63,46,adjusted_fix_flow,0.0,0,all_tools,63,physiological,positive
63,47,adjusted_fix_flow,0.0,0,all_tools,63,physiological,positive
63,48,adjusted_fix_flow,0.0,0,all_tools,63,physiological,positive
63,49,adjusted_fix_flow,0.0,0,all_tools,63,physiological,positive
63,50,adjusted_fix_flow,0.0,0,all_tools,63,physiological,positive
63,51,adjusted_fix_flow,0.0,0,all_tools,63,physiological,positive
63,52,adjusted_fix_flow,0.0,0,all_tools,63,physiological,positive
63,53,adjusted_fix_flow,0.0,0,all_tools,63,physiological,positive
63,54,adjusted_fix_flow,0.0,0,all_tools,63,physiological,positive
63,55,adjusted_fix_flow,0.0,0,all_tools,63,physiological,positive
63,56,adjusted_fix_flow,0.0,0,all_tools,63,physiological,positive
63,57,adjusted_fix_flow,0.0,0,all_tools,63,physiological,positive
63,58,adjusted_fix_flow,0.0,0,all_tools,63,physiological,positive
63,59,adjusted_fix_flow,0.0,0,all_tools,63,physiological,positive
63,60,adjusted_fix_flow,0.0,0,all_tools,63,physiological,positive
63,61,adjusted_fix_flow,0.0,0,all_tools,63,physiological,positive
63,62,adjusted_fix_flow,0.0,0,all_tools,63,physiological,positive
63,63,adjusted_fix_flow,0.0,0,all_tools,63,physiological,positive
63,64,adjusted_fix_flow,0.0,0,all_tools,63,physiological,positive
63,1,adjusted_fix_non_flow,1.0428102857142858,96,all_tools,63,physiological,positive
63,2,adjusted_fix_non_flow,0.8280616666666666,89,all_tools,63,physiological,positive
63,3,adjusted_fix_non_flow,0.914679,74,all_tools,63,physiological,positive
63,4,adjusted_fix_non_flow,1.125655,77,all_tools,63,physiological,positive
63,5,adjusted_fix_non_flow,1.10377,79,all_tools,63,physiological,positive
63,6,adjusted_fix_non_flow,0.932572,98,all_tools,63,physiological,positive
63,7,adjusted_fix_non_flow,1.02222,39,all_tools,63,physiological,positive
63,8,adjusted_fix_non_flow,0.8415996,71,all_tools,63,physiological,positive
63,9,adjusted_fix_non_flow,0.97719675,34,all_tools,63,physiological,positive
63,10,adjusted_fix_non_flow,0.9378979333333334,35,all_tools,63,physiological,positive
63,11,adjusted_fix_non_flow,0.8752138,57,all_tools,63,physiological,positive
63,12,adjusted_fix_non_flow,1.0821593333333333,76,all_tools,63,physiological,positive
63,13,adjusted_fix_non_flow,1.22909,45,all_tools,63,physiological,positive
63,14,adjusted_fix_non_flow,0.7493910833333334,45,all_tools,63,physiological,positive
63,15,adjusted_fix_non_flow,0.9343831666666668,26,all_tools,63,physiological,positive
63,16,adjusted_fix_non_flow,1.0090931666666665,22,all_tools,63,physiological,positive
63,17,adjusted_fix_non_flow,1.0076465,0,all_tools,63,physiological,positive
63,18,adjusted_fix_non_flow,0.7839175,0,all_tools,63,physiological,positive
63,19,adjusted_fix_non_flow,0.850059,0,all_tools,63,physiological,positive
63,20,adjusted_fix_non_flow,1.04762,0,all_tools,63,physiological,positive
63,21,adjusted_fix_non_flow,1.000455375,0,all_tools,63,physiological,positive
63,22,adjusted_fix_non_flow,0.97654725,0,all_tools,63,physiological,positive
63,23,adjusted_fix_non_flow,1.580765,0,all_tools,63,physiological,positive
63,24,adjusted_fix_non_flow,1.091175,0,all_tools,63,physiological,positive
63,25,adjusted_fix_non_flow,0.8901805,0,all_tools,63,physiological,positive
63,26,adjusted_fix_non_flow,0.8911195,0,all_tools,63,physiological,positive
63,27,adjusted_fix_non_flow,1.151316,0,all_tools,63,physiological,positive
63,28,adjusted_fix_non_flow,1.05973,0,all_tools,63,physiological,positive
63,29,adjusted_fix_non_flow,0.9845515,0,all_tools,63,physiological,positive
63,30,adjusted_fix_non_flow,0.775632375,0,all_tools,63,physiological,positive
63,31,adjusted_fix_non_flow,0.984001125,0,all_tools,63,physiological,positive
63,32,adjusted_fix_non_flow,0.8822336249999999,0,all_tools,63,physiological,positive
63,33,adjusted_fix_non_flow,1.2104448888888888,0,all_tools,63,physiological,positive
63,34,adjusted_fix_non_flow,1.1129104285714284,0,all_tools,63,physiological,positive
63,35,adjusted_fix_non_flow,0.90777625,0,all_tools,63,physiological,positive
63,36,adjusted_fix_non_flow,0.8970391666666666,0,all_tools,63,physiological,positive
63,37,adjusted_fix_non_flow,0.9867467142857144,0,all_tools,63,physiological,positive
63,38,adjusted_fix_non_flow,1.014098142857143,0,all_tools,63,physiological,positive
63,39,adjusted_fix_non_flow,0.0,0,all_tools,63,physiological,positive
63,40,adjusted_fix_non_flow,0.0,0,all_tools,63,physiological,positive
63,41,adjusted_fix_non_flow,0.0,0,all_tools,63,physiological,positive
63,42,adjusted_fix_non_flow,0.0,0,all_tools,63,physiological,positive
63,43,adjusted_fix_non_flow,0.0,0,all_tools,63,physiological,positive
63,44,adjusted_fix_non_flow,0.0,0,all_tools,63,physiological,positive
63,45,adjusted_fix_non_flow,0.0,0,all_tools,63,physiological,positive
63,46,adjusted_fix_non_flow,0.0,0,all_tools,63,physiological,positive
63,47,adjusted_fix_non_flow,0.0,0,all_tools,63,physiological,positive
63,48,adjusted_fix_non_flow,0.0,0,all_tools,63,physiological,positive
63,49,adjusted_fix_non_flow,0.0,0,all_tools,63,physiological,positive
63,50,adjusted_fix_non_flow,0.0,0,all_tools,63,physiological,positive
63,51,adjusted_fix_non_flow,0.0,0,all_tools,63,physiological,positive
63,52,adjusted_fix_non_flow,0.0,0,all_tools,63,physiological,positive
63,53,adjusted_fix_non_flow,0.0,0,all_tools,63,physiological,positive
63,54,adjusted_fix_non_flow,0.0,0,all_tools,63,physiological,positive
63,55,adjusted_fix_non_flow,0.0,0,all_tools,63,physiological,positive
63,56,adjusted_fix_non_flow,0.0,0,all_tools,63,physiological,positive
63,57,adjusted_fix_non_flow,0.0,0,all_tools,63,physiological,positive
63,58,adjusted_fix_non_flow,0.0,0,all_tools,63,physiological,positive
63,59,adjusted_fix_non_flow,0.0,0,all_tools,63,physiological,positive
63,60,adjusted_fix_non_flow,0.0,0,all_tools,63,physiological,positive
63,61,adjusted_fix_non_flow,0.0,0,all_tools,63,physiological,positive
63,62,adjusted_fix_non_flow,0.0,0,all_tools,63,physiological,positive
63,63,adjusted_fix_non_flow,0.0,0,all_tools,63,physiological,positive
63,64,adjusted_fix_non_flow,0.0,0,all_tools,63,physiological,positive
63,1,adjusted_gaze_call,1.3207982857142857,96,all_tools,63,physiological,positive
63,2,adjusted_gaze_call,1.3130311666666667,89,all_tools,63,physiological,positive
63,3,adjusted_gaze_call,0.9968253333333332,74,all_tools,63,physiological,positive
63,4,adjusted_gaze_call,1.031472,77,all_tools,63,physiological,positive
63,5,adjusted_gaze_call,1.1174448,79,all_tools,63,physiological,positive
63,6,adjusted_gaze_call,0.7654860000000001,98,all_tools,63,physiological,positive
63,7,adjusted_gaze_call,1.4630325000000002,39,all_tools,63,physiological,positive
63,8,adjusted_gaze_call,1.26103,71,all_tools,63,physiological,positive
63,9,adjusted_gaze_call,0.9923812,34,all_tools,63,physiological,positive
63,10,adjusted_gaze_call,1.145975,35,all_tools,63,physiological,positive
63,11,adjusted_gaze_call,1.0657764,57,all_tools,63,physiological,positive
63,12,adjusted_gaze_call,1.363254,76,all_tools,63,physiological,positive
63,13,adjusted_gaze_call,0.7502295000000001,45,all_tools,63,physiological,positive
63,14,adjusted_gaze_call,1.23122,45,all_tools,63,physiological,positive
63,15,adjusted_gaze_call,0.7226378333333335,26,all_tools,63,physiological,positive
63,16,adjusted_gaze_call,1.1199156666666668,22,all_tools,63,physiological,positive
63,17,adjusted_gaze_call,0.7965374333333334,0,all_tools,63,physiological,positive
63,18,adjusted_gaze_call,1.49011,0,all_tools,63,physiological,positive
63,19,adjusted_gaze_call,1.1109274999999998,0,all_tools,63,physiological,positive
63,20,adjusted_gaze_call,1.48593,0,all_tools,63,physiological,positive
63,21,adjusted_gaze_call,2.22419,0,all_tools,63,physiological,positive
63,22,adjusted_gaze_call,1.171768,0,all_tools,63,physiological,positive
63,23,adjusted_gaze_call,0.570859375,0,all_tools,63,physiological,positive
63,24,adjusted_gaze_call,1.9959475,0,all_tools,63,physiological,positive
63,25,adjusted_gaze_call,1.577285,0,all_tools,63,physiological,positive
63,26,adjusted_gaze_call,1.76128,0,all_tools,63,physiological,positive
63,27,adjusted_gaze_call,2.319255,0,all_tools,63,physiological,positive
63,28,adjusted_gaze_call,1.192862,0,all_tools,63,physiological,positive
63,29,adjusted_gaze_call,0.969181,0,all_tools,63,physiological,positive
63,30,adjusted_gaze_call,1.1555195,0,all_tools,63,physiological,positive
63,31,adjusted_gaze_call,0.8852586250000001,0,all_tools,63,physiological,positive
63,32,adjusted_gaze_call,2.61380875,0,all_tools,63,physiological,positive
63,33,adjusted_gaze_call,1.329637375,0,all_tools,63,physiological,positive
63,34,adjusted_gaze_call,1.6969304444444444,0,all_tools,63,physiological,positive
63,35,adjusted_gaze_call,1.2604557142857142,0,all_tools,63,physiological,positive
63,36,adjusted_gaze_call,1.387386857142857,0,all_tools,63,physiological,positive
63,37,adjusted_gaze_call,1.166334625,0,all_tools,63,physiological,positive
63,38,adjusted_gaze_call,1.15456,0,all_tools,63,physiological,positive
63,39,adjusted_gaze_call,1.4981557142857145,0,all_tools,63,physiological,positive
63,40,adjusted_gaze_call,1.1509637142857143,0,all_tools,63,physiological,positive
63,41,adjusted_gaze_call,0.0,0,all_tools,63,physiological,positive
63,42,adjusted_gaze_call,0.0,0,all_tools,63,physiological,positive
63,43,adjusted_gaze_call,0.0,0,all_tools,63,physiological,positive
63,44,adjusted_gaze_call,0.0,0,all_tools,63,physiological,positive
63,45,adjusted_gaze_call,0.0,0,all_tools,63,physiological,positive
63,46,adjusted_gaze_call,0.0,0,all_tools,63,physiological,positive
63,47,adjusted_gaze_call,0.0,0,all_tools,63,physiological,positive
63,48,adjusted_gaze_call,0.0,0,all_tools,63,physiological,positive
63,49,adjusted_gaze_call,0.0,0,all_tools,63,physiological,positive
63,50,adjusted_gaze_call,0.0,0,all_tools,63,physiological,positive
63,51,adjusted_gaze_call,0.0,0,all_tools,63,physiological,positive
63,52,adjusted_gaze_call,0.0,0,all_tools,63,physiological,positive
63,53,adjusted_gaze_call,0.0,0,all_tools,63,physiological,positive
63,54,adjusted_gaze_call,0.0,0,all_tools,63,physiological,positive
63,55,adjusted_gaze_call,0.0,0,all_tools,63,physiological,positive
63,56,adjusted_gaze_call,0.0,0,all_tools,63,physiological,positive
63,57,adjusted_gaze_call,0.0,0,all_tools,63,physiological,positive
63,58,adjusted_gaze_call,0.0,0,all_tools,63,physiological,positive
63,59,adjusted_gaze_call,0.0,0,all_tools,63,physiological,positive
63,60,adjusted_gaze_call,0.0,0,all_tools,63,physiological,positive
63,61,adjusted_gaze_call,0.0,0,all_tools,63,physiological,positive
63,62,adjusted_gaze_call,0.0,0,all_tools,63,physiological,positive
63,63,adjusted_gaze_call,0.0,0,all_tools,63,physiological,positive
63,64,adjusted_gaze_call,0.0,0,all_tools,63,physiological,positive
63,1,adjusted_gaze_non_call,0.839600857142857,96,all_tools,63,physiological,positive
63,2,adjusted_gaze_non_call,0.9373936666666666,89,all_tools,63,physiological,positive
63,3,adjusted_gaze_non_call,1.0035863333333337,74,all_tools,63,physiological,positive
63,4,adjusted_gaze_non_call,0.979227,77,all_tools,63,physiological,positive
63,5,adjusted_gaze_non_call,0.942865,79,all_tools,63,physiological,positive
63,6,adjusted_gaze_non_call,1.031691,98,all_tools,63,physiological,positive
63,7,adjusted_gaze_non_call,0.4443625,39,all_tools,63,physiological,positive
63,8,adjusted_gaze_non_call,0.738974,71,all_tools,63,physiological,positive
63,9,adjusted_gaze_non_call,1.0106646,34,all_tools,63,physiological,positive
63,10,adjusted_gaze_non_call,0.84543875,35,all_tools,63,physiological,positive
63,11,adjusted_gaze_non_call,0.9446091333333332,57,all_tools,63,physiological,positive
63,12,adjusted_gaze_non_call,0.7430656000000001,76,all_tools,63,physiological,positive
63,13,adjusted_gaze_non_call,1.2664225,45,all_tools,63,physiological,positive
63,14,adjusted_gaze_non_call,0.867872,45,all_tools,63,physiological,positive
63,15,adjusted_gaze_non_call,1.1158608333333335,26,all_tools,63,physiological,positive
63,16,adjusted_gaze_non_call,0.854389,22,all_tools,63,physiological,positive
63,17,adjusted_gaze_non_call,1.0915588333333333,0,all_tools,63,physiological,positive
63,18,adjusted_gaze_non_call,0.6707650000000001,0,all_tools,63,physiological,positive
63,19,adjusted_gaze_non_call,0.9096125,0,all_tools,63,physiological,positive
63,20,adjusted_gaze_non_call,0.670265,0,all_tools,63,physiological,positive
63,21,adjusted_gaze_non_call,0.21302,0,all_tools,63,physiological,positive
63,22,adjusted_gaze_non_call,0.87458125,0,all_tools,63,physiological,positive
63,23,adjusted_gaze_non_call,1.146536625,0,all_tools,63,physiological,positive
63,24,adjusted_gaze_non_call,0.61447175,0,all_tools,63,physiological,positive
63,25,adjusted_gaze_non_call,0.6943794999999999,0,all_tools,63,physiological,positive
63,26,adjusted_gaze_non_call,0.7281135,0,all_tools,63,physiological,positive
63,27,adjusted_gaze_non_call,0.72705,0,all_tools,63,physiological,positive
63,28,adjusted_gaze_non_call,0.78570685,0,all_tools,63,physiological,positive
63,29,adjusted_gaze_non_call,1.018761,0,all_tools,63,physiological,positive
63,30,adjusted_gaze_non_call,0.88336025,0,all_tools,63,physiological,positive
63,31,adjusted_gaze_non_call,1.15035125,0,all_tools,63,physiological,positive
63,32,adjusted_gaze_non_call,0.6772382499999999,0,all_tools,63,physiological,positive
63,33,adjusted_gaze_non_call,0.7802422499999999,0,all_tools,63,physiological,positive
63,34,adjusted_gaze_non_call,0.9502195555555556,0,all_tools,63,physiological,positive
63,35,adjusted_gaze_non_call,0.8511685714285714,0,all_tools,63,physiological,positive
63,36,adjusted_gaze_non_call,0.567039,0,all_tools,63,physiological,positive
63,37,adjusted_gaze_non_call,0.8995065,0,all_tools,63,physiological,positive
63,38,adjusted_gaze_non_call,0.8754933333333333,0,all_tools,63,physiological,positive
63,39,adjusted_gaze_non_call,0.6419508571428573,0,all_tools,63,physiological,positive
63,40,adjusted_gaze_non_call,0.7052595714285713,0,all_tools,63,physiological,positive
63,41,adjusted_gaze_non_call,0.0,0,all_tools,63,physiological,positive
63,42,adjusted_gaze_non_call,0.0,0,all_tools,63,physiological,positive
63,43,adjusted_gaze_non_call,0.0,0,all_tools,63,physiological,positive
63,44,adjusted_gaze_non_call,0.0,0,all_tools,63,physiological,positive
63,45,adjusted_gaze_non_call,0.0,0,all_tools,63,physiological,positive
63,46,adjusted_gaze_non_call,0.0,0,all_tools,63,physiological,positive
63,47,adjusted_gaze_non_call,0.0,0,all_tools,63,physiological,positive
63,48,adjusted_gaze_non_call,0.0,0,all_tools,63,physiological,positive
63,49,adjusted_gaze_non_call,0.0,0,all_tools,63,physiological,positive
63,50,adjusted_gaze_non_call,0.0,0,all_tools,63,physiological,positive
63,51,adjusted_gaze_non_call,0.0,0,all_tools,63,physiological,positive
63,52,adjusted_gaze_non_call,0.0,0,all_tools,63,physiological,positive
63,53,adjusted_gaze_non_call,0.0,0,all_tools,63,physiological,positive
63,54,adjusted_gaze_non_call,0.0,0,all_tools,63,physiological,positive
63,55,adjusted_gaze_non_call,0.0,0,all_tools,63,physiological,positive
63,56,adjusted_gaze_non_call,0.0,0,all_tools,63,physiological,positive
63,57,adjusted_gaze_non_call,0.0,0,all_tools,63,physiological,positive
63,58,adjusted_gaze_non_call,0.0,0,all_tools,63,physiological,positive
63,59,adjusted_gaze_non_call,0.0,0,all_tools,63,physiological,positive
63,60,adjusted_gaze_non_call,0.0,0,all_tools,63,physiological,positive
63,61,adjusted_gaze_non_call,0.0,0,all_tools,63,physiological,positive
63,62,adjusted_gaze_non_call,0.0,0,all_tools,63,physiological,positive
63,63,adjusted_gaze_non_call,0.0,0,all_tools,63,physiological,positive
63,64,adjusted_gaze_non_call,0.0,0,all_tools,63,physiological,positive
63,1,adjusted_fix_call,1.5315628571428572,96,all_tools,63,physiological,positive
63,2,adjusted_fix_call,1.3597468333333331,89,all_tools,63,physiological,positive
63,3,adjusted_fix_call,1.01612,74,all_tools,63,physiological,positive
63,4,adjusted_fix_call,1.051205,77,all_tools,63,physiological,positive
63,5,adjusted_fix_call,0.9722538,79,all_tools,63,physiological,positive
63,6,adjusted_fix_call,0.741572,98,all_tools,63,physiological,positive
63,7,adjusted_fix_call,1.4210000000000005,39,all_tools,63,physiological,positive
63,8,adjusted_fix_call,1.13846,71,all_tools,63,physiological,positive
63,9,adjusted_fix_call,0.9836478,34,all_tools,63,physiological,positive
63,10,adjusted_fix_call,1.21572,35,all_tools,63,physiological,positive
63,11,adjusted_fix_call,1.0566778666666667,57,all_tools,63,physiological,positive
63,12,adjusted_fix_call,1.211518,76,all_tools,63,physiological,positive
63,13,adjusted_fix_call,0.7976386666666667,45,all_tools,63,physiological,positive
63,14,adjusted_fix_call,1.2,45,all_tools,63,physiological,positive
63,15,adjusted_fix_call,0.7751625833333334,26,all_tools,63,physiological,positive
63,16,adjusted_fix_call,1.103268666666667,22,all_tools,63,physiological,positive
63,17,adjusted_fix_call,0.681917,0,all_tools,63,physiological,positive
63,18,adjusted_fix_call,1.398075,0,all_tools,63,physiological,positive
63,19,adjusted_fix_call,0.976522,0,all_tools,63,physiological,positive
63,20,adjusted_fix_call,1.39643,0,all_tools,63,physiological,positive
63,21,adjusted_fix_call,1.94709,0,all_tools,63,physiological,positive
63,22,adjusted_fix_call,1.12094425,0,all_tools,63,physiological,positive
63,23,adjusted_fix_call,0.4681375,0,all_tools,63,physiological,positive
63,24,adjusted_fix_call,2.03806375,0,all_tools,63,physiological,positive
63,25,adjusted_fix_call,1.87406,0,all_tools,63,physiological,positive
63,26,adjusted_fix_call,1.49841,0,all_tools,63,physiological,positive
63,27,adjusted_fix_call,1.957235,0,all_tools,63,physiological,positive
63,28,adjusted_fix_call,1.152315,0,all_tools,63,physiological,positive
63,29,adjusted_fix_call,0.820661,0,all_tools,63,physiological,positive
63,30,adjusted_fix_call,1.2096975,0,all_tools,63,physiological,positive
63,31,adjusted_fix_call,0.8896772499999999,0,all_tools,63,physiological,positive
63,32,adjusted_fix_call,2.4722350000000004,0,all_tools,63,physiological,positive
63,33,adjusted_fix_call,1.42003725,0,all_tools,63,physiological,positive
63,34,adjusted_fix_call,1.629032222222222,0,all_tools,63,physiological,positive
63,35,adjusted_fix_call,1.3643342857142855,0,all_tools,63,physiological,positive
63,36,adjusted_fix_call,1.4093742857142857,0,all_tools,63,physiological,positive
63,37,adjusted_fix_call,1.124723,0,all_tools,63,physiological,positive
63,38,adjusted_fix_call,1.1437178333333335,0,all_tools,63,physiological,positive
63,39,adjusted_fix_call,1.52509,0,all_tools,63,physiological,positive
63,40,adjusted_fix_call,1.1285195714285714,0,all_tools,63,physiological,positive
63,41,adjusted_fix_call,0.0,0,all_tools,63,physiological,positive
63,42,adjusted_fix_call,0.0,0,all_tools,63,physiological,positive
63,43,adjusted_fix_call,0.0,0,all_tools,63,physiological,positive
63,44,adjusted_fix_call,0.0,0,all_tools,63,physiological,positive
63,45,adjusted_fix_call,0.0,0,all_tools,63,physiological,positive
63,46,adjusted_fix_call,0.0,0,all_tools,63,physiological,positive
63,47,adjusted_fix_call,0.0,0,all_tools,63,physiological,positive
63,48,adjusted_fix_call,0.0,0,all_tools,63,physiological,positive
63,49,adjusted_fix_call,0.0,0,all_tools,63,physiological,positive
63,50,adjusted_fix_call,0.0,0,all_tools,63,physiological,positive
63,51,adjusted_fix_call,0.0,0,all_tools,63,physiological,positive
63,52,adjusted_fix_call,0.0,0,all_tools,63,physiological,positive
63,53,adjusted_fix_call,0.0,0,all_tools,63,physiological,positive
63,54,adjusted_fix_call,0.0,0,all_tools,63,physiological,positive
63,55,adjusted_fix_call,0.0,0,all_tools,63,physiological,positive
63,56,adjusted_fix_call,0.0,0,all_tools,63,physiological,positive
63,57,adjusted_fix_call,0.0,0,all_tools,63,physiological,positive
63,58,adjusted_fix_call,0.0,0,all_tools,63,physiological,positive
63,59,adjusted_fix_call,0.0,0,all_tools,63,physiological,positive
63,60,adjusted_fix_call,0.0,0,all_tools,63,physiological,positive
63,61,adjusted_fix_call,0.0,0,all_tools,63,physiological,positive
63,62,adjusted_fix_call,0.0,0,all_tools,63,physiological,positive
63,63,adjusted_fix_call,0.0,0,all_tools,63,physiological,positive
63,64,adjusted_fix_call,0.0,0,all_tools,63,physiological,positive
63,1,adjusted_fix_non_call,0.7342182857142856,96,all_tools,63,physiological,positive
63,2,adjusted_fix_non_call,0.928051,89,all_tools,63,physiological,positive
63,3,adjusted_fix_non_call,0.9817771666666668,74,all_tools,63,physiological,positive
63,4,adjusted_fix_non_call,0.966205,77,all_tools,63,physiological,positive
63,5,adjusted_fix_non_call,1.0134994,79,all_tools,63,physiological,positive
63,6,adjusted_fix_non_call,1.0349243333333331,98,all_tools,63,physiological,positive
63,7,adjusted_fix_non_call,0.4948025,39,all_tools,63,physiological,positive
63,8,adjusted_fix_non_call,0.861538,71,all_tools,63,physiological,positive
63,9,adjusted_fix_non_call,1.0228922,34,all_tools,63,physiological,positive
63,10,adjusted_fix_non_call,0.7715924999999999,35,all_tools,63,physiological,positive
63,11,adjusted_fix_non_call,0.9522716666666668,57,all_tools,63,physiological,positive
63,12,adjusted_fix_non_call,0.8503906000000001,76,all_tools,63,physiological,positive
63,13,adjusted_fix_non_call,1.2158498333333332,45,all_tools,63,physiological,positive
63,14,adjusted_fix_non_call,0.885714,45,all_tools,63,physiological,positive
63,15,adjusted_fix_non_call,1.093919,26,all_tools,63,physiological,positive
63,16,adjusted_fix_non_call,0.8746015000000001,22,all_tools,63,physiological,positive
63,17,adjusted_fix_non_call,1.1431371666666668,0,all_tools,63,physiological,positive
63,18,adjusted_fix_non_call,0.732591,0,all_tools,63,physiological,positive
63,19,adjusted_fix_non_call,1.0191305000000002,0,all_tools,63,physiological,positive
63,20,adjusted_fix_non_call,0.730991,0,all_tools,63,physiological,positive
63,21,adjusted_fix_non_call,0.391156,0,all_tools,63,physiological,positive
63,22,adjusted_fix_non_call,0.911691625,0,all_tools,63,physiological,positive
63,23,adjusted_fix_non_call,1.181611875,0,all_tools,63,physiological,positive
63,24,adjusted_fix_non_call,0.598169,0,all_tools,63,physiological,positive
63,25,adjusted_fix_non_call,0.5372645,0,all_tools,63,physiological,positive
63,26,adjusted_fix_non_call,0.8219965,0,all_tools,63,physiological,positive
63,27,adjusted_fix_non_call,0.801951,0,all_tools,63,physiological,positive
63,28,adjusted_fix_non_call,0.83075965,0,all_tools,63,physiological,positive
63,29,adjusted_fix_non_call,1.109165,0,all_tools,63,physiological,positive
63,30,adjusted_fix_non_call,0.8427250000000001,0,all_tools,63,physiological,positive
63,31,adjusted_fix_non_call,1.1445605,0,all_tools,63,physiological,positive
63,32,adjusted_fix_non_call,0.70555325,0,all_tools,63,physiological,positive
63,33,adjusted_fix_non_call,0.71997575,0,all_tools,63,physiological,positive
63,34,adjusted_fix_non_call,0.9550685555555556,0,all_tools,63,physiological,positive
63,35,adjusted_fix_non_call,0.7918085714285714,0,all_tools,63,physiological,positive
63,36,adjusted_fix_non_call,0.5424632857142857,0,all_tools,63,physiological,positive
63,37,adjusted_fix_non_call,0.92464825,0,all_tools,63,physiological,positive
63,38,adjusted_fix_non_call,0.8842275,0,all_tools,63,physiological,positive
63,39,adjusted_fix_non_call,0.6225907142857142,0,all_tools,63,physiological,positive
63,40,adjusted_fix_non_call,0.7490825714285714,0,all_tools,63,physiological,positive
63,41,adjusted_fix_non_call,0.0,0,all_tools,63,physiological,positive
63,42,adjusted_fix_non_call,0.0,0,all_tools,63,physiological,positive
63,43,adjusted_fix_non_call,0.0,0,all_tools,63,physiological,positive
63,44,adjusted_fix_non_call,0.0,0,all_tools,63,physiological,positive
63,45,adjusted_fix_non_call,0.0,0,all_tools,63,physiological,positive
63,46,adjusted_fix_non_call,0.0,0,all_tools,63,physiological,positive
63,47,adjusted_fix_non_call,0.0,0,all_tools,63,physiological,positive
63,48,adjusted_fix_non_call,0.0,0,all_tools,63,physiological,positive
63,49,adjusted_fix_non_call,0.0,0,all_tools,63,physiological,positive
63,50,adjusted_fix_non_call,0.0,0,all_tools,63,physiological,positive
63,51,adjusted_fix_non_call,0.0,0,all_tools,63,physiological,positive
63,52,adjusted_fix_non_call,0.0,0,all_tools,63,physiological,positive
63,53,adjusted_fix_non_call,0.0,0,all_tools,63,physiological,positive
63,54,adjusted_fix_non_call,0.0,0,all_tools,63,physiological,positive
63,55,adjusted_fix_non_call,0.0,0,all_tools,63,physiological,positive
63,56,adjusted_fix_non_call,0.0,0,all_tools,63,physiological,positive
63,57,adjusted_fix_non_call,0.0,0,all_tools,63,physiological,positive
63,58,adjusted_fix_non_call,0.0,0,all_tools,63,physiological,positive
63,59,adjusted_fix_non_call,0.0,0,all_tools,63,physiological,positive
63,60,adjusted_fix_non_call,0.0,0,all_tools,63,physiological,positive
63,61,adjusted_fix_non_call,0.0,0,all_tools,63,physiological,positive
63,62,adjusted_fix_non_call,0.0,0,all_tools,63,physiological,positive
63,63,adjusted_fix_non_call,0.0,0,all_tools,63,physiological,positive
63,64,adjusted_fix_non_call,0.0,0,all_tools,63,physiological,positive
9_gc,1,gap_accuracy,0.3958333333333333,10,all_tools,9_gc,correctness,negative
9_gc,2,gap_accuracy,0.2740740740740741,10,all_tools,9_gc,correctness,negative
9_gc,3,gap_accuracy,0.5,4,all_tools,9_gc,correctness,negative
9_gc,4,gap_accuracy,0.5238095238095238,4,all_tools,9_gc,correctness,negative
9_gc,5,gap_accuracy,0.4830917874396134,4,all_tools,9_gc,correctness,negative
9_gc,6,gap_accuracy,0.4021164021164021,4,all_tools,9_gc,correctness,negative
9_gc,7,gap_accuracy,0.369047619047619,11,all_tools,9_gc,correctness,negative
9_gc,8,gap_accuracy,0.3666666666666667,4,all_tools,9_gc,correctness,negative
9_gc,9,gap_accuracy,0.4682539682539682,4,all_tools,9_gc,correctness,negative
9_gc,10,gap_accuracy,0.5253623188405797,4,all_tools,9_gc,correctness,negative
9_gc,1,readability_level_before,2.8125,10,all_tools,9_gc,rating,negative
9_gc,2,readability_level_before,2.6,10,all_tools,9_gc,rating,negative
9_gc,3,readability_level_before,2.6,4,all_tools,9_gc,rating,negative
9_gc,4,readability_level_before,2.4285714285714284,4,all_tools,9_gc,rating,negative
9_gc,5,readability_level_before,3.347826086956522,4,all_tools,9_gc,rating,negative
9_gc,6,readability_level_before,3.0,4,all_tools,9_gc,rating,negative
9_gc,7,readability_level_before,2.7857142857142856,11,all_tools,9_gc,rating,negative
9_gc,8,readability_level_before,2.933333333333333,4,all_tools,9_gc,rating,negative
9_gc,9,readability_level_before,3.380952380952381,4,all_tools,9_gc,rating,negative
9_gc,10,readability_level_before,3.130434782608696,4,all_tools,9_gc,rating,negative
9_gc,1,readability_level_ba,2.59375,10,all_tools,9_gc,rating,negative
9_gc,2,readability_level_ba,2.433333333333333,10,all_tools,9_gc,rating,negative
9_gc,3,readability_level_ba,2.566666666666667,4,all_tools,9_gc,rating,negative
9_gc,4,readability_level_ba,2.5,4,all_tools,9_gc,rating,negative
9_gc,5,readability_level_ba,3.1739130434782608,4,all_tools,9_gc,rating,negative
9_gc,6,readability_level_ba,2.9285714285714284,4,all_tools,9_gc,rating,negative
9_gc,7,readability_level_ba,2.5357142857142856,11,all_tools,9_gc,rating,negative
9_gc,8,readability_level_ba,2.9,4,all_tools,9_gc,rating,negative
9_gc,9,readability_level_ba,3.380952380952381,4,all_tools,9_gc,rating,negative
9_gc,10,readability_level_ba,3.065217391304348,4,all_tools,9_gc,rating,negative
9_gc,1,time_to_read_complete,137.36374999999998,10,all_tools,9_gc,time,positive
9_gc,2,time_to_read_complete,123.19,10,all_tools,9_gc,time,positive
9_gc,3,time_to_read_complete,212.6206666666667,4,all_tools,9_gc,time,positive
9_gc,4,time_to_read_complete,202.57285714285717,4,all_tools,9_gc,time,positive
9_gc,5,time_to_read_complete,165.18,4,all_tools,9_gc,time,positive
9_gc,6,time_to_read_complete,197.07452380952375,4,all_tools,9_gc,time,positive
9_gc,7,time_to_read_complete,123.02642857142855,11,all_tools,9_gc,time,positive
9_gc,8,time_to_read_complete,533.914,4,all_tools,9_gc,time,positive
9_gc,9,time_to_read_complete,126.68928571428567,4,all_tools,9_gc,time,positive
9_gc,10,time_to_read_complete,124.6817391304348,4,all_tools,9_gc,time,positive
9_bc,1,gap_accuracy,0.3840579710144927,10,all_tools,9_bc,correctness,negative
9_bc,2,gap_accuracy,0.4074074074074074,10,all_tools,9_bc,correctness,negative
9_bc,3,gap_accuracy,0.611111111111111,4,all_tools,9_bc,correctness,negative
9_bc,4,gap_accuracy,0.5052083333333334,4,all_tools,9_bc,correctness,negative
9_bc,5,gap_accuracy,0.4126984126984127,4,all_tools,9_bc,correctness,negative
9_bc,6,gap_accuracy,0.3703703703703703,4,all_tools,9_bc,correctness,negative
9_bc,7,gap_accuracy,0.4895833333333333,11,all_tools,9_bc,correctness,negative
9_bc,8,gap_accuracy,0.4444444444444445,4,all_tools,9_bc,correctness,negative
9_bc,9,gap_accuracy,0.3666666666666666,4,all_tools,9_bc,correctness,negative
9_bc,10,gap_accuracy,0.3928571428571428,4,all_tools,9_bc,correctness,negative
9_bc,1,readability_level_before,2.739130434782609,10,all_tools,9_bc,rating,negative
9_bc,2,readability_level_before,3.0,10,all_tools,9_bc,rating,negative
9_bc,3,readability_level_before,2.6,4,all_tools,9_bc,rating,negative
9_bc,4,readability_level_before,2.0,4,all_tools,9_bc,rating,negative
9_bc,5,readability_level_before,2.642857142857143,4,all_tools,9_bc,rating,negative
9_bc,6,readability_level_before,2.333333333333333,4,all_tools,9_bc,rating,negative
9_bc,7,readability_level_before,2.9375,11,all_tools,9_bc,rating,negative
9_bc,8,readability_level_before,3.0,4,all_tools,9_bc,rating,negative
9_bc,9,readability_level_before,2.4,4,all_tools,9_bc,rating,negative
9_bc,10,readability_level_before,2.9285714285714284,4,all_tools,9_bc,rating,negative
9_bc,1,readability_level_ba,2.717391304347826,10,all_tools,9_bc,rating,negative
9_bc,2,readability_level_ba,2.857142857142857,10,all_tools,9_bc,rating,negative
9_bc,3,readability_level_ba,2.533333333333333,4,all_tools,9_bc,rating,negative
9_bc,4,readability_level_ba,1.96875,4,all_tools,9_bc,rating,negative
9_bc,5,readability_level_ba,2.4642857142857144,4,all_tools,9_bc,rating,negative
9_bc,6,readability_level_ba,2.1,4,all_tools,9_bc,rating,negative
9_bc,7,readability_level_ba,2.8125,11,all_tools,9_bc,rating,negative
9_bc,8,readability_level_ba,2.9,4,all_tools,9_bc,rating,negative
9_bc,9,readability_level_ba,2.5,4,all_tools,9_bc,rating,negative
9_bc,10,readability_level_ba,2.75,4,all_tools,9_bc,rating,negative
9_bc,1,time_to_read_complete,143.56804347826088,10,all_tools,9_bc,time,positive
9_bc,2,time_to_read_complete,134.24785714285716,10,all_tools,9_bc,time,positive
9_bc,3,time_to_read_complete,161.128,4,all_tools,9_bc,time,positive
9_bc,4,time_to_read_complete,188.781875,4,all_tools,9_bc,time,positive
9_bc,5,time_to_read_complete,184.0017857142857,4,all_tools,9_bc,time,positive
9_bc,6,time_to_read_complete,224.497,4,all_tools,9_bc,time,positive
9_bc,7,time_to_read_complete,106.005625,11,all_tools,9_bc,time,positive
9_bc,8,time_to_read_complete,111.08466666666664,4,all_tools,9_bc,time,positive
9_bc,9,time_to_read_complete,102.94033333333331,4,all_tools,9_bc,time,positive
9_bc,10,time_to_read_complete,200.44,4,all_tools,9_bc,time,positive
9_nc,1,gap_accuracy,0.380952380952381,10,all_tools,9_nc,correctness,negative
9_nc,2,gap_accuracy,0.3259259259259259,10,all_tools,9_nc,correctness,negative
9_nc,3,gap_accuracy,0.6507936507936508,4,all_tools,9_nc,correctness,negative
9_nc,4,gap_accuracy,0.5253623188405797,4,all_tools,9_nc,correctness,negative
9_nc,5,gap_accuracy,0.4583333333333333,4,all_tools,9_nc,correctness,negative
9_nc,6,gap_accuracy,0.2814814814814814,4,all_tools,9_nc,correctness,negative
9_nc,7,gap_accuracy,0.4347826086956521,11,all_tools,9_nc,correctness,negative
9_nc,8,gap_accuracy,0.5158730158730158,4,all_tools,9_nc,correctness,negative
9_nc,9,gap_accuracy,0.2777777777777778,4,all_tools,9_nc,correctness,negative
9_nc,10,gap_accuracy,0.4635416666666667,4,all_tools,9_nc,correctness,negative
9_nc,1,readability_level_before,2.7142857142857144,10,all_tools,9_nc,rating,negative
9_nc,2,readability_level_before,2.466666666666667,10,all_tools,9_nc,rating,negative
9_nc,3,readability_level_before,2.2857142857142856,4,all_tools,9_nc,rating,negative
9_nc,4,readability_level_before,2.347826086956522,4,all_tools,9_nc,rating,negative
9_nc,5,readability_level_before,2.25,4,all_tools,9_nc,rating,negative
9_nc,6,readability_level_before,2.7333333333333334,4,all_tools,9_nc,rating,negative
9_nc,7,readability_level_before,2.3043478260869565,11,all_tools,9_nc,rating,negative
9_nc,8,readability_level_before,2.6666666666666665,4,all_tools,9_nc,rating,negative
9_nc,9,readability_level_before,2.933333333333333,4,all_tools,9_nc,rating,negative
9_nc,10,readability_level_before,2.75,4,all_tools,9_nc,rating,negative
9_nc,1,readability_level_ba,2.642857142857143,10,all_tools,9_nc,rating,negative
9_nc,2,readability_level_ba,2.333333333333333,10,all_tools,9_nc,rating,negative
9_nc,3,readability_level_ba,2.261904761904762,4,all_tools,9_nc,rating,negative
9_nc,4,readability_level_ba,2.3043478260869565,4,all_tools,9_nc,rating,negative
9_nc,5,readability_level_ba,2.25,4,all_tools,9_nc,rating,negative
9_nc,6,readability_level_ba,2.533333333333333,4,all_tools,9_nc,rating,negative
9_nc,7,readability_level_ba,2.1956521739130435,11,all_tools,9_nc,rating,negative
9_nc,8,readability_level_ba,2.571428571428572,4,all_tools,9_nc,rating,negative
9_nc,9,readability_level_ba,2.966666666666667,4,all_tools,9_nc,rating,negative
9_nc,10,readability_level_ba,2.65625,4,all_tools,9_nc,rating,negative
9_nc,1,time_to_read_complete,97.71571428571428,10,all_tools,9_nc,time,positive
9_nc,2,time_to_read_complete,131.76166666666668,10,all_tools,9_nc,time,positive
9_nc,3,time_to_read_complete,180.75071428571428,4,all_tools,9_nc,time,positive
9_nc,4,time_to_read_complete,191.89021739130436,4,all_tools,9_nc,time,positive
9_nc,5,time_to_read_complete,155.11781249999996,4,all_tools,9_nc,time,positive
9_nc,6,time_to_read_complete,114.97499999999998,4,all_tools,9_nc,time,positive
9_nc,7,time_to_read_complete,166.80847826086958,11,all_tools,9_nc,time,positive
9_nc,8,time_to_read_complete,134.88285714285712,4,all_tools,9_nc,time,positive
9_nc,9,time_to_read_complete,81.70666666666666,4,all_tools,9_nc,time,positive
9_nc,10,time_to_read_complete,115.8690625,4,all_tools,9_nc,time,positive
f,1,perc_correct_output,39.47368421052632,5,all_tools,f,correctness,negative
f,2,perc_correct_output,89.47368421052632,4,all_tools,f,correctness,negative
f,3,perc_correct_output,78.94736842105263,2,all_tools,f,correctness,negative
f,4,perc_correct_output,47.368421052631575,1,all_tools,f,correctness,negative
f,5,perc_correct_output,52.63157894736842,1,all_tools,f,correctness,negative
f,6,perc_correct_output,100.0,1,all_tools,f,correctness,negative
f,7,perc_correct_output,78.94736842105263,0,all_tools,f,correctness,negative
f,8,perc_correct_output,61.11111111111112,1,all_tools,f,correctness,negative
f,9,perc_correct_output,66.66666666666666,1,all_tools,f,correctness,negative
f,10,perc_correct_output,88.88888888888889,5,all_tools,f,correctness,negative
f,11,perc_correct_output,94.73684210526316,2,all_tools,f,correctness,negative
f,12,perc_correct_output,84.21052631578947,2,all_tools,f,correctness,negative
f,13,perc_correct_output,78.94736842105263,2,all_tools,f,correctness,negative
f,14,perc_correct_output,68.42105263157895,3,all_tools,f,correctness,negative
f,15,perc_correct_output,18.0,5,all_tools,f,correctness,negative
f,16,perc_correct_output,0.0,7,all_tools,f,correctness,negative
f,1,brain_deact_31,-2.248355733,5,all_tools,f,physiological,negative
f,2,brain_deact_31,-2.137145163,4,all_tools,f,physiological,negative
f,3,brain_deact_31,-1.921303548,2,all_tools,f,physiological,negative
f,4,brain_deact_31,-1.831843539,1,all_tools,f,physiological,negative
f,5,brain_deact_31,-1.93865049,1,all_tools,f,physiological,negative
f,6,brain_deact_31,-2.063537981,1,all_tools,f,physiological,negative
f,7,brain_deact_31,-1.730000171,0,all_tools,f,physiological,negative
f,8,brain_deact_31,-2.103988089,1,all_tools,f,physiological,negative
f,9,brain_deact_31,-2.034462625,1,all_tools,f,physiological,negative
f,10,brain_deact_31,-2.180495768,5,all_tools,f,physiological,negative
f,11,brain_deact_31,-1.936397923,2,all_tools,f,physiological,negative
f,12,brain_deact_31,-1.545885531,2,all_tools,f,physiological,negative
f,13,brain_deact_31,-1.835985696,2,all_tools,f,physiological,negative
f,14,brain_deact_31,-1.897029609,3,all_tools,f,physiological,negative
f,15,brain_deact_31,-2.115286243,5,all_tools,f,physiological,negative
f,16,brain_deact_31,-1.729084884,7,all_tools,f,physiological,negative
f,1,brain_deact_32,-1.774586165,5,all_tools,f,physiological,negative
f,2,brain_deact_32,-1.91559082,4,all_tools,f,physiological,negative
f,3,brain_deact_32,-1.495832442,2,all_tools,f,physiological,negative
f,4,brain_deact_32,-1.46374886,1,all_tools,f,physiological,negative
f,5,brain_deact_32,-1.526649428,1,all_tools,f,physiological,negative
f,6,brain_deact_32,-1.848531743,1,all_tools,f,physiological,negative
f,7,brain_deact_32,-1.236600384,0,all_tools,f,physiological,negative
f,8,brain_deact_32,-1.565782627,1,all_tools,f,physiological,negative
f,9,brain_deact_32,-1.699418305,1,all_tools,f,physiological,negative
f,10,brain_deact_32,-1.907988566,5,all_tools,f,physiological,negative
f,11,brain_deact_32,-1.45635117,2,all_tools,f,physiological,negative
f,12,brain_deact_32,-1.37916458,2,all_tools,f,physiological,negative
f,13,brain_deact_32,-1.458877878,2,all_tools,f,physiological,negative
f,14,brain_deact_32,-1.6700936,3,all_tools,f,physiological,negative
f,15,brain_deact_32,-1.820133117,5,all_tools,f,physiological,negative
f,16,brain_deact_32,-1.241652874,7,all_tools,f,physiological,negative
f,1,complexity_level,46.6,5,all_tools,f,rating,positive
f,2,complexity_level,73.73684210526316,4,all_tools,f,rating,positive
f,3,complexity_level,38.578947368421055,2,all_tools,f,rating,positive
f,4,complexity_level,25.88888888888889,1,all_tools,f,rating,positive
f,5,complexity_level,61.42105263157895,1,all_tools,f,rating,positive
f,6,complexity_level,74.57894736842105,1,all_tools,f,rating,positive
f,7,complexity_level,0.0,0,all_tools,f,rating,positive
f,8,complexity_level,44.73684210526316,1,all_tools,f,rating,positive
f,9,complexity_level,45.44444444444444,1,all_tools,f,rating,positive
f,10,complexity_level,57.5,5,all_tools,f,rating,positive
f,11,complexity_level,33.31578947368421,2,all_tools,f,rating,positive
f,12,complexity_level,25.944444444444443,2,all_tools,f,rating,positive
f,13,complexity_level,47.22222222222222,2,all_tools,f,rating,positive
f,14,complexity_level,44.44444444444444,3,all_tools,f,rating,positive
f,15,complexity_level,47.22222222222222,5,all_tools,f,rating,positive
f,16,complexity_level,150.0,7,all_tools,f,rating,positive
f,1,time_to_understand,48.275447368421055,5,all_tools,f,time,positive
f,2,time_to_understand,30.38747368421053,4,all_tools,f,time,positive
f,3,time_to_understand,41.40668421052632,2,all_tools,f,time,positive
f,4,time_to_understand,50.024,1,all_tools,f,time,positive
f,5,time_to_understand,45.99226315789474,1,all_tools,f,time,positive
f,6,time_to_understand,21.517,1,all_tools,f,time,positive
f,7,time_to_understand,38.38831578947369,0,all_tools,f,time,positive
f,8,time_to_understand,43.33011111111111,1,all_tools,f,time,positive
f,9,time_to_understand,42.33516666666665,1,all_tools,f,time,positive
f,10,time_to_understand,27.647555555555552,5,all_tools,f,time,positive
f,11,time_to_understand,22.280263157894737,2,all_tools,f,time,positive
f,12,time_to_understand,35.582526315789465,2,all_tools,f,time,positive
f,13,time_to_understand,33.25842105263157,2,all_tools,f,time,positive
f,14,time_to_understand,40.122473684210526,3,all_tools,f,time,positive
f,15,time_to_understand,445.544,5,all_tools,f,time,positive
f,16,time_to_understand,0.0,7,all_tools,f,time,positive
1,1,correct_output_rating,1.2195121951219512,0,checker_framework,1,correctness,negative
1,2,correct_output_rating,1.951219512195122,0,checker_framework,1,correctness,negative
1,3,correct_output_rating,1.4878048780487805,0,checker_framework,1,correctness,negative
1,4,correct_output_rating,1.4878048780487805,0,checker_framework,1,correctness,negative
1,5,correct_output_rating,1.4390243902439024,0,checker_framework,1,correctness,negative
1,6,correct_output_rating,1.7804878048780488,0,checker_framework,1,correctness,negative
1,7,correct_output_rating,1.804878048780488,0,checker_framework,1,correctness,negative
1,8,correct_output_rating,1.4634146341463414,0,checker_framework,1,correctness,negative
1,9,correct_output_rating,1.853658536585366,0,checker_framework,1,correctness,negative
1,10,correct_output_rating,1.8780487804878048,0,checker_framework,1,correctness,negative
1,11,correct_output_rating,1.6341463414634143,0,checker_framework,1,correctness,negative
1,12,correct_output_rating,1.853658536585366,1,checker_framework,1,correctness,negative
1,13,correct_output_rating,2.0,0,checker_framework,1,correctness,negative
1,14,correct_output_rating,1.902439024390244,0,checker_framework,1,correctness,negative
1,15,correct_output_rating,0.7804878048780488,4,checker_framework,1,correctness,negative
1,16,correct_output_rating,1.951219512195122,0,checker_framework,1,correctness,negative
1,17,correct_output_rating,1.6585365853658536,0,checker_framework,1,correctness,negative
1,18,correct_output_rating,1.3902439024390243,0,checker_framework,1,correctness,negative
1,19,correct_output_rating,1.3902439024390243,2,checker_framework,1,correctness,negative
1,20,correct_output_rating,1.3902439024390243,0,checker_framework,1,correctness,negative
1,21,correct_output_rating,1.3902439024390243,0,checker_framework,1,correctness,negative
1,22,correct_output_rating,1.3902439024390243,0,checker_framework,1,correctness,negative
1,23,correct_output_rating,1.829268292682927,0,checker_framework,1,correctness,negative
1,1,output_difficulty,3.1707317073170733,0,checker_framework,1,rating,negative
1,2,output_difficulty,2.975609756097561,0,checker_framework,1,rating,negative
1,3,output_difficulty,2.3902439024390243,0,checker_framework,1,rating,negative
1,4,output_difficulty,2.414634146341464,0,checker_framework,1,rating,negative
1,5,output_difficulty,1.975609756097561,0,checker_framework,1,rating,negative
1,6,output_difficulty,3.1219512195121952,0,checker_framework,1,rating,negative
1,7,output_difficulty,3.2195121951219514,0,checker_framework,1,rating,negative
1,8,output_difficulty,2.3902439024390243,0,checker_framework,1,rating,negative
1,9,output_difficulty,3.1707317073170733,0,checker_framework,1,rating,negative
1,10,output_difficulty,3.634146341463415,0,checker_framework,1,rating,negative
1,11,output_difficulty,3.097560975609756,0,checker_framework,1,rating,negative
1,12,output_difficulty,3.341463414634146,1,checker_framework,1,rating,negative
1,13,output_difficulty,3.731707317073171,0,checker_framework,1,rating,negative
1,14,output_difficulty,3.4878048780487805,0,checker_framework,1,rating,negative
1,15,output_difficulty,1.0731707317073171,4,checker_framework,1,rating,negative
1,16,output_difficulty,3.7804878048780486,0,checker_framework,1,rating,negative
1,17,output_difficulty,3.048780487804878,0,checker_framework,1,rating,negative
1,18,output_difficulty,2.317073170731707,0,checker_framework,1,rating,negative
1,19,output_difficulty,1.902439024390244,2,checker_framework,1,rating,negative
1,20,output_difficulty,3.1951219512195124,0,checker_framework,1,rating,negative
1,21,output_difficulty,2.4878048780487805,0,checker_framework,1,rating,negative
1,22,output_difficulty,2.3902439024390243,0,checker_framework,1,rating,negative
1,23,output_difficulty,3.414634146341464,0,checker_framework,1,rating,negative
1,1,time_to_give_output,68.01441463414633,0,checker_framework,1,time,positive
1,2,time_to_give_output,100.26741463414632,0,checker_framework,1,time,positive
1,3,time_to_give_output,132.46873170731706,0,checker_framework,1,time,positive
1,4,time_to_give_output,154.64156097560976,0,checker_framework,1,time,positive
1,5,time_to_give_output,211.48453658536584,0,checker_framework,1,time,positive
1,6,time_to_give_output,70.5109512195122,0,checker_framework,1,time,positive
1,7,time_to_give_output,66.04860975609758,0,checker_framework,1,time,positive
1,8,time_to_give_output,104.82602439024387,0,checker_framework,1,time,positive
1,9,time_to_give_output,65.42085365853657,0,checker_framework,1,time,positive
1,10,time_to_give_output,42.58580487804878,0,checker_framework,1,time,positive
1,11,time_to_give_output,65.47378048780489,0,checker_framework,1,time,positive
1,12,time_to_give_output,59.81002439024391,1,checker_framework,1,time,positive
1,13,time_to_give_output,37.42529268292683,0,checker_framework,1,time,positive
1,14,time_to_give_output,48.39470731707317,0,checker_framework,1,time,positive
1,15,time_to_give_output,355.3091707317073,4,checker_framework,1,time,positive
1,16,time_to_give_output,20.50239024390244,0,checker_framework,1,time,positive
1,17,time_to_give_output,99.98841463414637,0,checker_framework,1,time,positive
1,18,time_to_give_output,132.07892682926828,0,checker_framework,1,time,positive
1,19,time_to_give_output,145.2398292682927,2,checker_framework,1,time,positive
1,20,time_to_give_output,80.62182926829269,0,checker_framework,1,time,positive
1,21,time_to_give_output,89.93921951219512,0,checker_framework,1,time,positive
1,22,time_to_give_output,86.29456097560976,0,checker_framework,1,time,positive
1,23,time_to_give_output,54.50070731707317,0,checker_framework,1,time,positive
2,1,brain_deact_31ant,-0.456862813,0,checker_framework,2,physiological,negative
2,2,brain_deact_31ant,-0.627872625,0,checker_framework,2,physiological,negative
2,3,brain_deact_31ant,-0.569892688,0,checker_framework,2,physiological,negative
2,4,brain_deact_31ant,-0.724818625,0,checker_framework,2,physiological,negative
2,5,brain_deact_31ant,-0.461402625,0,checker_framework,2,physiological,negative
2,6,brain_deact_31ant,-0.573933125,0,checker_framework,2,physiological,negative
2,7,brain_deact_31ant,-0.400142063,0,checker_framework,2,physiological,negative
2,8,brain_deact_31ant,-0.6289035,0,checker_framework,2,physiological,negative
2,9,brain_deact_31ant,-0.512648188,0,checker_framework,2,physiological,negative
2,10,brain_deact_31ant,-0.8140095,0,checker_framework,2,physiological,negative
2,11,brain_deact_31ant,-0.799689,0,checker_framework,2,physiological,negative
2,12,brain_deact_31ant,-0.754594875,0,checker_framework,2,physiological,negative
2,1,brain_deact_31post,-0.680167625,0,checker_framework,2,physiological,negative
2,2,brain_deact_31post,-0.58754025,0,checker_framework,2,physiological,negative
2,3,brain_deact_31post,-0.484311125,0,checker_framework,2,physiological,negative
2,4,brain_deact_31post,-0.755176125,0,checker_framework,2,physiological,negative
2,5,brain_deact_31post,-0.504249125,0,checker_framework,2,physiological,negative
2,6,brain_deact_31post,-0.531375313,0,checker_framework,2,physiological,negative
2,7,brain_deact_31post,-0.452398375,0,checker_framework,2,physiological,negative
2,8,brain_deact_31post,-0.787476813,0,checker_framework,2,physiological,negative
2,9,brain_deact_31post,-0.474544625,0,checker_framework,2,physiological,negative
2,10,brain_deact_31post,-0.827268563,0,checker_framework,2,physiological,negative
2,11,brain_deact_31post,-0.825552875,0,checker_framework,2,physiological,negative
2,12,brain_deact_31post,-0.743071875,0,checker_framework,2,physiological,negative
2,1,brain_deact_32,-0.567438063,0,checker_framework,2,physiological,negative
2,2,brain_deact_32,-0.760412688,0,checker_framework,2,physiological,negative
2,3,brain_deact_32,-0.80337975,0,checker_framework,2,physiological,negative
2,4,brain_deact_32,-0.853813313,0,checker_framework,2,physiological,negative
2,5,brain_deact_32,-0.534999375,0,checker_framework,2,physiological,negative
2,6,brain_deact_32,-0.833937188,0,checker_framework,2,physiological,negative
2,7,brain_deact_32,-0.44148875,0,checker_framework,2,physiological,negative
2,8,brain_deact_32,-0.687596375,0,checker_framework,2,physiological,negative
2,9,brain_deact_32,-0.513088813,0,checker_framework,2,physiological,negative
2,10,brain_deact_32,-1.045516125,0,checker_framework,2,physiological,negative
2,11,brain_deact_32,-1.065309875,0,checker_framework,2,physiological,negative
2,12,brain_deact_32,-0.810991375,0,checker_framework,2,physiological,negative
2,1,time_to_understand,277998.6875,0,checker_framework,2,time,positive
2,2,time_to_understand,379138.5,0,checker_framework,2,time,positive
2,3,time_to_understand,282050.625,0,checker_framework,2,time,positive
2,4,time_to_understand,328751.1875,0,checker_framework,2,time,positive
2,5,time_to_understand,228106.875,0,checker_framework,2,time,positive
2,6,time_to_understand,256201.1875,0,checker_framework,2,time,positive
2,7,time_to_understand,173291.875,0,checker_framework,2,time,positive
2,8,time_to_understand,253121.6875,0,checker_framework,2,time,positive
2,9,time_to_understand,368599.625,0,checker_framework,2,time,positive
2,10,time_to_understand,288200.0,0,checker_framework,2,time,positive
2,11,time_to_understand,513357.5625,0,checker_framework,2,time,positive
2,12,time_to_understand,432204.875,0,checker_framework,2,time,positive
3,1,readability_level,2.99,0,checker_framework,3,rating,negative
3,2,readability_level,3.74,2,checker_framework,3,rating,negative
3,3,readability_level,2.69,4,checker_framework,3,rating,negative
3,4,readability_level,4.03,0,checker_framework,3,rating,negative
3,5,readability_level,4.18,1,checker_framework,3,rating,negative
3,6,readability_level,2.18,0,checker_framework,3,rating,negative
3,7,readability_level,3.62,0,checker_framework,3,rating,negative
3,8,readability_level,2.86,0,checker_framework,3,rating,negative
3,9,readability_level,4.13,0,checker_framework,3,rating,negative
3,10,readability_level,3.35,0,checker_framework,3,rating,negative
3,11,readability_level,3.64,0,checker_framework,3,rating,negative
3,12,readability_level,3.53,0,checker_framework,3,rating,negative
3,13,readability_level,3.03,0,checker_framework,3,rating,negative
3,14,readability_level,4.05,0,checker_framework,3,rating,negative
3,15,readability_level,1.82,0,checker_framework,3,rating,negative
3,16,readability_level,2.9,0,checker_framework,3,rating,negative
3,17,readability_level,3.74,0,checker_framework,3,rating,negative
3,18,readability_level,2.46,0,checker_framework,3,rating,negative
3,19,readability_level,3.56,0,checker_framework,3,rating,negative
3,20,readability_level,3.26,0,checker_framework,3,rating,negative
3,21,readability_level,3.73,0,checker_framework,3,rating,negative
3,22,readability_level,2.73,0,checker_framework,3,rating,negative
3,23,readability_level,3.94,2,checker_framework,3,rating,negative
3,24,readability_level,3.48,0,checker_framework,3,rating,negative
3,25,readability_level,2.09,4,checker_framework,3,rating,negative
3,26,readability_level,2.37,9,checker_framework,3,rating,negative
3,27,readability_level,3.76,0,checker_framework,3,rating,negative
3,28,readability_level,2.86,0,checker_framework,3,rating,negative
3,29,readability_level,3.96,0,checker_framework,3,rating,negative
3,30,readability_level,2.78,0,checker_framework,3,rating,negative
3,31,readability_level,3.27,0,checker_framework,3,rating,negative
3,32,readability_level,4.22,0,checker_framework,3,rating,negative
3,33,readability_level,4.02,0,checker_framework,3,rating,negative
3,34,readability_level,4.35,0,checker_framework,3,rating,negative
3,35,readability_level,2.0,3,checker_framework,3,rating,negative
3,36,readability_level,2.52,0,checker_framework,3,rating,negative
3,37,readability_level,2.57,1,checker_framework,3,rating,negative
3,38,readability_level,2.77,1,checker_framework,3,rating,negative
3,39,readability_level,2.96,3,checker_framework,3,rating,negative
3,40,readability_level,2.9,0,checker_framework,3,rating,negative
3,41,readability_level,2.41,0,checker_framework,3,rating,negative
3,42,readability_level,3.08,0,checker_framework,3,rating,negative
3,43,readability_level,3.28,0,checker_framework,3,rating,negative
3,44,readability_level,4.07,0,checker_framework,3,rating,negative
3,45,readability_level,3.84,0,checker_framework,3,rating,negative
3,46,readability_level,3.76,0,checker_framework,3,rating,negative
3,47,readability_level,3.88,0,checker_framework,3,rating,negative
3,48,readability_level,3.93,0,checker_framework,3,rating,negative
3,49,readability_level,4.05,0,checker_framework,3,rating,negative
3,50,readability_level,4.16,0,checker_framework,3,rating,negative
3,51,readability_level,3.92,0,checker_framework,3,rating,negative
3,52,readability_level,2.63,0,checker_framework,3,rating,negative
3,53,readability_level,2.72,1,checker_framework,3,rating,negative
3,54,readability_level,3.6,0,checker_framework,3,rating,negative
3,55,readability_level,2.71,0,checker_framework,3,rating,negative
3,56,readability_level,3.61,0,checker_framework,3,rating,negative
3,57,readability_level,3.6,0,checker_framework,3,rating,negative
3,58,readability_level,2.4,1,checker_framework,3,rating,negative
3,59,readability_level,3.83,0,checker_framework,3,rating,negative
3,60,readability_level,3.88,0,checker_framework,3,rating,negative
3,61,readability_level,3.77,0,checker_framework,3,rating,negative
3,62,readability_level,3.47,0,checker_framework,3,rating,negative
3,63,readability_level,2.64,1,checker_framework,3,rating,negative
3,64,readability_level,3.59,0,checker_framework,3,rating,negative
3,65,readability_level,3.2,0,checker_framework,3,rating,negative
3,66,readability_level,2.59,0,checker_framework,3,rating,negative
3,67,readability_level,4.02,0,checker_framework,3,rating,negative
3,68,readability_level,3.35,0,checker_framework,3,rating,negative
3,69,readability_level,2.92,0,checker_framework,3,rating,negative
3,70,readability_level,2.39,1,checker_framework,3,rating,negative
3,71,readability_level,3.69,0,checker_framework,3,rating,negative
3,72,readability_level,2.86,0,checker_framework,3,rating,negative
3,73,readability_level,3.38,0,checker_framework,3,rating,negative
3,74,readability_level,3.82,0,checker_framework,3,rating,negative
3,75,readability_level,3.39,0,checker_framework,3,rating,negative
3,76,readability_level,3.49,0,checker_framework,3,rating,negative
3,77,readability_level,2.72,2,checker_framework,3,rating,negative
3,78,readability_level,2.28,0,checker_framework,3,rating,negative
3,79,readability_level,3.34,9,checker_framework,3,rating,negative
3,80,readability_level,4.15,0,checker_framework,3,rating,negative
3,81,readability_level,3.93,0,checker_framework,3,rating,negative
3,82,readability_level,4.0,0,checker_framework,3,rating,negative
3,83,readability_level,2.76,0,checker_framework,3,rating,negative
3,84,readability_level,3.94,0,checker_framework,3,rating,negative
3,85,readability_level,3.61,2,checker_framework,3,rating,negative
3,86,readability_level,2.62,4,checker_framework,3,rating,negative
3,87,readability_level,2.87,0,checker_framework,3,rating,negative
3,88,readability_level,3.23,0,checker_framework,3,rating,negative
3,89,readability_level,4.28,0,checker_framework,3,rating,negative
3,90,readability_level,3.35,0,checker_framework,3,rating,negative
3,91,readability_level,2.08,0,checker_framework,3,rating,negative
3,92,readability_level,3.36,0,checker_framework,3,rating,negative
3,93,readability_level,2.36,0,checker_framework,3,rating,negative
3,94,readability_level,4.07,0,checker_framework,3,rating,negative
3,95,readability_level,3.18,0,checker_framework,3,rating,negative
3,96,readability_level,3.81,0,checker_framework,3,rating,negative
3,97,readability_level,2.9,0,checker_framework,3,rating,negative
3,98,readability_level,3.0,0,checker_framework,3,rating,negative
3,99,readability_level,2.95,0,checker_framework,3,rating,negative
3,100,readability_level,2.12,0,checker_framework,3,rating,negative
6,1,correct_verif_questions,0.3703703703703704,15,checker_framework,6,correctness,negative
6,2,correct_verif_questions,0.4074074074074073,13,checker_framework,6,correctness,negative
6,3,correct_verif_questions,0.4166666666666667,18,checker_framework,6,correctness,negative
6,4,correct_verif_questions,0.4074074074074075,21,checker_framework,6,correctness,negative
6,5,correct_verif_questions,0.5925925925925927,3,checker_framework,6,correctness,negative
6,6,correct_verif_questions,0.4444444444444443,0,checker_framework,6,correctness,negative
6,7,correct_verif_questions,0.4444444444444445,0,checker_framework,6,correctness,negative
6,8,correct_verif_questions,0.2962962962962963,0,checker_framework,6,correctness,negative
6,9,correct_verif_questions,0.5185185185185186,0,checker_framework,6,correctness,negative
6,10,correct_verif_questions,0.4814814814814815,0,checker_framework,6,correctness,negative
6,11,correct_verif_questions,0.1851851851851851,0,checker_framework,6,correctness,negative
6,12,correct_verif_questions,0.5185185185185186,0,checker_framework,6,correctness,negative
6,13,correct_verif_questions,0.4074074074074073,0,checker_framework,6,correctness,negative
6,14,correct_verif_questions,0.2592592592592592,0,checker_framework,6,correctness,negative
6,15,correct_verif_questions,0.4074074074074075,0,checker_framework,6,correctness,negative
6,16,correct_verif_questions,0.2222222222222222,0,checker_framework,6,correctness,negative
6,17,correct_verif_questions,0.4444444444444444,0,checker_framework,6,correctness,negative
6,18,correct_verif_questions,0.2962962962962963,0,checker_framework,6,correctness,negative
6,19,correct_verif_questions,0.6296296296296299,0,checker_framework,6,correctness,negative
6,20,correct_verif_questions,0.7407407407407408,0,checker_framework,6,correctness,negative
6,21,correct_verif_questions,0.074074074074074,0,checker_framework,6,correctness,negative
6,22,correct_verif_questions,0.1111111111111111,0,checker_framework,6,correctness,negative
6,23,correct_verif_questions,0.5925925925925926,0,checker_framework,6,correctness,negative
6,24,correct_verif_questions,0.5185185185185186,0,checker_framework,6,correctness,negative
6,25,correct_verif_questions,0.5925925925925928,0,checker_framework,6,correctness,negative
6,26,correct_verif_questions,0.2592592592592593,0,checker_framework,6,correctness,negative
6,27,correct_verif_questions,0.7407407407407408,0,checker_framework,6,correctness,negative
6,28,correct_verif_questions,0.3703703703703704,0,checker_framework,6,correctness,negative
6,29,correct_verif_questions,0.4074074074074074,0,checker_framework,6,correctness,negative
6,30,correct_verif_questions,0.2592592592592591,0,checker_framework,6,correctness,negative
6,31,correct_verif_questions,0.777777777777778,0,checker_framework,6,correctness,negative
6,32,correct_verif_questions,0.777777777777778,0,checker_framework,6,correctness,negative
6,33,correct_verif_questions,0.5555555555555556,0,checker_framework,6,correctness,negative
6,34,correct_verif_questions,0.4814814814814816,0,checker_framework,6,correctness,negative
6,35,correct_verif_questions,0.3703703703703703,0,checker_framework,6,correctness,negative
6,36,correct_verif_questions,0.5555555555555556,0,checker_framework,6,correctness,negative
6,37,correct_verif_questions,0.7407407407407409,0,checker_framework,6,correctness,negative
6,38,correct_verif_questions,0.4444444444444444,0,checker_framework,6,correctness,negative
6,39,correct_verif_questions,0.4814814814814815,0,checker_framework,6,correctness,negative
6,40,correct_verif_questions,0.2592592592592591,0,checker_framework,6,correctness,negative
6,41,correct_verif_questions,0.3333333333333335,0,checker_framework,6,correctness,negative
6,42,correct_verif_questions,0.2083333333333333,0,checker_framework,6,correctness,negative
6,43,correct_verif_questions,0.5416666666666667,0,checker_framework,6,correctness,negative
6,44,correct_verif_questions,0.2916666666666667,0,checker_framework,6,correctness,negative
6,45,correct_verif_questions,0.4166666666666668,0,checker_framework,6,correctness,negative
6,46,correct_verif_questions,0.7037037037037038,0,checker_framework,6,correctness,negative
6,47,correct_verif_questions,0.4444444444444444,0,checker_framework,6,correctness,negative
6,48,correct_verif_questions,0.8148148148148149,0,checker_framework,6,correctness,negative
6,49,correct_verif_questions,0.4074074074074073,0,checker_framework,6,correctness,negative
6,50,correct_verif_questions,0.3333333333333334,0,checker_framework,6,correctness,negative
6,1,binary_understandability,0.5555555555555556,15,checker_framework,6,rating,negative
6,2,binary_understandability,0.8888888888888888,13,checker_framework,6,rating,negative
6,3,binary_understandability,0.625,18,checker_framework,6,rating,negative
6,4,binary_understandability,0.6666666666666666,21,checker_framework,6,rating,negative
6,5,binary_understandability,0.7777777777777778,3,checker_framework,6,rating,negative
6,6,binary_understandability,0.8888888888888888,0,checker_framework,6,rating,negative
6,7,binary_understandability,0.7777777777777778,0,checker_framework,6,rating,negative
6,8,binary_understandability,0.5555555555555556,0,checker_framework,6,rating,negative
6,9,binary_understandability,0.7777777777777778,0,checker_framework,6,rating,negative
6,10,binary_understandability,0.7777777777777778,0,checker_framework,6,rating,negative
6,11,binary_understandability,0.5555555555555556,0,checker_framework,6,rating,negative
6,12,binary_understandability,0.6666666666666666,0,checker_framework,6,rating,negative
6,13,binary_understandability,0.6666666666666666,0,checker_framework,6,rating,negative
6,14,binary_understandability,0.5555555555555556,0,checker_framework,6,rating,negative
6,15,binary_understandability,0.6666666666666666,0,checker_framework,6,rating,negative
6,16,binary_understandability,0.4444444444444444,0,checker_framework,6,rating,negative
6,17,binary_understandability,0.6666666666666666,0,checker_framework,6,rating,negative
6,18,binary_understandability,0.4444444444444444,0,checker_framework,6,rating,negative
6,19,binary_understandability,0.8888888888888888,0,checker_framework,6,rating,negative
6,20,binary_understandability,0.8888888888888888,0,checker_framework,6,rating,negative
6,21,binary_understandability,0.2222222222222222,0,checker_framework,6,rating,negative
6,22,binary_understandability,0.2222222222222222,0,checker_framework,6,rating,negative
6,23,binary_understandability,0.8888888888888888,0,checker_framework,6,rating,negative
6,24,binary_understandability,0.6666666666666666,0,checker_framework,6,rating,negative
6,25,binary_understandability,0.7777777777777778,0,checker_framework,6,rating,negative
6,26,binary_understandability,0.4444444444444444,0,checker_framework,6,rating,negative
6,27,binary_understandability,0.7777777777777778,0,checker_framework,6,rating,negative
6,28,binary_understandability,0.4444444444444444,0,checker_framework,6,rating,negative
6,29,binary_understandability,0.5555555555555556,0,checker_framework,6,rating,negative
6,30,binary_understandability,0.6666666666666666,0,checker_framework,6,rating,negative
6,31,binary_understandability,1.0,0,checker_framework,6,rating,negative
6,32,binary_understandability,1.0,0,checker_framework,6,rating,negative
6,33,binary_understandability,0.8888888888888888,0,checker_framework,6,rating,negative
6,34,binary_understandability,0.6666666666666666,0,checker_framework,6,rating,negative
6,35,binary_understandability,0.6666666666666666,0,checker_framework,6,rating,negative
6,36,binary_understandability,0.7777777777777778,0,checker_framework,6,rating,negative
6,37,binary_understandability,1.0,0,checker_framework,6,rating,negative
6,38,binary_understandability,0.6666666666666666,0,checker_framework,6,rating,negative
6,39,binary_understandability,0.7777777777777778,0,checker_framework,6,rating,negative
6,40,binary_understandability,0.6666666666666666,0,checker_framework,6,rating,negative
6,41,binary_understandability,0.5,0,checker_framework,6,rating,negative
6,42,binary_understandability,0.375,0,checker_framework,6,rating,negative
6,43,binary_understandability,0.875,0,checker_framework,6,rating,negative
6,44,binary_understandability,0.625,0,checker_framework,6,rating,negative
6,45,binary_understandability,0.75,0,checker_framework,6,rating,negative
6,46,binary_understandability,1.0,0,checker_framework,6,rating,negative
6,47,binary_understandability,0.7777777777777778,0,checker_framework,6,rating,negative
6,48,binary_understandability,1.0,0,checker_framework,6,rating,negative
6,49,binary_understandability,0.7777777777777778,0,checker_framework,6,rating,negative
6,50,binary_understandability,0.5555555555555556,0,checker_framework,6,rating,negative
6,1,time_to_understand,74.4,15,checker_framework,6,time,positive
6,2,time_to_understand,73.75,13,checker_framework,6,time,positive
6,3,time_to_understand,59.8,18,checker_framework,6,time,positive
6,4,time_to_understand,60.5,21,checker_framework,6,time,positive
6,5,time_to_understand,66.14285714285714,3,checker_framework,6,time,positive
6,6,time_to_understand,82.625,0,checker_framework,6,time,positive
6,7,time_to_understand,257.42857142857144,0,checker_framework,6,time,positive
6,8,time_to_understand,81.4,0,checker_framework,6,time,positive
6,9,time_to_understand,170.28571428571428,0,checker_framework,6,time,positive
6,10,time_to_understand,153.57142857142858,0,checker_framework,6,time,positive
6,11,time_to_understand,241.4,0,checker_framework,6,time,positive
6,12,time_to_understand,62.333333333333336,0,checker_framework,6,time,positive
6,13,time_to_understand,53.66666666666666,0,checker_framework,6,time,positive
6,14,time_to_understand,94.2,0,checker_framework,6,time,positive
6,15,time_to_understand,113.66666666666669,0,checker_framework,6,time,positive
6,16,time_to_understand,202.25,0,checker_framework,6,time,positive
6,17,time_to_understand,237.33333333333331,0,checker_framework,6,time,positive
6,18,time_to_understand,151.5,0,checker_framework,6,time,positive
6,19,time_to_understand,435.5,0,checker_framework,6,time,positive
6,20,time_to_understand,102.5,0,checker_framework,6,time,positive
6,21,time_to_understand,172.5,0,checker_framework,6,time,positive
6,22,time_to_understand,28.0,0,checker_framework,6,time,positive
6,23,time_to_understand,264.25,0,checker_framework,6,time,positive
6,24,time_to_understand,163.5,0,checker_framework,6,time,positive
6,25,time_to_understand,48.85714285714285,0,checker_framework,6,time,positive
6,26,time_to_understand,57.5,0,checker_framework,6,time,positive
6,27,time_to_understand,144.71428571428572,0,checker_framework,6,time,positive
6,28,time_to_understand,270.25,0,checker_framework,6,time,positive
6,29,time_to_understand,51.6,0,checker_framework,6,time,positive
6,30,time_to_understand,159.5,0,checker_framework,6,time,positive
6,31,time_to_understand,50.888888888888886,0,checker_framework,6,time,positive
6,32,time_to_understand,83.55555555555556,0,checker_framework,6,time,positive
6,33,time_to_understand,122.125,0,checker_framework,6,time,positive
6,34,time_to_understand,82.5,0,checker_framework,6,time,positive
6,35,time_to_understand,83.33333333333333,0,checker_framework,6,time,positive
6,36,time_to_understand,74.57142857142857,0,checker_framework,6,time,positive
6,37,time_to_understand,238.44444444444449,0,checker_framework,6,time,positive
6,38,time_to_understand,66.16666666666667,0,checker_framework,6,time,positive
6,39,time_to_understand,101.85714285714286,0,checker_framework,6,time,positive
6,40,time_to_understand,247.0,0,checker_framework,6,time,positive
6,41,time_to_understand,195.5,0,checker_framework,6,time,positive
6,42,time_to_understand,318.0,0,checker_framework,6,time,positive
6,43,time_to_understand,47.85714285714285,0,checker_framework,6,time,positive
6,44,time_to_understand,391.0,0,checker_framework,6,time,positive
6,45,time_to_understand,162.16666666666666,0,checker_framework,6,time,positive
6,46,time_to_understand,55.66666666666666,0,checker_framework,6,time,positive
6,47,time_to_understand,85.42857142857143,0,checker_framework,6,time,positive
6,48,time_to_understand,117.88888888888889,0,checker_framework,6,time,positive
6,49,time_to_understand,85.57142857142857,0,checker_framework,6,time,positive
6,50,time_to_understand,238.0,0,checker_framework,6,time,positive
63,1,adjusted_gaze_sig,0.9762631428571428,6,checker_framework,63,physiological,positive
63,2,adjusted_gaze_sig,0.8230961666666666,3,checker_framework,63,physiological,positive
63,3,adjusted_gaze_sig,0.5625836166666667,5,checker_framework,63,physiological,positive
63,4,adjusted_gaze_sig,0.89375,16,checker_framework,63,physiological,positive
63,5,adjusted_gaze_sig,2.6371384000000004,5,checker_framework,63,physiological,positive
63,6,adjusted_gaze_sig,0.743938,5,checker_framework,63,physiological,positive
63,7,adjusted_gaze_sig,0.22781025,2,checker_framework,63,physiological,positive
63,8,adjusted_gaze_sig,0.296709,4,checker_framework,63,physiological,positive
63,9,adjusted_gaze_sig,0.9081988,6,checker_framework,63,physiological,positive
63,10,adjusted_gaze_sig,1.328576,3,checker_framework,63,physiological,positive
63,11,adjusted_gaze_sig,1.2333020000000003,0,checker_framework,63,physiological,positive
63,12,adjusted_gaze_sig,0.62354116,3,checker_framework,63,physiological,positive
63,13,adjusted_gaze_sig,7.25147,0,checker_framework,63,physiological,positive
63,14,adjusted_gaze_sig,0.0,2,checker_framework,63,physiological,positive
63,15,adjusted_gaze_sig,0.6652165666666668,1,checker_framework,63,physiological,positive
63,16,adjusted_gaze_sig,0.5481481666666667,0,checker_framework,63,physiological,positive
63,17,adjusted_gaze_sig,1.0767303333333331,0,checker_framework,63,physiological,positive
63,18,adjusted_gaze_sig,1.75984745,0,checker_framework,63,physiological,positive
63,19,adjusted_gaze_sig,0.362847,0,checker_framework,63,physiological,positive
63,20,adjusted_gaze_sig,0.0,0,checker_framework,63,physiological,positive
63,21,adjusted_gaze_sig,0.0,0,checker_framework,63,physiological,positive
63,22,adjusted_gaze_sig,0.5865469125,0,checker_framework,63,physiological,positive
63,23,adjusted_gaze_sig,0.413850625,0,checker_framework,63,physiological,positive
63,24,adjusted_gaze_sig,0.9035215,0,checker_framework,63,physiological,positive
63,25,adjusted_gaze_sig,0.98207,0,checker_framework,63,physiological,positive
63,26,adjusted_gaze_sig,0.123751,0,checker_framework,63,physiological,positive
63,27,adjusted_gaze_sig,0.0,0,checker_framework,63,physiological,positive
63,28,adjusted_gaze_sig,0.393362,0,checker_framework,63,physiological,positive
63,29,adjusted_gaze_sig,0.322672,0,checker_framework,63,physiological,positive
63,30,adjusted_gaze_sig,1.1762729,0,checker_framework,63,physiological,positive
63,31,adjusted_gaze_sig,0.56380175,0,checker_framework,63,physiological,positive
63,32,adjusted_gaze_sig,0.867282125,0,checker_framework,63,physiological,positive
63,33,adjusted_gaze_sig,1.227694,0,checker_framework,63,physiological,positive
63,34,adjusted_gaze_sig,1.1920696666666664,0,checker_framework,63,physiological,positive
63,35,adjusted_gaze_sig,0.5767354142857143,0,checker_framework,63,physiological,positive
63,36,adjusted_gaze_sig,0.6708358571428573,0,checker_framework,63,physiological,positive
63,37,adjusted_gaze_sig,0.7713289999999999,0,checker_framework,63,physiological,positive
63,38,adjusted_gaze_sig,1.1950006666666666,0,checker_framework,63,physiological,positive
63,39,adjusted_gaze_sig,1.5442762857142858,0,checker_framework,63,physiological,positive
63,40,adjusted_gaze_sig,1.0439151428571427,0,checker_framework,63,physiological,positive
63,41,adjusted_gaze_sig,0.0,0,checker_framework,63,physiological,positive
63,42,adjusted_gaze_sig,0.0,0,checker_framework,63,physiological,positive
63,43,adjusted_gaze_sig,0.0,0,checker_framework,63,physiological,positive
63,44,adjusted_gaze_sig,0.0,0,checker_framework,63,physiological,positive
63,45,adjusted_gaze_sig,0.0,0,checker_framework,63,physiological,positive
63,46,adjusted_gaze_sig,0.0,0,checker_framework,63,physiological,positive
63,47,adjusted_gaze_sig,0.0,0,checker_framework,63,physiological,positive
63,48,adjusted_gaze_sig,0.0,0,checker_framework,63,physiological,positive
63,49,adjusted_gaze_sig,0.0,0,checker_framework,63,physiological,positive
63,50,adjusted_gaze_sig,0.0,0,checker_framework,63,physiological,positive
63,51,adjusted_gaze_sig,0.0,0,checker_framework,63,physiological,positive
63,52,adjusted_gaze_sig,0.0,0,checker_framework,63,physiological,positive
63,53,adjusted_gaze_sig,0.0,0,checker_framework,63,physiological,positive
63,54,adjusted_gaze_sig,0.0,0,checker_framework,63,physiological,positive
63,55,adjusted_gaze_sig,0.0,0,checker_framework,63,physiological,positive
63,56,adjusted_gaze_sig,0.0,0,checker_framework,63,physiological,positive
63,57,adjusted_gaze_sig,0.0,0,checker_framework,63,physiological,positive
63,58,adjusted_gaze_sig,0.0,0,checker_framework,63,physiological,positive
63,59,adjusted_gaze_sig,0.0,0,checker_framework,63,physiological,positive
63,60,adjusted_gaze_sig,0.0,0,checker_framework,63,physiological,positive
63,61,adjusted_gaze_sig,0.0,0,checker_framework,63,physiological,positive
63,62,adjusted_gaze_sig,0.0,0,checker_framework,63,physiological,positive
63,63,adjusted_gaze_sig,0.0,0,checker_framework,63,physiological,positive
63,64,adjusted_gaze_sig,0.0,0,checker_framework,63,physiological,positive
63,1,adjusted_gaze_non_sig,1.0012627142857142,6,checker_framework,63,physiological,positive
63,2,adjusted_gaze_non_sig,1.035382,3,checker_framework,63,physiological,positive
63,3,adjusted_gaze_non_sig,1.0388815000000002,5,checker_framework,63,physiological,positive
63,4,adjusted_gaze_non_sig,1.0066405,16,checker_framework,63,physiological,positive
63,5,adjusted_gaze_non_sig,0.8035439999999999,5,checker_framework,63,physiological,positive
63,6,adjusted_gaze_non_sig,1.0221293333333332,5,checker_framework,63,physiological,positive
63,7,adjusted_gaze_non_sig,1.198565,2,checker_framework,63,physiological,positive
63,8,adjusted_gaze_non_sig,1.18869,4,checker_framework,63,physiological,positive
63,9,adjusted_gaze_non_sig,1.008346,6,checker_framework,63,physiological,positive
63,10,adjusted_gaze_non_sig,0.94700475,3,checker_framework,63,physiological,positive
63,11,adjusted_gaze_non_sig,0.9611160000000002,0,checker_framework,63,physiological,positive
63,12,adjusted_gaze_non_sig,1.0597564,3,checker_framework,63,physiological,positive
63,13,adjusted_gaze_non_sig,0.5688641666666666,0,checker_framework,63,physiological,positive
63,14,adjusted_gaze_non_sig,1.06452,2,checker_framework,63,physiological,positive
63,15,adjusted_gaze_non_sig,1.0464055,1,checker_framework,63,physiological,positive
63,16,adjusted_gaze_non_sig,1.0779053333333335,0,checker_framework,63,physiological,positive
63,17,adjusted_gaze_non_sig,0.9531083333333332,0,checker_framework,63,physiological,positive
63,18,adjusted_gaze_non_sig,0.9831165,0,checker_framework,63,physiological,positive
63,19,adjusted_gaze_non_sig,1.03982,0,checker_framework,63,physiological,positive
63,20,adjusted_gaze_non_sig,1.13636,0,checker_framework,63,physiological,positive
63,21,adjusted_gaze_non_sig,1.35294,0,checker_framework,63,physiological,positive
63,22,adjusted_gaze_non_sig,1.036127625,0,checker_framework,63,physiological,positive
63,23,adjusted_gaze_non_sig,1.183171625,0,checker_framework,63,physiological,positive
63,24,adjusted_gaze_non_sig,1.00470625,0,checker_framework,63,physiological,positive
63,25,adjusted_gaze_non_sig,1.0016315,0,checker_framework,63,physiological,positive
63,26,adjusted_gaze_non_sig,1.1402,0,checker_framework,63,physiological,positive
63,27,adjusted_gaze_non_sig,1.075,0,checker_framework,63,physiological,positive
63,28,adjusted_gaze_non_sig,1.07137,0,checker_framework,63,physiological,positive
63,29,adjusted_gaze_non_sig,1.079685,0,checker_framework,63,physiological,positive
63,30,adjusted_gaze_non_sig,0.9843317500000002,0,checker_framework,63,physiological,positive
63,31,adjusted_gaze_non_sig,1.049248625,0,checker_framework,63,physiological,positive
63,32,adjusted_gaze_non_sig,1.00717325,0,checker_framework,63,physiological,positive
63,33,adjusted_gaze_non_sig,0.988017,0,checker_framework,63,physiological,positive
63,34,adjusted_gaze_non_sig,0.9819933333333332,0,checker_framework,63,physiological,positive
63,35,adjusted_gaze_non_sig,1.0423244285714286,0,checker_framework,63,physiological,positive
63,36,adjusted_gaze_non_sig,1.0173247142857142,0,checker_framework,63,physiological,positive
63,37,adjusted_gaze_non_sig,1.024625,0,checker_framework,63,physiological,positive
63,38,adjusted_gaze_non_sig,0.98172,0,checker_framework,63,physiological,positive
63,39,adjusted_gaze_non_sig,0.9333551428571428,0,checker_framework,63,physiological,positive
63,40,adjusted_gaze_non_sig,0.9987081428571428,0,checker_framework,63,physiological,positive
63,41,adjusted_gaze_non_sig,0.0,0,checker_framework,63,physiological,positive
63,42,adjusted_gaze_non_sig,0.0,0,checker_framework,63,physiological,positive
63,43,adjusted_gaze_non_sig,0.0,0,checker_framework,63,physiological,positive
63,44,adjusted_gaze_non_sig,0.0,0,checker_framework,63,physiological,positive
63,45,adjusted_gaze_non_sig,0.0,0,checker_framework,63,physiological,positive
63,46,adjusted_gaze_non_sig,0.0,0,checker_framework,63,physiological,positive
63,47,adjusted_gaze_non_sig,0.0,0,checker_framework,63,physiological,positive
63,48,adjusted_gaze_non_sig,0.0,0,checker_framework,63,physiological,positive
63,49,adjusted_gaze_non_sig,0.0,0,checker_framework,63,physiological,positive
63,50,adjusted_gaze_non_sig,0.0,0,checker_framework,63,physiological,positive
63,51,adjusted_gaze_non_sig,0.0,0,checker_framework,63,physiological,positive
63,52,adjusted_gaze_non_sig,0.0,0,checker_framework,63,physiological,positive
63,53,adjusted_gaze_non_sig,0.0,0,checker_framework,63,physiological,positive
63,54,adjusted_gaze_non_sig,0.0,0,checker_framework,63,physiological,positive
63,55,adjusted_gaze_non_sig,0.0,0,checker_framework,63,physiological,positive
63,56,adjusted_gaze_non_sig,0.0,0,checker_framework,63,physiological,positive
63,57,adjusted_gaze_non_sig,0.0,0,checker_framework,63,physiological,positive
63,58,adjusted_gaze_non_sig,0.0,0,checker_framework,63,physiological,positive
63,59,adjusted_gaze_non_sig,0.0,0,checker_framework,63,physiological,positive
63,60,adjusted_gaze_non_sig,0.0,0,checker_framework,63,physiological,positive
63,61,adjusted_gaze_non_sig,0.0,0,checker_framework,63,physiological,positive
63,62,adjusted_gaze_non_sig,0.0,0,checker_framework,63,physiological,positive
63,63,adjusted_gaze_non_sig,0.0,0,checker_framework,63,physiological,positive
63,64,adjusted_gaze_non_sig,0.0,0,checker_framework,63,physiological,positive
63,1,adjusted_fix_sig,0.5704825714285715,6,checker_framework,63,physiological,positive
63,2,adjusted_fix_sig,0.6598746666666667,3,checker_framework,63,physiological,positive
63,3,adjusted_fix_sig,0.3057458333333333,5,checker_framework,63,physiological,positive
63,4,adjusted_fix_sig,0.425,16,checker_framework,63,physiological,positive
63,5,adjusted_fix_sig,2.9051914,5,checker_framework,63,physiological,positive
63,6,adjusted_fix_sig,0.8669013333333334,5,checker_framework,63,physiological,positive
63,7,adjusted_fix_sig,0.10787605,2,checker_framework,63,physiological,positive
63,8,adjusted_fix_sig,0.241187,4,checker_framework,63,physiological,positive
63,9,adjusted_fix_sig,0.6465266,6,checker_framework,63,physiological,positive
63,10,adjusted_fix_sig,1.10297925,3,checker_framework,63,physiological,positive
63,11,adjusted_fix_sig,1.2598273333333332,0,checker_framework,63,physiological,positive
63,12,adjusted_fix_sig,0.5756184,3,checker_framework,63,physiological,positive
63,13,adjusted_fix_sig,6.436988833333333,0,checker_framework,63,physiological,positive
63,14,adjusted_fix_sig,0.0,2,checker_framework,63,physiological,positive
63,15,adjusted_fix_sig,0.6469865333333333,1,checker_framework,63,physiological,positive
63,16,adjusted_fix_sig,0.6525656666666667,0,checker_framework,63,physiological,positive
63,17,adjusted_fix_sig,1.0895208333333335,0,checker_framework,63,physiological,positive
63,18,adjusted_fix_sig,1.61501335,0,checker_framework,63,physiological,positive
63,19,adjusted_fix_sig,0.468504,0,checker_framework,63,physiological,positive
63,20,adjusted_fix_sig,0.0,0,checker_framework,63,physiological,positive
63,21,adjusted_fix_sig,0.0,0,checker_framework,63,physiological,positive
63,22,adjusted_fix_sig,0.369805775,0,checker_framework,63,physiological,positive
63,23,adjusted_fix_sig,0.3446160625,0,checker_framework,63,physiological,positive
63,24,adjusted_fix_sig,0.782111025,0,checker_framework,63,physiological,positive
63,25,adjusted_fix_sig,0.6956899999999999,0,checker_framework,63,physiological,positive
63,26,adjusted_fix_sig,0.0788045,0,checker_framework,63,physiological,positive
63,27,adjusted_fix_sig,0.0,0,checker_framework,63,physiological,positive
63,28,adjusted_fix_sig,0.95,0,checker_framework,63,physiological,positive
63,29,adjusted_fix_sig,0.319328,0,checker_framework,63,physiological,positive
63,30,adjusted_fix_sig,1.070199575,0,checker_framework,63,physiological,positive
63,31,adjusted_fix_sig,0.359252225,0,checker_framework,63,physiological,positive
63,32,adjusted_fix_sig,0.7660482500000001,0,checker_framework,63,physiological,positive
63,33,adjusted_fix_sig,1.44020525,0,checker_framework,63,physiological,positive
63,34,adjusted_fix_sig,0.8920514444444445,0,checker_framework,63,physiological,positive
63,35,adjusted_fix_sig,0.6372011142857142,0,checker_framework,63,physiological,positive
63,36,adjusted_fix_sig,0.5316787142857143,0,checker_framework,63,physiological,positive
63,37,adjusted_fix_sig,0.828344,0,checker_framework,63,physiological,positive
63,38,adjusted_fix_sig,0.5885861666666666,0,checker_framework,63,physiological,positive
63,39,adjusted_fix_sig,0.7586309714285715,0,checker_framework,63,physiological,positive
63,40,adjusted_fix_sig,0.9255011428571428,0,checker_framework,63,physiological,positive
63,41,adjusted_fix_sig,0.0,0,checker_framework,63,physiological,positive
63,42,adjusted_fix_sig,0.0,0,checker_framework,63,physiological,positive
63,43,adjusted_fix_sig,0.0,0,checker_framework,63,physiological,positive
63,44,adjusted_fix_sig,0.0,0,checker_framework,63,physiological,positive
63,45,adjusted_fix_sig,0.0,0,checker_framework,63,physiological,positive
63,46,adjusted_fix_sig,0.0,0,checker_framework,63,physiological,positive
63,47,adjusted_fix_sig,0.0,0,checker_framework,63,physiological,positive
63,48,adjusted_fix_sig,0.0,0,checker_framework,63,physiological,positive
63,49,adjusted_fix_sig,0.0,0,checker_framework,63,physiological,positive
63,50,adjusted_fix_sig,0.0,0,checker_framework,63,physiological,positive
63,51,adjusted_fix_sig,0.0,0,checker_framework,63,physiological,positive
63,52,adjusted_fix_sig,0.0,0,checker_framework,63,physiological,positive
63,53,adjusted_fix_sig,0.0,0,checker_framework,63,physiological,positive
63,54,adjusted_fix_sig,0.0,0,checker_framework,63,physiological,positive
63,55,adjusted_fix_sig,0.0,0,checker_framework,63,physiological,positive
63,56,adjusted_fix_sig,0.0,0,checker_framework,63,physiological,positive
63,57,adjusted_fix_sig,0.0,0,checker_framework,63,physiological,positive
63,58,adjusted_fix_sig,0.0,0,checker_framework,63,physiological,positive
63,59,adjusted_fix_sig,0.0,0,checker_framework,63,physiological,positive
63,60,adjusted_fix_sig,0.0,0,checker_framework,63,physiological,positive
63,61,adjusted_fix_sig,0.0,0,checker_framework,63,physiological,positive
63,62,adjusted_fix_sig,0.0,0,checker_framework,63,physiological,positive
63,63,adjusted_fix_sig,0.0,0,checker_framework,63,physiological,positive
63,64,adjusted_fix_sig,0.0,0,checker_framework,63,physiological,positive
63,1,adjusted_fix_non_sig,1.022847142857143,6,checker_framework,63,physiological,positive
63,2,adjusted_fix_non_sig,1.0680243333333332,3,checker_framework,63,physiological,positive
63,3,adjusted_fix_non_sig,1.06171,5,checker_framework,63,physiological,positive
63,4,adjusted_fix_non_sig,1.03594,16,checker_framework,63,physiological,positive
63,5,adjusted_fix_non_sig,0.7713774,5,checker_framework,63,physiological,positive
63,6,adjusted_fix_non_sig,1.0115040000000002,5,checker_framework,63,physiological,positive
63,7,adjusted_fix_non_sig,1.2294025,2,checker_framework,63,physiological,positive
63,8,adjusted_fix_non_sig,1.20358,4,checker_framework,63,physiological,positive
63,9,adjusted_fix_non_sig,1.0321358,6,checker_framework,63,physiological,positive
63,10,adjusted_fix_non_sig,0.98339175,3,checker_framework,63,physiological,positive
63,11,adjusted_fix_non_sig,0.9566937333333334,0,checker_framework,63,physiological,positive
63,12,adjusted_fix_non_sig,1.067363,3,checker_framework,63,physiological,positive
63,13,adjusted_fix_non_sig,0.6250355,0,checker_framework,63,physiological,positive
63,14,adjusted_fix_non_sig,1.06452,2,checker_framework,63,physiological,positive
63,15,adjusted_fix_non_sig,1.0489339999999998,1,checker_framework,63,physiological,positive
63,16,adjusted_fix_non_sig,1.0599005,0,checker_framework,63,physiological,positive
63,17,adjusted_fix_non_sig,0.9452923333333332,0,checker_framework,63,physiological,positive
63,18,adjusted_fix_non_sig,0.986333,0,checker_framework,63,physiological,positive
63,19,adjusted_fix_non_sig,1.03322,0,checker_framework,63,physiological,positive
63,20,adjusted_fix_non_sig,1.13636,0,checker_framework,63,physiological,positive
63,21,adjusted_fix_non_sig,1.35294,0,checker_framework,63,physiological,positive
63,22,adjusted_fix_non_sig,1.0550675,0,checker_framework,63,physiological,positive
63,23,adjusted_fix_non_sig,1.2048075,0,checker_framework,63,physiological,positive
63,24,adjusted_fix_non_sig,1.01062975,0,checker_framework,63,physiological,positive
63,25,adjusted_fix_non_sig,1.027663,0,checker_framework,63,physiological,positive
63,26,adjusted_fix_non_sig,1.14739,0,checker_framework,63,physiological,positive
63,27,adjusted_fix_non_sig,1.075,0,checker_framework,63,physiological,positive
63,28,adjusted_fix_non_sig,1.005884,0,checker_framework,63,physiological,positive
63,29,adjusted_fix_non_sig,1.0800800000000002,0,checker_framework,63,physiological,positive
63,30,adjusted_fix_non_sig,0.99375925,0,checker_framework,63,physiological,positive
63,31,adjusted_fix_non_sig,1.07234375,0,checker_framework,63,physiological,positive
63,32,adjusted_fix_non_sig,1.01264575,0,checker_framework,63,physiological,positive
63,33,adjusted_fix_non_sig,0.976830625,0,checker_framework,63,physiological,positive
63,34,adjusted_fix_non_sig,1.01012,0,checker_framework,63,physiological,positive
63,35,adjusted_fix_non_sig,1.036279857142857,0,checker_framework,63,physiological,positive
63,36,adjusted_fix_non_sig,1.0246478571428572,0,checker_framework,63,physiological,positive
63,37,adjusted_fix_non_sig,1.0184845,0,checker_framework,63,physiological,positive
63,38,adjusted_fix_non_sig,1.0385704999999998,0,checker_framework,63,physiological,positive
63,39,adjusted_fix_non_sig,1.0295549999999998,0,checker_framework,63,physiological,positive
63,40,adjusted_fix_non_sig,1.0021907142857145,0,checker_framework,63,physiological,positive
63,41,adjusted_fix_non_sig,0.0,0,checker_framework,63,physiological,positive
63,42,adjusted_fix_non_sig,0.0,0,checker_framework,63,physiological,positive
63,43,adjusted_fix_non_sig,0.0,0,checker_framework,63,physiological,positive
63,44,adjusted_fix_non_sig,0.0,0,checker_framework,63,physiological,positive
63,45,adjusted_fix_non_sig,0.0,0,checker_framework,63,physiological,positive
63,46,adjusted_fix_non_sig,0.0,0,checker_framework,63,physiological,positive
63,47,adjusted_fix_non_sig,0.0,0,checker_framework,63,physiological,positive
63,48,adjusted_fix_non_sig,0.0,0,checker_framework,63,physiological,positive
63,49,adjusted_fix_non_sig,0.0,0,checker_framework,63,physiological,positive
63,50,adjusted_fix_non_sig,0.0,0,checker_framework,63,physiological,positive
63,51,adjusted_fix_non_sig,0.0,0,checker_framework,63,physiological,positive
63,52,adjusted_fix_non_sig,0.0,0,checker_framework,63,physiological,positive
63,53,adjusted_fix_non_sig,0.0,0,checker_framework,63,physiological,positive
63,54,adjusted_fix_non_sig,0.0,0,checker_framework,63,physiological,positive
63,55,adjusted_fix_non_sig,0.0,0,checker_framework,63,physiological,positive
63,56,adjusted_fix_non_sig,0.0,0,checker_framework,63,physiological,positive
63,57,adjusted_fix_non_sig,0.0,0,checker_framework,63,physiological,positive
63,58,adjusted_fix_non_sig,0.0,0,checker_framework,63,physiological,positive
63,59,adjusted_fix_non_sig,0.0,0,checker_framework,63,physiological,positive
63,60,adjusted_fix_non_sig,0.0,0,checker_framework,63,physiological,positive
63,61,adjusted_fix_non_sig,0.0,0,checker_framework,63,physiological,positive
63,62,adjusted_fix_non_sig,0.0,0,checker_framework,63,physiological,positive
63,63,adjusted_fix_non_sig,0.0,0,checker_framework,63,physiological,positive
63,64,adjusted_fix_non_sig,0.0,0,checker_framework,63,physiological,positive
63,1,adjusted_gaze_flow,0.8939634285714285,6,checker_framework,63,physiological,positive
63,2,adjusted_gaze_flow,1.590968333333333,3,checker_framework,63,physiological,positive
63,3,adjusted_gaze_flow,1.4814991666666668,5,checker_framework,63,physiological,positive
63,4,adjusted_gaze_flow,0.8340995,16,checker_framework,63,physiological,positive
63,5,adjusted_gaze_flow,0.8475556666666666,5,checker_framework,63,physiological,positive
63,6,adjusted_gaze_flow,1.78484475,5,checker_framework,63,physiological,positive
63,7,adjusted_gaze_flow,0.0,2,checker_framework,63,physiological,positive
63,8,adjusted_gaze_flow,1.467374,4,checker_framework,63,physiological,positive
63,9,adjusted_gaze_flow,1.788082775,6,checker_framework,63,physiological,positive
63,10,adjusted_gaze_flow,1.1948017333333332,3,checker_framework,63,physiological,positive
63,11,adjusted_gaze_flow,1.4922766,0,checker_framework,63,physiological,positive
63,12,adjusted_gaze_flow,0.5471588333333334,3,checker_framework,63,physiological,positive
63,13,adjusted_gaze_flow,0.271832,0,checker_framework,63,physiological,positive
63,14,adjusted_gaze_flow,1.4582316666666666,2,checker_framework,63,physiological,positive
63,15,adjusted_gaze_flow,1.6839356666666665,1,checker_framework,63,physiological,positive
63,16,adjusted_gaze_flow,0.6687440000000001,0,checker_framework,63,physiological,positive
63,17,adjusted_gaze_flow,0.91335,0,checker_framework,63,physiological,positive
63,18,adjusted_gaze_flow,1.309525,0,checker_framework,63,physiological,positive
63,19,adjusted_gaze_flow,2.64243,0,checker_framework,63,physiological,positive
63,20,adjusted_gaze_flow,0.584649,0,checker_framework,63,physiological,positive
63,21,adjusted_gaze_flow,0.953450875,0,checker_framework,63,physiological,positive
63,22,adjusted_gaze_flow,1.2158466250000002,0,checker_framework,63,physiological,positive
63,23,adjusted_gaze_flow,0.664894375,0,checker_framework,63,physiological,positive
63,24,adjusted_gaze_flow,0.399041,0,checker_framework,63,physiological,positive
63,25,adjusted_gaze_flow,1.2139950000000002,0,checker_framework,63,physiological,positive
63,26,adjusted_gaze_flow,1.396597,0,checker_framework,63,physiological,positive
63,27,adjusted_gaze_flow,0.59716,0,checker_framework,63,physiological,positive
63,28,adjusted_gaze_flow,0.737054,0,checker_framework,63,physiological,positive
63,29,adjusted_gaze_flow,1.049636,0,checker_framework,63,physiological,positive
63,30,adjusted_gaze_flow,2.0015175000000003,0,checker_framework,63,physiological,positive
63,31,adjusted_gaze_flow,0.910566875,0,checker_framework,63,physiological,positive
63,32,adjusted_gaze_flow,1.62674875,0,checker_framework,63,physiological,positive
63,33,adjusted_gaze_flow,0.8239138888888888,0,checker_framework,63,physiological,positive
63,34,adjusted_gaze_flow,0.9286387142857144,0,checker_framework,63,physiological,positive
63,35,adjusted_gaze_flow,1.2251139999999998,0,checker_framework,63,physiological,positive
63,36,adjusted_gaze_flow,1.3266493333333331,0,checker_framework,63,physiological,positive
63,37,adjusted_gaze_flow,0.841827,0,checker_framework,63,physiological,positive
63,38,adjusted_gaze_flow,0.7460811428571429,0,checker_framework,63,physiological,positive
63,39,adjusted_gaze_flow,0.0,0,checker_framework,63,physiological,positive
63,40,adjusted_gaze_flow,0.0,0,checker_framework,63,physiological,positive
63,41,adjusted_gaze_flow,0.0,0,checker_framework,63,physiological,positive
63,42,adjusted_gaze_flow,0.0,0,checker_framework,63,physiological,positive
63,43,adjusted_gaze_flow,0.0,0,checker_framework,63,physiological,positive
63,44,adjusted_gaze_flow,0.0,0,checker_framework,63,physiological,positive
63,45,adjusted_gaze_flow,0.0,0,checker_framework,63,physiological,positive
63,46,adjusted_gaze_flow,0.0,0,checker_framework,63,physiological,positive
63,47,adjusted_gaze_flow,0.0,0,checker_framework,63,physiological,positive
63,48,adjusted_gaze_flow,0.0,0,checker_framework,63,physiological,positive
63,49,adjusted_gaze_flow,0.0,0,checker_framework,63,physiological,positive
63,50,adjusted_gaze_flow,0.0,0,checker_framework,63,physiological,positive
63,51,adjusted_gaze_flow,0.0,0,checker_framework,63,physiological,positive
63,52,adjusted_gaze_flow,0.0,0,checker_framework,63,physiological,positive
63,53,adjusted_gaze_flow,0.0,0,checker_framework,63,physiological,positive
63,54,adjusted_gaze_flow,0.0,0,checker_framework,63,physiological,positive
63,55,adjusted_gaze_flow,0.0,0,checker_framework,63,physiological,positive
63,56,adjusted_gaze_flow,0.0,0,checker_framework,63,physiological,positive
63,57,adjusted_gaze_flow,0.0,0,checker_framework,63,physiological,positive
63,58,adjusted_gaze_flow,0.0,0,checker_framework,63,physiological,positive
63,59,adjusted_gaze_flow,0.0,0,checker_framework,63,physiological,positive
63,60,adjusted_gaze_flow,0.0,0,checker_framework,63,physiological,positive
63,61,adjusted_gaze_flow,0.0,0,checker_framework,63,physiological,positive
63,62,adjusted_gaze_flow,0.0,0,checker_framework,63,physiological,positive
63,63,adjusted_gaze_flow,0.0,0,checker_framework,63,physiological,positive
63,64,adjusted_gaze_flow,0.0,0,checker_framework,63,physiological,positive
63,1,adjusted_gaze_non_flow,1.0452225714285714,6,checker_framework,63,physiological,positive
63,2,adjusted_gaze_non_flow,0.8153225000000001,3,checker_framework,63,physiological,positive
63,3,adjusted_gaze_non_flow,0.9060483333333332,5,checker_framework,63,physiological,positive
63,4,adjusted_gaze_non_flow,1.1235435,16,checker_framework,63,physiological,positive
63,5,adjusted_gaze_non_flow,1.2018866666666668,5,checker_framework,63,physiological,positive
63,6,adjusted_gaze_non_flow,0.96075875,5,checker_framework,63,physiological,positive
63,7,adjusted_gaze_non_flow,1.02222,2,checker_framework,63,physiological,positive
63,8,adjusted_gaze_non_flow,0.8504400000000001,4,checker_framework,63,physiological,positive
63,9,adjusted_gaze_non_flow,0.97748425,6,checker_framework,63,physiological,positive
63,10,adjusted_gaze_non_flow,0.9503439333333332,3,checker_framework,63,physiological,positive
63,11,adjusted_gaze_non_flow,0.9097498,0,checker_framework,63,physiological,positive
63,12,adjusted_gaze_non_flow,1.1378205,3,checker_framework,63,physiological,positive
63,13,adjusted_gaze_non_flow,1.21845,0,checker_framework,63,physiological,positive
63,14,adjusted_gaze_non_flow,0.7639411666666667,2,checker_framework,63,physiological,positive
63,15,adjusted_gaze_non_flow,0.9316063333333332,1,checker_framework,63,physiological,positive
63,16,adjusted_gaze_non_flow,1.0451714999999997,0,checker_framework,63,physiological,positive
63,17,adjusted_gaze_non_flow,1.032905,0,checker_framework,63,physiological,positive
63,18,adjusted_gaze_non_flow,0.850228,0,checker_framework,63,physiological,positive
63,19,adjusted_gaze_non_flow,0.850688,0,checker_framework,63,physiological,positive
63,20,adjusted_gaze_non_flow,1.06558,0,checker_framework,63,physiological,positive
63,21,adjusted_gaze_non_flow,1.01070075,0,checker_framework,63,physiological,positive
63,22,adjusted_gaze_non_flow,0.987782125,0,checker_framework,63,physiological,positive
63,23,adjusted_gaze_non_flow,1.5445462499999998,0,checker_framework,63,physiological,positive
63,24,adjusted_gaze_non_flow,1.115565,0,checker_framework,63,physiological,positive
63,25,adjusted_gaze_non_flow,0.940281,0,checker_framework,63,physiological,positive
63,26,adjusted_gaze_non_flow,0.9228835,0,checker_framework,63,physiological,positive
63,27,adjusted_gaze_non_flow,1.1272135,0,checker_framework,63,physiological,positive
63,28,adjusted_gaze_non_flow,1.08452,0,checker_framework,63,physiological,positive
63,29,adjusted_gaze_non_flow,0.9702205,0,checker_framework,63,physiological,positive
63,30,adjusted_gaze_non_flow,0.788140625,0,checker_framework,63,physiological,positive
63,31,adjusted_gaze_non_flow,1.050549375,0,checker_framework,63,physiological,positive
63,32,adjusted_gaze_non_flow,0.87032775,0,checker_framework,63,physiological,positive
63,33,adjusted_gaze_non_flow,1.344346888888889,0,checker_framework,63,physiological,positive
63,34,adjusted_gaze_non_flow,1.0558482857142857,0,checker_framework,63,physiological,positive
63,35,adjusted_gaze_non_flow,0.938953125,0,checker_framework,63,physiological,positive
63,36,adjusted_gaze_non_flow,0.9216045,0,checker_framework,63,physiological,positive
63,37,adjusted_gaze_non_flow,1.036784,0,checker_framework,63,physiological,positive
63,38,adjusted_gaze_non_flow,1.0149342857142856,0,checker_framework,63,physiological,positive
63,39,adjusted_gaze_non_flow,0.0,0,checker_framework,63,physiological,positive
63,40,adjusted_gaze_non_flow,0.0,0,checker_framework,63,physiological,positive
63,41,adjusted_gaze_non_flow,0.0,0,checker_framework,63,physiological,positive
63,42,adjusted_gaze_non_flow,0.0,0,checker_framework,63,physiological,positive
63,43,adjusted_gaze_non_flow,0.0,0,checker_framework,63,physiological,positive
63,44,adjusted_gaze_non_flow,0.0,0,checker_framework,63,physiological,positive
63,45,adjusted_gaze_non_flow,0.0,0,checker_framework,63,physiological,positive
63,46,adjusted_gaze_non_flow,0.0,0,checker_framework,63,physiological,positive
63,47,adjusted_gaze_non_flow,0.0,0,checker_framework,63,physiological,positive
63,48,adjusted_gaze_non_flow,0.0,0,checker_framework,63,physiological,positive
63,49,adjusted_gaze_non_flow,0.0,0,checker_framework,63,physiological,positive
63,50,adjusted_gaze_non_flow,0.0,0,checker_framework,63,physiological,positive
63,51,adjusted_gaze_non_flow,0.0,0,checker_framework,63,physiological,positive
63,52,adjusted_gaze_non_flow,0.0,0,checker_framework,63,physiological,positive
63,53,adjusted_gaze_non_flow,0.0,0,checker_framework,63,physiological,positive
63,54,adjusted_gaze_non_flow,0.0,0,checker_framework,63,physiological,positive
63,55,adjusted_gaze_non_flow,0.0,0,checker_framework,63,physiological,positive
63,56,adjusted_gaze_non_flow,0.0,0,checker_framework,63,physiological,positive
63,57,adjusted_gaze_non_flow,0.0,0,checker_framework,63,physiological,positive
63,58,adjusted_gaze_non_flow,0.0,0,checker_framework,63,physiological,positive
63,59,adjusted_gaze_non_flow,0.0,0,checker_framework,63,physiological,positive
63,60,adjusted_gaze_non_flow,0.0,0,checker_framework,63,physiological,positive
63,61,adjusted_gaze_non_flow,0.0,0,checker_framework,63,physiological,positive
63,62,adjusted_gaze_non_flow,0.0,0,checker_framework,63,physiological,positive
63,63,adjusted_gaze_non_flow,0.0,0,checker_framework,63,physiological,positive
63,64,adjusted_gaze_non_flow,0.0,0,checker_framework,63,physiological,positive
63,1,adjusted_fix_flow,0.8996162857142859,6,checker_framework,63,physiological,positive
63,2,adjusted_fix_flow,1.550205,3,checker_framework,63,physiological,positive
63,3,adjusted_fix_flow,1.4372716666666667,5,checker_framework,63,physiological,positive
63,4,adjusted_fix_flow,0.831264,16,checker_framework,63,physiological,positive
63,5,adjusted_fix_flow,0.9216433333333334,5,checker_framework,63,physiological,positive
63,6,adjusted_fix_flow,2.34856925,5,checker_framework,63,physiological,positive
63,7,adjusted_fix_flow,0.0,2,checker_framework,63,physiological,positive
63,8,adjusted_fix_flow,1.495002,4,checker_framework,63,physiological,positive
63,9,adjusted_fix_flow,1.79808875,6,checker_framework,63,physiological,positive
63,10,adjusted_fix_flow,1.243632,3,checker_framework,63,physiological,positive
63,11,adjusted_fix_flow,1.6806484000000002,0,checker_framework,63,physiological,positive
63,12,adjusted_fix_flow,0.7300476666666667,3,checker_framework,63,physiological,positive
63,13,adjusted_fix_flow,0.236364,0,checker_framework,63,physiological,positive
63,14,adjusted_fix_flow,1.486476666666667,2,checker_framework,63,physiological,positive
63,15,adjusted_fix_flow,1.6561683333333337,1,checker_framework,63,physiological,positive
63,16,adjusted_fix_flow,0.9332985,0,checker_framework,63,physiological,positive
63,17,adjusted_fix_flow,0.979863,0,checker_framework,63,physiological,positive
63,18,adjusted_fix_flow,1.44657,0,checker_framework,63,physiological,positive
63,19,adjusted_fix_flow,2.64935,0,checker_framework,63,physiological,positive
63,20,adjusted_fix_flow,0.698413,0,checker_framework,63,physiological,positive
63,21,adjusted_fix_flow,0.998019125,0,checker_framework,63,physiological,positive
63,22,adjusted_fix_flow,1.414336375,0,checker_framework,63,physiological,positive
63,23,adjusted_fix_flow,0.64260675,0,checker_framework,63,physiological,positive
63,24,adjusted_fix_flow,0.525893,0,checker_framework,63,physiological,positive
63,25,adjusted_fix_flow,1.39352,0,checker_framework,63,physiological,positive
63,26,adjusted_fix_flow,1.5599625,0,checker_framework,63,physiological,positive
63,27,adjusted_fix_flow,0.520835,0,checker_framework,63,physiological,positive
63,28,adjusted_fix_flow,0.814161,0,checker_framework,63,physiological,positive
63,29,adjusted_fix_flow,1.0257467500000002,0,checker_framework,63,physiological,positive
63,30,adjusted_fix_flow,2.060645,0,checker_framework,63,physiological,positive
63,31,adjusted_fix_flow,1.028306,0,checker_framework,63,physiological,positive
63,32,adjusted_fix_flow,1.5692050000000002,0,checker_framework,63,physiological,positive
63,33,adjusted_fix_flow,0.8923857777777777,0,checker_framework,63,physiological,positive
63,34,adjusted_fix_flow,0.8557254285714286,0,checker_framework,63,physiological,positive
63,35,adjusted_fix_flow,1.340073,0,checker_framework,63,physiological,positive
63,36,adjusted_fix_flow,1.4290046666666665,0,checker_framework,63,physiological,positive
63,37,adjusted_fix_flow,1.0569911428571428,0,checker_framework,63,physiological,positive
63,38,adjusted_fix_flow,0.7603277142857143,0,checker_framework,63,physiological,positive
63,39,adjusted_fix_flow,0.0,0,checker_framework,63,physiological,positive
63,40,adjusted_fix_flow,0.0,0,checker_framework,63,physiological,positive
63,41,adjusted_fix_flow,0.0,0,checker_framework,63,physiological,positive
63,42,adjusted_fix_flow,0.0,0,checker_framework,63,physiological,positive
63,43,adjusted_fix_flow,0.0,0,checker_framework,63,physiological,positive
63,44,adjusted_fix_flow,0.0,0,checker_framework,63,physiological,positive
63,45,adjusted_fix_flow,0.0,0,checker_framework,63,physiological,positive
63,46,adjusted_fix_flow,0.0,0,checker_framework,63,physiological,positive
63,47,adjusted_fix_flow,0.0,0,checker_framework,63,physiological,positive
63,48,adjusted_fix_flow,0.0,0,checker_framework,63,physiological,positive
63,49,adjusted_fix_flow,0.0,0,checker_framework,63,physiological,positive
63,50,adjusted_fix_flow,0.0,0,checker_framework,63,physiological,positive
63,51,adjusted_fix_flow,0.0,0,checker_framework,63,physiological,positive
63,52,adjusted_fix_flow,0.0,0,checker_framework,63,physiological,positive
63,53,adjusted_fix_flow,0.0,0,checker_framework,63,physiological,positive
63,54,adjusted_fix_flow,0.0,0,checker_framework,63,physiological,positive
63,55,adjusted_fix_flow,0.0,0,checker_framework,63,physiological,positive
63,56,adjusted_fix_flow,0.0,0,checker_framework,63,physiological,positive
63,57,adjusted_fix_flow,0.0,0,checker_framework,63,physiological,positive
63,58,adjusted_fix_flow,0.0,0,checker_framework,63,physiological,positive
63,59,adjusted_fix_flow,0.0,0,checker_framework,63,physiological,positive
63,60,adjusted_fix_flow,0.0,0,checker_framework,63,physiological,positive
63,61,adjusted_fix_flow,0.0,0,checker_framework,63,physiological,positive
63,62,adjusted_fix_flow,0.0,0,checker_framework,63,physiological,positive
63,63,adjusted_fix_flow,0.0,0,checker_framework,63,physiological,positive
63,64,adjusted_fix_flow,0.0,0,checker_framework,63,physiological,positive
63,1,adjusted_fix_non_flow,1.0428102857142858,6,checker_framework,63,physiological,positive
63,2,adjusted_fix_non_flow,0.8280616666666666,3,checker_framework,63,physiological,positive
63,3,adjusted_fix_non_flow,0.914679,5,checker_framework,63,physiological,positive
63,4,adjusted_fix_non_flow,1.125655,16,checker_framework,63,physiological,positive
63,5,adjusted_fix_non_flow,1.10377,5,checker_framework,63,physiological,positive
63,6,adjusted_fix_non_flow,0.932572,5,checker_framework,63,physiological,positive
63,7,adjusted_fix_non_flow,1.02222,2,checker_framework,63,physiological,positive
63,8,adjusted_fix_non_flow,0.8415996,4,checker_framework,63,physiological,positive
63,9,adjusted_fix_non_flow,0.97719675,6,checker_framework,63,physiological,positive
63,10,adjusted_fix_non_flow,0.9378979333333334,3,checker_framework,63,physiological,positive
63,11,adjusted_fix_non_flow,0.8752138,0,checker_framework,63,physiological,positive
63,12,adjusted_fix_non_flow,1.0821593333333333,3,checker_framework,63,physiological,positive
63,13,adjusted_fix_non_flow,1.22909,0,checker_framework,63,physiological,positive
63,14,adjusted_fix_non_flow,0.7493910833333334,2,checker_framework,63,physiological,positive
63,15,adjusted_fix_non_flow,0.9343831666666668,1,checker_framework,63,physiological,positive
63,16,adjusted_fix_non_flow,1.0090931666666665,0,checker_framework,63,physiological,positive
63,17,adjusted_fix_non_flow,1.0076465,0,checker_framework,63,physiological,positive
63,18,adjusted_fix_non_flow,0.7839175,0,checker_framework,63,physiological,positive
63,19,adjusted_fix_non_flow,0.850059,0,checker_framework,63,physiological,positive
63,20,adjusted_fix_non_flow,1.04762,0,checker_framework,63,physiological,positive
63,21,adjusted_fix_non_flow,1.000455375,0,checker_framework,63,physiological,positive
63,22,adjusted_fix_non_flow,0.97654725,0,checker_framework,63,physiological,positive
63,23,adjusted_fix_non_flow,1.580765,0,checker_framework,63,physiological,positive
63,24,adjusted_fix_non_flow,1.091175,0,checker_framework,63,physiological,positive
63,25,adjusted_fix_non_flow,0.8901805,0,checker_framework,63,physiological,positive
63,26,adjusted_fix_non_flow,0.8911195,0,checker_framework,63,physiological,positive
63,27,adjusted_fix_non_flow,1.151316,0,checker_framework,63,physiological,positive
63,28,adjusted_fix_non_flow,1.05973,0,checker_framework,63,physiological,positive
63,29,adjusted_fix_non_flow,0.9845515,0,checker_framework,63,physiological,positive
63,30,adjusted_fix_non_flow,0.775632375,0,checker_framework,63,physiological,positive
63,31,adjusted_fix_non_flow,0.984001125,0,checker_framework,63,physiological,positive
63,32,adjusted_fix_non_flow,0.8822336249999999,0,checker_framework,63,physiological,positive
63,33,adjusted_fix_non_flow,1.2104448888888888,0,checker_framework,63,physiological,positive
63,34,adjusted_fix_non_flow,1.1129104285714284,0,checker_framework,63,physiological,positive
63,35,adjusted_fix_non_flow,0.90777625,0,checker_framework,63,physiological,positive
63,36,adjusted_fix_non_flow,0.8970391666666666,0,checker_framework,63,physiological,positive
63,37,adjusted_fix_non_flow,0.9867467142857144,0,checker_framework,63,physiological,positive
63,38,adjusted_fix_non_flow,1.014098142857143,0,checker_framework,63,physiological,positive
63,39,adjusted_fix_non_flow,0.0,0,checker_framework,63,physiological,positive
63,40,adjusted_fix_non_flow,0.0,0,checker_framework,63,physiological,positive
63,41,adjusted_fix_non_flow,0.0,0,checker_framework,63,physiological,positive
63,42,adjusted_fix_non_flow,0.0,0,checker_framework,63,physiological,positive
63,43,adjusted_fix_non_flow,0.0,0,checker_framework,63,physiological,positive
63,44,adjusted_fix_non_flow,0.0,0,checker_framework,63,physiological,positive
63,45,adjusted_fix_non_flow,0.0,0,checker_framework,63,physiological,positive
63,46,adjusted_fix_non_flow,0.0,0,checker_framework,63,physiological,positive
63,47,adjusted_fix_non_flow,0.0,0,checker_framework,63,physiological,positive
63,48,adjusted_fix_non_flow,0.0,0,checker_framework,63,physiological,positive
63,49,adjusted_fix_non_flow,0.0,0,checker_framework,63,physiological,positive
63,50,adjusted_fix_non_flow,0.0,0,checker_framework,63,physiological,positive
63,51,adjusted_fix_non_flow,0.0,0,checker_framework,63,physiological,positive
63,52,adjusted_fix_non_flow,0.0,0,checker_framework,63,physiological,positive
63,53,adjusted_fix_non_flow,0.0,0,checker_framework,63,physiological,positive
63,54,adjusted_fix_non_flow,0.0,0,checker_framework,63,physiological,positive
63,55,adjusted_fix_non_flow,0.0,0,checker_framework,63,physiological,positive
63,56,adjusted_fix_non_flow,0.0,0,checker_framework,63,physiological,positive
63,57,adjusted_fix_non_flow,0.0,0,checker_framework,63,physiological,positive
63,58,adjusted_fix_non_flow,0.0,0,checker_framework,63,physiological,positive
63,59,adjusted_fix_non_flow,0.0,0,checker_framework,63,physiological,positive
63,60,adjusted_fix_non_flow,0.0,0,checker_framework,63,physiological,positive
63,61,adjusted_fix_non_flow,0.0,0,checker_framework,63,physiological,positive
63,62,adjusted_fix_non_flow,0.0,0,checker_framework,63,physiological,positive
63,63,adjusted_fix_non_flow,0.0,0,checker_framework,63,physiological,positive
63,64,adjusted_fix_non_flow,0.0,0,checker_framework,63,physiological,positive
63,1,adjusted_gaze_call,1.3207982857142857,6,checker_framework,63,physiological,positive
63,2,adjusted_gaze_call,1.3130311666666667,3,checker_framework,63,physiological,positive
63,3,adjusted_gaze_call,0.9968253333333332,5,checker_framework,63,physiological,positive
63,4,adjusted_gaze_call,1.031472,16,checker_framework,63,physiological,positive
63,5,adjusted_gaze_call,1.1174448,5,checker_framework,63,physiological,positive
63,6,adjusted_gaze_call,0.7654860000000001,5,checker_framework,63,physiological,positive
63,7,adjusted_gaze_call,1.4630325000000002,2,checker_framework,63,physiological,positive
63,8,adjusted_gaze_call,1.26103,4,checker_framework,63,physiological,positive
63,9,adjusted_gaze_call,0.9923812,6,checker_framework,63,physiological,positive
63,10,adjusted_gaze_call,1.145975,3,checker_framework,63,physiological,positive
63,11,adjusted_gaze_call,1.0657764,0,checker_framework,63,physiological,positive
63,12,adjusted_gaze_call,1.363254,3,checker_framework,63,physiological,positive
63,13,adjusted_gaze_call,0.7502295000000001,0,checker_framework,63,physiological,positive
63,14,adjusted_gaze_call,1.23122,2,checker_framework,63,physiological,positive
63,15,adjusted_gaze_call,0.7226378333333335,1,checker_framework,63,physiological,positive
63,16,adjusted_gaze_call,1.1199156666666668,0,checker_framework,63,physiological,positive
63,17,adjusted_gaze_call,0.7965374333333334,0,checker_framework,63,physiological,positive
63,18,adjusted_gaze_call,1.49011,0,checker_framework,63,physiological,positive
63,19,adjusted_gaze_call,1.1109274999999998,0,checker_framework,63,physiological,positive
63,20,adjusted_gaze_call,1.48593,0,checker_framework,63,physiological,positive
63,21,adjusted_gaze_call,2.22419,0,checker_framework,63,physiological,positive
63,22,adjusted_gaze_call,1.171768,0,checker_framework,63,physiological,positive
63,23,adjusted_gaze_call,0.570859375,0,checker_framework,63,physiological,positive
63,24,adjusted_gaze_call,1.9959475,0,checker_framework,63,physiological,positive
63,25,adjusted_gaze_call,1.577285,0,checker_framework,63,physiological,positive
63,26,adjusted_gaze_call,1.76128,0,checker_framework,63,physiological,positive
63,27,adjusted_gaze_call,2.319255,0,checker_framework,63,physiological,positive
63,28,adjusted_gaze_call,1.192862,0,checker_framework,63,physiological,positive
63,29,adjusted_gaze_call,0.969181,0,checker_framework,63,physiological,positive
63,30,adjusted_gaze_call,1.1555195,0,checker_framework,63,physiological,positive
63,31,adjusted_gaze_call,0.8852586250000001,0,checker_framework,63,physiological,positive
63,32,adjusted_gaze_call,2.61380875,0,checker_framework,63,physiological,positive
63,33,adjusted_gaze_call,1.329637375,0,checker_framework,63,physiological,positive
63,34,adjusted_gaze_call,1.6969304444444444,0,checker_framework,63,physiological,positive
63,35,adjusted_gaze_call,1.2604557142857142,0,checker_framework,63,physiological,positive
63,36,adjusted_gaze_call,1.387386857142857,0,checker_framework,63,physiological,positive
63,37,adjusted_gaze_call,1.166334625,0,checker_framework,63,physiological,positive
63,38,adjusted_gaze_call,1.15456,0,checker_framework,63,physiological,positive
63,39,adjusted_gaze_call,1.4981557142857145,0,checker_framework,63,physiological,positive
63,40,adjusted_gaze_call,1.1509637142857143,0,checker_framework,63,physiological,positive
63,41,adjusted_gaze_call,0.0,0,checker_framework,63,physiological,positive
63,42,adjusted_gaze_call,0.0,0,checker_framework,63,physiological,positive
63,43,adjusted_gaze_call,0.0,0,checker_framework,63,physiological,positive
63,44,adjusted_gaze_call,0.0,0,checker_framework,63,physiological,positive
63,45,adjusted_gaze_call,0.0,0,checker_framework,63,physiological,positive
63,46,adjusted_gaze_call,0.0,0,checker_framework,63,physiological,positive
63,47,adjusted_gaze_call,0.0,0,checker_framework,63,physiological,positive
63,48,adjusted_gaze_call,0.0,0,checker_framework,63,physiological,positive
63,49,adjusted_gaze_call,0.0,0,checker_framework,63,physiological,positive
63,50,adjusted_gaze_call,0.0,0,checker_framework,63,physiological,positive
63,51,adjusted_gaze_call,0.0,0,checker_framework,63,physiological,positive
63,52,adjusted_gaze_call,0.0,0,checker_framework,63,physiological,positive
63,53,adjusted_gaze_call,0.0,0,checker_framework,63,physiological,positive
63,54,adjusted_gaze_call,0.0,0,checker_framework,63,physiological,positive
63,55,adjusted_gaze_call,0.0,0,checker_framework,63,physiological,positive
63,56,adjusted_gaze_call,0.0,0,checker_framework,63,physiological,positive
63,57,adjusted_gaze_call,0.0,0,checker_framework,63,physiological,positive
63,58,adjusted_gaze_call,0.0,0,checker_framework,63,physiological,positive
63,59,adjusted_gaze_call,0.0,0,checker_framework,63,physiological,positive
63,60,adjusted_gaze_call,0.0,0,checker_framework,63,physiological,positive
63,61,adjusted_gaze_call,0.0,0,checker_framework,63,physiological,positive
63,62,adjusted_gaze_call,0.0,0,checker_framework,63,physiological,positive
63,63,adjusted_gaze_call,0.0,0,checker_framework,63,physiological,positive
63,64,adjusted_gaze_call,0.0,0,checker_framework,63,physiological,positive
63,1,adjusted_gaze_non_call,0.839600857142857,6,checker_framework,63,physiological,positive
63,2,adjusted_gaze_non_call,0.9373936666666666,3,checker_framework,63,physiological,positive
63,3,adjusted_gaze_non_call,1.0035863333333337,5,checker_framework,63,physiological,positive
63,4,adjusted_gaze_non_call,0.979227,16,checker_framework,63,physiological,positive
63,5,adjusted_gaze_non_call,0.942865,5,checker_framework,63,physiological,positive
63,6,adjusted_gaze_non_call,1.031691,5,checker_framework,63,physiological,positive
63,7,adjusted_gaze_non_call,0.4443625,2,checker_framework,63,physiological,positive
63,8,adjusted_gaze_non_call,0.738974,4,checker_framework,63,physiological,positive
63,9,adjusted_gaze_non_call,1.0106646,6,checker_framework,63,physiological,positive
63,10,adjusted_gaze_non_call,0.84543875,3,checker_framework,63,physiological,positive
63,11,adjusted_gaze_non_call,0.9446091333333332,0,checker_framework,63,physiological,positive
63,12,adjusted_gaze_non_call,0.7430656000000001,3,checker_framework,63,physiological,positive
63,13,adjusted_gaze_non_call,1.2664225,0,checker_framework,63,physiological,positive
63,14,adjusted_gaze_non_call,0.867872,2,checker_framework,63,physiological,positive
63,15,adjusted_gaze_non_call,1.1158608333333335,1,checker_framework,63,physiological,positive
63,16,adjusted_gaze_non_call,0.854389,0,checker_framework,63,physiological,positive
63,17,adjusted_gaze_non_call,1.0915588333333333,0,checker_framework,63,physiological,positive
63,18,adjusted_gaze_non_call,0.6707650000000001,0,checker_framework,63,physiological,positive
63,19,adjusted_gaze_non_call,0.9096125,0,checker_framework,63,physiological,positive
63,20,adjusted_gaze_non_call,0.670265,0,checker_framework,63,physiological,positive
63,21,adjusted_gaze_non_call,0.21302,0,checker_framework,63,physiological,positive
63,22,adjusted_gaze_non_call,0.87458125,0,checker_framework,63,physiological,positive
63,23,adjusted_gaze_non_call,1.146536625,0,checker_framework,63,physiological,positive
63,24,adjusted_gaze_non_call,0.61447175,0,checker_framework,63,physiological,positive
63,25,adjusted_gaze_non_call,0.6943794999999999,0,checker_framework,63,physiological,positive
63,26,adjusted_gaze_non_call,0.7281135,0,checker_framework,63,physiological,positive
63,27,adjusted_gaze_non_call,0.72705,0,checker_framework,63,physiological,positive
63,28,adjusted_gaze_non_call,0.78570685,0,checker_framework,63,physiological,positive
63,29,adjusted_gaze_non_call,1.018761,0,checker_framework,63,physiological,positive
63,30,adjusted_gaze_non_call,0.88336025,0,checker_framework,63,physiological,positive
63,31,adjusted_gaze_non_call,1.15035125,0,checker_framework,63,physiological,positive
63,32,adjusted_gaze_non_call,0.6772382499999999,0,checker_framework,63,physiological,positive
63,33,adjusted_gaze_non_call,0.7802422499999999,0,checker_framework,63,physiological,positive
63,34,adjusted_gaze_non_call,0.9502195555555556,0,checker_framework,63,physiological,positive
63,35,adjusted_gaze_non_call,0.8511685714285714,0,checker_framework,63,physiological,positive
63,36,adjusted_gaze_non_call,0.567039,0,checker_framework,63,physiological,positive
63,37,adjusted_gaze_non_call,0.8995065,0,checker_framework,63,physiological,positive
63,38,adjusted_gaze_non_call,0.8754933333333333,0,checker_framework,63,physiological,positive
63,39,adjusted_gaze_non_call,0.6419508571428573,0,checker_framework,63,physiological,positive
63,40,adjusted_gaze_non_call,0.7052595714285713,0,checker_framework,63,physiological,positive
63,41,adjusted_gaze_non_call,0.0,0,checker_framework,63,physiological,positive
63,42,adjusted_gaze_non_call,0.0,0,checker_framework,63,physiological,positive
63,43,adjusted_gaze_non_call,0.0,0,checker_framework,63,physiological,positive
63,44,adjusted_gaze_non_call,0.0,0,checker_framework,63,physiological,positive
63,45,adjusted_gaze_non_call,0.0,0,checker_framework,63,physiological,positive
63,46,adjusted_gaze_non_call,0.0,0,checker_framework,63,physiological,positive
63,47,adjusted_gaze_non_call,0.0,0,checker_framework,63,physiological,positive
63,48,adjusted_gaze_non_call,0.0,0,checker_framework,63,physiological,positive
63,49,adjusted_gaze_non_call,0.0,0,checker_framework,63,physiological,positive
63,50,adjusted_gaze_non_call,0.0,0,checker_framework,63,physiological,positive
63,51,adjusted_gaze_non_call,0.0,0,checker_framework,63,physiological,positive
63,52,adjusted_gaze_non_call,0.0,0,checker_framework,63,physiological,positive
63,53,adjusted_gaze_non_call,0.0,0,checker_framework,63,physiological,positive
63,54,adjusted_gaze_non_call,0.0,0,checker_framework,63,physiological,positive
63,55,adjusted_gaze_non_call,0.0,0,checker_framework,63,physiological,positive
63,56,adjusted_gaze_non_call,0.0,0,checker_framework,63,physiological,positive
63,57,adjusted_gaze_non_call,0.0,0,checker_framework,63,physiological,positive
63,58,adjusted_gaze_non_call,0.0,0,checker_framework,63,physiological,positive
63,59,adjusted_gaze_non_call,0.0,0,checker_framework,63,physiological,positive
63,60,adjusted_gaze_non_call,0.0,0,checker_framework,63,physiological,positive
63,61,adjusted_gaze_non_call,0.0,0,checker_framework,63,physiological,positive
63,62,adjusted_gaze_non_call,0.0,0,checker_framework,63,physiological,positive
63,63,adjusted_gaze_non_call,0.0,0,checker_framework,63,physiological,positive
63,64,adjusted_gaze_non_call,0.0,0,checker_framework,63,physiological,positive
63,1,adjusted_fix_call,1.5315628571428572,6,checker_framework,63,physiological,positive
63,2,adjusted_fix_call,1.3597468333333331,3,checker_framework,63,physiological,positive
63,3,adjusted_fix_call,1.01612,5,checker_framework,63,physiological,positive
63,4,adjusted_fix_call,1.051205,16,checker_framework,63,physiological,positive
63,5,adjusted_fix_call,0.9722538,5,checker_framework,63,physiological,positive
63,6,adjusted_fix_call,0.741572,5,checker_framework,63,physiological,positive
63,7,adjusted_fix_call,1.4210000000000005,2,checker_framework,63,physiological,positive
63,8,adjusted_fix_call,1.13846,4,checker_framework,63,physiological,positive
63,9,adjusted_fix_call,0.9836478,6,checker_framework,63,physiological,positive
63,10,adjusted_fix_call,1.21572,3,checker_framework,63,physiological,positive
63,11,adjusted_fix_call,1.0566778666666667,0,checker_framework,63,physiological,positive
63,12,adjusted_fix_call,1.211518,3,checker_framework,63,physiological,positive
63,13,adjusted_fix_call,0.7976386666666667,0,checker_framework,63,physiological,positive
63,14,adjusted_fix_call,1.2,2,checker_framework,63,physiological,positive
63,15,adjusted_fix_call,0.7751625833333334,1,checker_framework,63,physiological,positive
63,16,adjusted_fix_call,1.103268666666667,0,checker_framework,63,physiological,positive
63,17,adjusted_fix_call,0.681917,0,checker_framework,63,physiological,positive
63,18,adjusted_fix_call,1.398075,0,checker_framework,63,physiological,positive
63,19,adjusted_fix_call,0.976522,0,checker_framework,63,physiological,positive
63,20,adjusted_fix_call,1.39643,0,checker_framework,63,physiological,positive
63,21,adjusted_fix_call,1.94709,0,checker_framework,63,physiological,positive
63,22,adjusted_fix_call,1.12094425,0,checker_framework,63,physiological,positive
63,23,adjusted_fix_call,0.4681375,0,checker_framework,63,physiological,positive
63,24,adjusted_fix_call,2.03806375,0,checker_framework,63,physiological,positive
63,25,adjusted_fix_call,1.87406,0,checker_framework,63,physiological,positive
63,26,adjusted_fix_call,1.49841,0,checker_framework,63,physiological,positive
63,27,adjusted_fix_call,1.957235,0,checker_framework,63,physiological,positive
63,28,adjusted_fix_call,1.152315,0,checker_framework,63,physiological,positive
63,29,adjusted_fix_call,0.820661,0,checker_framework,63,physiological,positive
63,30,adjusted_fix_call,1.2096975,0,checker_framework,63,physiological,positive
63,31,adjusted_fix_call,0.8896772499999999,0,checker_framework,63,physiological,positive
63,32,adjusted_fix_call,2.4722350000000004,0,checker_framework,63,physiological,positive
63,33,adjusted_fix_call,1.42003725,0,checker_framework,63,physiological,positive
63,34,adjusted_fix_call,1.629032222222222,0,checker_framework,63,physiological,positive
63,35,adjusted_fix_call,1.3643342857142855,0,checker_framework,63,physiological,positive
63,36,adjusted_fix_call,1.4093742857142857,0,checker_framework,63,physiological,positive
63,37,adjusted_fix_call,1.124723,0,checker_framework,63,physiological,positive
63,38,adjusted_fix_call,1.1437178333333335,0,checker_framework,63,physiological,positive
63,39,adjusted_fix_call,1.52509,0,checker_framework,63,physiological,positive
63,40,adjusted_fix_call,1.1285195714285714,0,checker_framework,63,physiological,positive
63,41,adjusted_fix_call,0.0,0,checker_framework,63,physiological,positive
63,42,adjusted_fix_call,0.0,0,checker_framework,63,physiological,positive
63,43,adjusted_fix_call,0.0,0,checker_framework,63,physiological,positive
63,44,adjusted_fix_call,0.0,0,checker_framework,63,physiological,positive
63,45,adjusted_fix_call,0.0,0,checker_framework,63,physiological,positive
63,46,adjusted_fix_call,0.0,0,checker_framework,63,physiological,positive
63,47,adjusted_fix_call,0.0,0,checker_framework,63,physiological,positive
63,48,adjusted_fix_call,0.0,0,checker_framework,63,physiological,positive
63,49,adjusted_fix_call,0.0,0,checker_framework,63,physiological,positive
63,50,adjusted_fix_call,0.0,0,checker_framework,63,physiological,positive
63,51,adjusted_fix_call,0.0,0,checker_framework,63,physiological,positive
63,52,adjusted_fix_call,0.0,0,checker_framework,63,physiological,positive
63,53,adjusted_fix_call,0.0,0,checker_framework,63,physiological,positive
63,54,adjusted_fix_call,0.0,0,checker_framework,63,physiological,positive
63,55,adjusted_fix_call,0.0,0,checker_framework,63,physiological,positive
63,56,adjusted_fix_call,0.0,0,checker_framework,63,physiological,positive
63,57,adjusted_fix_call,0.0,0,checker_framework,63,physiological,positive
63,58,adjusted_fix_call,0.0,0,checker_framework,63,physiological,positive
63,59,adjusted_fix_call,0.0,0,checker_framework,63,physiological,positive
63,60,adjusted_fix_call,0.0,0,checker_framework,63,physiological,positive
63,61,adjusted_fix_call,0.0,0,checker_framework,63,physiological,positive
63,62,adjusted_fix_call,0.0,0,checker_framework,63,physiological,positive
63,63,adjusted_fix_call,0.0,0,checker_framework,63,physiological,positive
63,64,adjusted_fix_call,0.0,0,checker_framework,63,physiological,positive
63,1,adjusted_fix_non_call,0.7342182857142856,6,checker_framework,63,physiological,positive
63,2,adjusted_fix_non_call,0.928051,3,checker_framework,63,physiological,positive
63,3,adjusted_fix_non_call,0.9817771666666668,5,checker_framework,63,physiological,positive
63,4,adjusted_fix_non_call,0.966205,16,checker_framework,63,physiological,positive
63,5,adjusted_fix_non_call,1.0134994,5,checker_framework,63,physiological,positive
63,6,adjusted_fix_non_call,1.0349243333333331,5,checker_framework,63,physiological,positive
63,7,adjusted_fix_non_call,0.4948025,2,checker_framework,63,physiological,positive
63,8,adjusted_fix_non_call,0.861538,4,checker_framework,63,physiological,positive
63,9,adjusted_fix_non_call,1.0228922,6,checker_framework,63,physiological,positive
63,10,adjusted_fix_non_call,0.7715924999999999,3,checker_framework,63,physiological,positive
63,11,adjusted_fix_non_call,0.9522716666666668,0,checker_framework,63,physiological,positive
63,12,adjusted_fix_non_call,0.8503906000000001,3,checker_framework,63,physiological,positive
63,13,adjusted_fix_non_call,1.2158498333333332,0,checker_framework,63,physiological,positive
63,14,adjusted_fix_non_call,0.885714,2,checker_framework,63,physiological,positive
63,15,adjusted_fix_non_call,1.093919,1,checker_framework,63,physiological,positive
63,16,adjusted_fix_non_call,0.8746015000000001,0,checker_framework,63,physiological,positive
63,17,adjusted_fix_non_call,1.1431371666666668,0,checker_framework,63,physiological,positive
63,18,adjusted_fix_non_call,0.732591,0,checker_framework,63,physiological,positive
63,19,adjusted_fix_non_call,1.0191305000000002,0,checker_framework,63,physiological,positive
63,20,adjusted_fix_non_call,0.730991,0,checker_framework,63,physiological,positive
63,21,adjusted_fix_non_call,0.391156,0,checker_framework,63,physiological,positive
63,22,adjusted_fix_non_call,0.911691625,0,checker_framework,63,physiological,positive
63,23,adjusted_fix_non_call,1.181611875,0,checker_framework,63,physiological,positive
63,24,adjusted_fix_non_call,0.598169,0,checker_framework,63,physiological,positive
63,25,adjusted_fix_non_call,0.5372645,0,checker_framework,63,physiological,positive
63,26,adjusted_fix_non_call,0.8219965,0,checker_framework,63,physiological,positive
63,27,adjusted_fix_non_call,0.801951,0,checker_framework,63,physiological,positive
63,28,adjusted_fix_non_call,0.83075965,0,checker_framework,63,physiological,positive
63,29,adjusted_fix_non_call,1.109165,0,checker_framework,63,physiological,positive
63,30,adjusted_fix_non_call,0.8427250000000001,0,checker_framework,63,physiological,positive
63,31,adjusted_fix_non_call,1.1445605,0,checker_framework,63,physiological,positive
63,32,adjusted_fix_non_call,0.70555325,0,checker_framework,63,physiological,positive
63,33,adjusted_fix_non_call,0.71997575,0,checker_framework,63,physiological,positive
63,34,adjusted_fix_non_call,0.9550685555555556,0,checker_framework,63,physiological,positive
63,35,adjusted_fix_non_call,0.7918085714285714,0,checker_framework,63,physiological,positive
63,36,adjusted_fix_non_call,0.5424632857142857,0,checker_framework,63,physiological,positive
63,37,adjusted_fix_non_call,0.92464825,0,checker_framework,63,physiological,positive
63,38,adjusted_fix_non_call,0.8842275,0,checker_framework,63,physiological,positive
63,39,adjusted_fix_non_call,0.6225907142857142,0,checker_framework,63,physiological,positive
63,40,adjusted_fix_non_call,0.7490825714285714,0,checker_framework,63,physiological,positive
63,41,adjusted_fix_non_call,0.0,0,checker_framework,63,physiological,positive
63,42,adjusted_fix_non_call,0.0,0,checker_framework,63,physiological,positive
63,43,adjusted_fix_non_call,0.0,0,checker_framework,63,physiological,positive
63,44,adjusted_fix_non_call,0.0,0,checker_framework,63,physiological,positive
63,45,adjusted_fix_non_call,0.0,0,checker_framework,63,physiological,positive
63,46,adjusted_fix_non_call,0.0,0,checker_framework,63,physiological,positive
63,47,adjusted_fix_non_call,0.0,0,checker_framework,63,physiological,positive
63,48,adjusted_fix_non_call,0.0,0,checker_framework,63,physiological,positive
63,49,adjusted_fix_non_call,0.0,0,checker_framework,63,physiological,positive
63,50,adjusted_fix_non_call,0.0,0,checker_framework,63,physiological,positive
63,51,adjusted_fix_non_call,0.0,0,checker_framework,63,physiological,positive
63,52,adjusted_fix_non_call,0.0,0,checker_framework,63,physiological,positive
63,53,adjusted_fix_non_call,0.0,0,checker_framework,63,physiological,positive
63,54,adjusted_fix_non_call,0.0,0,checker_framework,63,physiological,positive
63,55,adjusted_fix_non_call,0.0,0,checker_framework,63,physiological,positive
63,56,adjusted_fix_non_call,0.0,0,checker_framework,63,physiological,positive
63,57,adjusted_fix_non_call,0.0,0,checker_framework,63,physiological,positive
63,58,adjusted_fix_non_call,0.0,0,checker_framework,63,physiological,positive
63,59,adjusted_fix_non_call,0.0,0,checker_framework,63,physiological,positive
63,60,adjusted_fix_non_call,0.0,0,checker_framework,63,physiological,positive
63,61,adjusted_fix_non_call,0.0,0,checker_framework,63,physiological,positive
63,62,adjusted_fix_non_call,0.0,0,checker_framework,63,physiological,positive
63,63,adjusted_fix_non_call,0.0,0,checker_framework,63,physiological,positive
63,64,adjusted_fix_non_call,0.0,0,checker_framework,63,physiological,positive
9_gc,1,gap_accuracy,0.3958333333333333,0,checker_framework,9_gc,correctness,negative
9_gc,2,gap_accuracy,0.2740740740740741,0,checker_framework,9_gc,correctness,negative
9_gc,3,gap_accuracy,0.5,0,checker_framework,9_gc,correctness,negative
9_gc,4,gap_accuracy,0.5238095238095238,0,checker_framework,9_gc,correctness,negative
9_gc,5,gap_accuracy,0.4830917874396134,1,checker_framework,9_gc,correctness,negative
9_gc,6,gap_accuracy,0.4021164021164021,1,checker_framework,9_gc,correctness,negative
9_gc,7,gap_accuracy,0.369047619047619,0,checker_framework,9_gc,correctness,negative
9_gc,8,gap_accuracy,0.3666666666666667,0,checker_framework,9_gc,correctness,negative
9_gc,9,gap_accuracy,0.4682539682539682,0,checker_framework,9_gc,correctness,negative
9_gc,10,gap_accuracy,0.5253623188405797,0,checker_framework,9_gc,correctness,negative
9_gc,1,readability_level_before,2.8125,0,checker_framework,9_gc,rating,negative
9_gc,2,readability_level_before,2.6,0,checker_framework,9_gc,rating,negative
9_gc,3,readability_level_before,2.6,0,checker_framework,9_gc,rating,negative
9_gc,4,readability_level_before,2.4285714285714284,0,checker_framework,9_gc,rating,negative
9_gc,5,readability_level_before,3.347826086956522,1,checker_framework,9_gc,rating,negative
9_gc,6,readability_level_before,3.0,1,checker_framework,9_gc,rating,negative
9_gc,7,readability_level_before,2.7857142857142856,0,checker_framework,9_gc,rating,negative
9_gc,8,readability_level_before,2.933333333333333,0,checker_framework,9_gc,rating,negative
9_gc,9,readability_level_before,3.380952380952381,0,checker_framework,9_gc,rating,negative
9_gc,10,readability_level_before,3.130434782608696,0,checker_framework,9_gc,rating,negative
9_gc,1,readability_level_ba,2.59375,0,checker_framework,9_gc,rating,negative
9_gc,2,readability_level_ba,2.433333333333333,0,checker_framework,9_gc,rating,negative
9_gc,3,readability_level_ba,2.566666666666667,0,checker_framework,9_gc,rating,negative
9_gc,4,readability_level_ba,2.5,0,checker_framework,9_gc,rating,negative
9_gc,5,readability_level_ba,3.1739130434782608,1,checker_framework,9_gc,rating,negative
9_gc,6,readability_level_ba,2.9285714285714284,1,checker_framework,9_gc,rating,negative
9_gc,7,readability_level_ba,2.5357142857142856,0,checker_framework,9_gc,rating,negative
9_gc,8,readability_level_ba,2.9,0,checker_framework,9_gc,rating,negative
9_gc,9,readability_level_ba,3.380952380952381,0,checker_framework,9_gc,rating,negative
9_gc,10,readability_level_ba,3.065217391304348,0,checker_framework,9_gc,rating,negative
9_gc,1,time_to_read_complete,137.36374999999998,0,checker_framework,9_gc,time,positive
9_gc,2,time_to_read_complete,123.19,0,checker_framework,9_gc,time,positive
9_gc,3,time_to_read_complete,212.6206666666667,0,checker_framework,9_gc,time,positive
9_gc,4,time_to_read_complete,202.57285714285717,0,checker_framework,9_gc,time,positive
9_gc,5,time_to_read_complete,165.18,1,checker_framework,9_gc,time,positive
9_gc,6,time_to_read_complete,197.07452380952375,1,checker_framework,9_gc,time,positive
9_gc,7,time_to_read_complete,123.02642857142855,0,checker_framework,9_gc,time,positive
9_gc,8,time_to_read_complete,533.914,0,checker_framework,9_gc,time,positive
9_gc,9,time_to_read_complete,126.68928571428567,0,checker_framework,9_gc,time,positive
9_gc,10,time_to_read_complete,124.6817391304348,0,checker_framework,9_gc,time,positive
9_bc,1,gap_accuracy,0.3840579710144927,0,checker_framework,9_bc,correctness,negative
9_bc,2,gap_accuracy,0.4074074074074074,0,checker_framework,9_bc,correctness,negative
9_bc,3,gap_accuracy,0.611111111111111,0,checker_framework,9_bc,correctness,negative
9_bc,4,gap_accuracy,0.5052083333333334,0,checker_framework,9_bc,correctness,negative
9_bc,5,gap_accuracy,0.4126984126984127,1,checker_framework,9_bc,correctness,negative
9_bc,6,gap_accuracy,0.3703703703703703,1,checker_framework,9_bc,correctness,negative
9_bc,7,gap_accuracy,0.4895833333333333,0,checker_framework,9_bc,correctness,negative
9_bc,8,gap_accuracy,0.4444444444444445,0,checker_framework,9_bc,correctness,negative
9_bc,9,gap_accuracy,0.3666666666666666,0,checker_framework,9_bc,correctness,negative
9_bc,10,gap_accuracy,0.3928571428571428,0,checker_framework,9_bc,correctness,negative
9_bc,1,readability_level_before,2.739130434782609,0,checker_framework,9_bc,rating,negative
9_bc,2,readability_level_before,3.0,0,checker_framework,9_bc,rating,negative
9_bc,3,readability_level_before,2.6,0,checker_framework,9_bc,rating,negative
9_bc,4,readability_level_before,2.0,0,checker_framework,9_bc,rating,negative
9_bc,5,readability_level_before,2.642857142857143,1,checker_framework,9_bc,rating,negative
9_bc,6,readability_level_before,2.333333333333333,1,checker_framework,9_bc,rating,negative
9_bc,7,readability_level_before,2.9375,0,checker_framework,9_bc,rating,negative
9_bc,8,readability_level_before,3.0,0,checker_framework,9_bc,rating,negative
9_bc,9,readability_level_before,2.4,0,checker_framework,9_bc,rating,negative
9_bc,10,readability_level_before,2.9285714285714284,0,checker_framework,9_bc,rating,negative
9_bc,1,readability_level_ba,2.717391304347826,0,checker_framework,9_bc,rating,negative
9_bc,2,readability_level_ba,2.857142857142857,0,checker_framework,9_bc,rating,negative
9_bc,3,readability_level_ba,2.533333333333333,0,checker_framework,9_bc,rating,negative
9_bc,4,readability_level_ba,1.96875,0,checker_framework,9_bc,rating,negative
9_bc,5,readability_level_ba,2.4642857142857144,1,checker_framework,9_bc,rating,negative
9_bc,6,readability_level_ba,2.1,1,checker_framework,9_bc,rating,negative
9_bc,7,readability_level_ba,2.8125,0,checker_framework,9_bc,rating,negative
9_bc,8,readability_level_ba,2.9,0,checker_framework,9_bc,rating,negative
9_bc,9,readability_level_ba,2.5,0,checker_framework,9_bc,rating,negative
9_bc,10,readability_level_ba,2.75,0,checker_framework,9_bc,rating,negative
9_bc,1,time_to_read_complete,143.56804347826088,0,checker_framework,9_bc,time,positive
9_bc,2,time_to_read_complete,134.24785714285716,0,checker_framework,9_bc,time,positive
9_bc,3,time_to_read_complete,161.128,0,checker_framework,9_bc,time,positive
9_bc,4,time_to_read_complete,188.781875,0,checker_framework,9_bc,time,positive
9_bc,5,time_to_read_complete,184.0017857142857,1,checker_framework,9_bc,time,positive
9_bc,6,time_to_read_complete,224.497,1,checker_framework,9_bc,time,positive
9_bc,7,time_to_read_complete,106.005625,0,checker_framework,9_bc,time,positive
9_bc,8,time_to_read_complete,111.08466666666664,0,checker_framework,9_bc,time,positive
9_bc,9,time_to_read_complete,102.94033333333331,0,checker_framework,9_bc,time,positive
9_bc,10,time_to_read_complete,200.44,0,checker_framework,9_bc,time,positive
9_nc,1,gap_accuracy,0.380952380952381,0,checker_framework,9_nc,correctness,negative
9_nc,2,gap_accuracy,0.3259259259259259,0,checker_framework,9_nc,correctness,negative
9_nc,3,gap_accuracy,0.6507936507936508,0,checker_framework,9_nc,correctness,negative
9_nc,4,gap_accuracy,0.5253623188405797,0,checker_framework,9_nc,correctness,negative
9_nc,5,gap_accuracy,0.4583333333333333,1,checker_framework,9_nc,correctness,negative
9_nc,6,gap_accuracy,0.2814814814814814,1,checker_framework,9_nc,correctness,negative
9_nc,7,gap_accuracy,0.4347826086956521,0,checker_framework,9_nc,correctness,negative
9_nc,8,gap_accuracy,0.5158730158730158,0,checker_framework,9_nc,correctness,negative
9_nc,9,gap_accuracy,0.2777777777777778,0,checker_framework,9_nc,correctness,negative
9_nc,10,gap_accuracy,0.4635416666666667,0,checker_framework,9_nc,correctness,negative
9_nc,1,readability_level_before,2.7142857142857144,0,checker_framework,9_nc,rating,negative
9_nc,2,readability_level_before,2.466666666666667,0,checker_framework,9_nc,rating,negative
9_nc,3,readability_level_before,2.2857142857142856,0,checker_framework,9_nc,rating,negative
9_nc,4,readability_level_before,2.347826086956522,0,checker_framework,9_nc,rating,negative
9_nc,5,readability_level_before,2.25,1,checker_framework,9_nc,rating,negative
9_nc,6,readability_level_before,2.7333333333333334,1,checker_framework,9_nc,rating,negative
9_nc,7,readability_level_before,2.3043478260869565,0,checker_framework,9_nc,rating,negative
9_nc,8,readability_level_before,2.6666666666666665,0,checker_framework,9_nc,rating,negative
9_nc,9,readability_level_before,2.933333333333333,0,checker_framework,9_nc,rating,negative
9_nc,10,readability_level_before,2.75,0,checker_framework,9_nc,rating,negative
9_nc,1,readability_level_ba,2.642857142857143,0,checker_framework,9_nc,rating,negative
9_nc,2,readability_level_ba,2.333333333333333,0,checker_framework,9_nc,rating,negative
9_nc,3,readability_level_ba,2.261904761904762,0,checker_framework,9_nc,rating,negative
9_nc,4,readability_level_ba,2.3043478260869565,0,checker_framework,9_nc,rating,negative
9_nc,5,readability_level_ba,2.25,1,checker_framework,9_nc,rating,negative
9_nc,6,readability_level_ba,2.533333333333333,1,checker_framework,9_nc,rating,negative
9_nc,7,readability_level_ba,2.1956521739130435,0,checker_framework,9_nc,rating,negative
9_nc,8,readability_level_ba,2.571428571428572,0,checker_framework,9_nc,rating,negative
9_nc,9,readability_level_ba,2.966666666666667,0,checker_framework,9_nc,rating,negative
9_nc,10,readability_level_ba,2.65625,0,checker_framework,9_nc,rating,negative
9_nc,1,time_to_read_complete,97.71571428571428,0,checker_framework,9_nc,time,positive
9_nc,2,time_to_read_complete,131.76166666666668,0,checker_framework,9_nc,time,positive
9_nc,3,time_to_read_complete,180.75071428571428,0,checker_framework,9_nc,time,positive
9_nc,4,time_to_read_complete,191.89021739130436,0,checker_framework,9_nc,time,positive
9_nc,5,time_to_read_complete,155.11781249999996,1,checker_framework,9_nc,time,positive
9_nc,6,time_to_read_complete,114.97499999999998,1,checker_framework,9_nc,time,positive
9_nc,7,time_to_read_complete,166.80847826086958,0,checker_framework,9_nc,time,positive
9_nc,8,time_to_read_complete,134.88285714285712,0,checker_framework,9_nc,time,positive
9_nc,9,time_to_read_complete,81.70666666666666,0,checker_framework,9_nc,time,positive
9_nc,10,time_to_read_complete,115.8690625,0,checker_framework,9_nc,time,positive
f,1,perc_correct_output,39.47368421052632,0,checker_framework,f,correctness,negative
f,2,perc_correct_output,89.47368421052632,0,checker_framework,f,correctness,negative
f,3,perc_correct_output,78.94736842105263,0,checker_framework,f,correctness,negative
f,4,perc_correct_output,47.368421052631575,0,checker_framework,f,correctness,negative
f,5,perc_correct_output,52.63157894736842,0,checker_framework,f,correctness,negative
f,6,perc_correct_output,100.0,0,checker_framework,f,correctness,negative
f,7,perc_correct_output,78.94736842105263,0,checker_framework,f,correctness,negative
f,8,perc_correct_output,61.11111111111112,1,checker_framework,f,correctness,negative
f,9,perc_correct_output,66.66666666666666,0,checker_framework,f,correctness,negative
f,10,perc_correct_output,88.88888888888889,1,checker_framework,f,correctness,negative
f,11,perc_correct_output,94.73684210526316,0,checker_framework,f,correctness,negative
f,12,perc_correct_output,84.21052631578947,0,checker_framework,f,correctness,negative
f,13,perc_correct_output,78.94736842105263,0,checker_framework,f,correctness,negative
f,14,perc_correct_output,68.42105263157895,0,checker_framework,f,correctness,negative
f,15,perc_correct_output,18.0,0,checker_framework,f,correctness,negative
f,16,perc_correct_output,0.0,1,checker_framework,f,correctness,negative
f,1,brain_deact_31,-2.248355733,0,checker_framework,f,physiological,negative
f,2,brain_deact_31,-2.137145163,0,checker_framework,f,physiological,negative
f,3,brain_deact_31,-1.921303548,0,checker_framework,f,physiological,negative
f,4,brain_deact_31,-1.831843539,0,checker_framework,f,physiological,negative
f,5,brain_deact_31,-1.93865049,0,checker_framework,f,physiological,negative
f,6,brain_deact_31,-2.063537981,0,checker_framework,f,physiological,negative
f,7,brain_deact_31,-1.730000171,0,checker_framework,f,physiological,negative
f,8,brain_deact_31,-2.103988089,1,checker_framework,f,physiological,negative
f,9,brain_deact_31,-2.034462625,0,checker_framework,f,physiological,negative
f,10,brain_deact_31,-2.180495768,1,checker_framework,f,physiological,negative
f,11,brain_deact_31,-1.936397923,0,checker_framework,f,physiological,negative
f,12,brain_deact_31,-1.545885531,0,checker_framework,f,physiological,negative
f,13,brain_deact_31,-1.835985696,0,checker_framework,f,physiological,negative
f,14,brain_deact_31,-1.897029609,0,checker_framework,f,physiological,negative
f,15,brain_deact_31,-2.115286243,0,checker_framework,f,physiological,negative
f,16,brain_deact_31,-1.729084884,1,checker_framework,f,physiological,negative
f,1,brain_deact_32,-1.774586165,0,checker_framework,f,physiological,negative
f,2,brain_deact_32,-1.91559082,0,checker_framework,f,physiological,negative
f,3,brain_deact_32,-1.495832442,0,checker_framework,f,physiological,negative
f,4,brain_deact_32,-1.46374886,0,checker_framework,f,physiological,negative
f,5,brain_deact_32,-1.526649428,0,checker_framework,f,physiological,negative
f,6,brain_deact_32,-1.848531743,0,checker_framework,f,physiological,negative
f,7,brain_deact_32,-1.236600384,0,checker_framework,f,physiological,negative
f,8,brain_deact_32,-1.565782627,1,checker_framework,f,physiological,negative
f,9,brain_deact_32,-1.699418305,0,checker_framework,f,physiological,negative
f,10,brain_deact_32,-1.907988566,1,checker_framework,f,physiological,negative
f,11,brain_deact_32,-1.45635117,0,checker_framework,f,physiological,negative
f,12,brain_deact_32,-1.37916458,0,checker_framework,f,physiological,negative
f,13,brain_deact_32,-1.458877878,0,checker_framework,f,physiological,negative
f,14,brain_deact_32,-1.6700936,0,checker_framework,f,physiological,negative
f,15,brain_deact_32,-1.820133117,0,checker_framework,f,physiological,negative
f,16,brain_deact_32,-1.241652874,1,checker_framework,f,physiological,negative
f,1,complexity_level,46.6,0,checker_framework,f,rating,positive
f,2,complexity_level,73.73684210526316,0,checker_framework,f,rating,positive
f,3,complexity_level,38.578947368421055,0,checker_framework,f,rating,positive
f,4,complexity_level,25.88888888888889,0,checker_framework,f,rating,positive
f,5,complexity_level,61.42105263157895,0,checker_framework,f,rating,positive
f,6,complexity_level,74.57894736842105,0,checker_framework,f,rating,positive
f,7,complexity_level,0.0,0,checker_framework,f,rating,positive
f,8,complexity_level,44.73684210526316,1,checker_framework,f,rating,positive
f,9,complexity_level,45.44444444444444,0,checker_framework,f,rating,positive
f,10,complexity_level,57.5,1,checker_framework,f,rating,positive
f,11,complexity_level,33.31578947368421,0,checker_framework,f,rating,positive
f,12,complexity_level,25.944444444444443,0,checker_framework,f,rating,positive
f,13,complexity_level,47.22222222222222,0,checker_framework,f,rating,positive
f,14,complexity_level,44.44444444444444,0,checker_framework,f,rating,positive
f,15,complexity_level,47.22222222222222,0,checker_framework,f,rating,positive
f,16,complexity_level,150.0,1,checker_framework,f,rating,positive
f,1,time_to_understand,48.275447368421055,0,checker_framework,f,time,positive
f,2,time_to_understand,30.38747368421053,0,checker_framework,f,time,positive
f,3,time_to_understand,41.40668421052632,0,checker_framework,f,time,positive
f,4,time_to_understand,50.024,0,checker_framework,f,time,positive
f,5,time_to_understand,45.99226315789474,0,checker_framework,f,time,positive
f,6,time_to_understand,21.517,0,checker_framework,f,time,positive
f,7,time_to_understand,38.38831578947369,0,checker_framework,f,time,positive
f,8,time_to_understand,43.33011111111111,1,checker_framework,f,time,positive
f,9,time_to_understand,42.33516666666665,0,checker_framework,f,time,positive
f,10,time_to_understand,27.647555555555552,1,checker_framework,f,time,positive
f,11,time_to_understand,22.280263157894737,0,checker_framework,f,time,positive
f,12,time_to_understand,35.582526315789465,0,checker_framework,f,time,positive
f,13,time_to_understand,33.25842105263157,0,checker_framework,f,time,positive
f,14,time_to_understand,40.122473684210526,0,checker_framework,f,time,positive
f,15,time_to_understand,445.544,0,checker_framework,f,time,positive
f,16,time_to_understand,0.0,1,checker_framework,f,time,positive
1,1,correct_output_rating,1.2195121951219512,0,typestate_checker,1,correctness,negative
1,2,correct_output_rating,1.951219512195122,0,typestate_checker,1,correctness,negative
1,3,correct_output_rating,1.4878048780487805,0,typestate_checker,1,correctness,negative
1,4,correct_output_rating,1.4878048780487805,0,typestate_checker,1,correctness,negative
1,5,correct_output_rating,1.4390243902439024,0,typestate_checker,1,correctness,negative
1,6,correct_output_rating,1.7804878048780488,0,typestate_checker,1,correctness,negative
1,7,correct_output_rating,1.804878048780488,0,typestate_checker,1,correctness,negative
1,8,correct_output_rating,1.4634146341463414,0,typestate_checker,1,correctness,negative
1,9,correct_output_rating,1.853658536585366,0,typestate_checker,1,correctness,negative
1,10,correct_output_rating,1.8780487804878048,0,typestate_checker,1,correctness,negative
1,11,correct_output_rating,1.6341463414634143,0,typestate_checker,1,correctness,negative
1,12,correct_output_rating,1.853658536585366,0,typestate_checker,1,correctness,negative
1,13,correct_output_rating,2.0,0,typestate_checker,1,correctness,negative
1,14,correct_output_rating,1.902439024390244,3,typestate_checker,1,correctness,negative
1,15,correct_output_rating,0.7804878048780488,5,typestate_checker,1,correctness,negative
1,16,correct_output_rating,1.951219512195122,0,typestate_checker,1,correctness,negative
1,17,correct_output_rating,1.6585365853658536,0,typestate_checker,1,correctness,negative
1,18,correct_output_rating,1.3902439024390243,0,typestate_checker,1,correctness,negative
1,19,correct_output_rating,1.3902439024390243,6,typestate_checker,1,correctness,negative
1,20,correct_output_rating,1.3902439024390243,0,typestate_checker,1,correctness,negative
1,21,correct_output_rating,1.3902439024390243,0,typestate_checker,1,correctness,negative
1,22,correct_output_rating,1.3902439024390243,0,typestate_checker,1,correctness,negative
1,23,correct_output_rating,1.829268292682927,0,typestate_checker,1,correctness,negative
1,1,output_difficulty,3.1707317073170733,0,typestate_checker,1,rating,negative
1,2,output_difficulty,2.975609756097561,0,typestate_checker,1,rating,negative
1,3,output_difficulty,2.3902439024390243,0,typestate_checker,1,rating,negative
1,4,output_difficulty,2.414634146341464,0,typestate_checker,1,rating,negative
1,5,output_difficulty,1.975609756097561,0,typestate_checker,1,rating,negative
1,6,output_difficulty,3.1219512195121952,0,typestate_checker,1,rating,negative
1,7,output_difficulty,3.2195121951219514,0,typestate_checker,1,rating,negative
1,8,output_difficulty,2.3902439024390243,0,typestate_checker,1,rating,negative
1,9,output_difficulty,3.1707317073170733,0,typestate_checker,1,rating,negative
1,10,output_difficulty,3.634146341463415,0,typestate_checker,1,rating,negative
1,11,output_difficulty,3.097560975609756,0,typestate_checker,1,rating,negative
1,12,output_difficulty,3.341463414634146,0,typestate_checker,1,rating,negative
1,13,output_difficulty,3.731707317073171,0,typestate_checker,1,rating,negative
1,14,output_difficulty,3.4878048780487805,3,typestate_checker,1,rating,negative
1,15,output_difficulty,1.0731707317073171,5,typestate_checker,1,rating,negative
1,16,output_difficulty,3.7804878048780486,0,typestate_checker,1,rating,negative
1,17,output_difficulty,3.048780487804878,0,typestate_checker,1,rating,negative
1,18,output_difficulty,2.317073170731707,0,typestate_checker,1,rating,negative
1,19,output_difficulty,1.902439024390244,6,typestate_checker,1,rating,negative
1,20,output_difficulty,3.1951219512195124,0,typestate_checker,1,rating,negative
1,21,output_difficulty,2.4878048780487805,0,typestate_checker,1,rating,negative
1,22,output_difficulty,2.3902439024390243,0,typestate_checker,1,rating,negative
1,23,output_difficulty,3.414634146341464,0,typestate_checker,1,rating,negative
1,1,time_to_give_output,68.01441463414633,0,typestate_checker,1,time,positive
1,2,time_to_give_output,100.26741463414632,0,typestate_checker,1,time,positive
1,3,time_to_give_output,132.46873170731706,0,typestate_checker,1,time,positive
1,4,time_to_give_output,154.64156097560976,0,typestate_checker,1,time,positive
1,5,time_to_give_output,211.48453658536584,0,typestate_checker,1,time,positive
1,6,time_to_give_output,70.5109512195122,0,typestate_checker,1,time,positive
1,7,time_to_give_output,66.04860975609758,0,typestate_checker,1,time,positive
1,8,time_to_give_output,104.82602439024387,0,typestate_checker,1,time,positive
1,9,time_to_give_output,65.42085365853657,0,typestate_checker,1,time,positive
1,10,time_to_give_output,42.58580487804878,0,typestate_checker,1,time,positive
1,11,time_to_give_output,65.47378048780489,0,typestate_checker,1,time,positive
1,12,time_to_give_output,59.81002439024391,0,typestate_checker,1,time,positive
1,13,time_to_give_output,37.42529268292683,0,typestate_checker,1,time,positive
1,14,time_to_give_output,48.39470731707317,3,typestate_checker,1,time,positive
1,15,time_to_give_output,355.3091707317073,5,typestate_checker,1,time,positive
1,16,time_to_give_output,20.50239024390244,0,typestate_checker,1,time,positive
1,17,time_to_give_output,99.98841463414637,0,typestate_checker,1,time,positive
1,18,time_to_give_output,132.07892682926828,0,typestate_checker,1,time,positive
1,19,time_to_give_output,145.2398292682927,6,typestate_checker,1,time,positive
1,20,time_to_give_output,80.62182926829269,0,typestate_checker,1,time,positive
1,21,time_to_give_output,89.93921951219512,0,typestate_checker,1,time,positive
1,22,time_to_give_output,86.29456097560976,0,typestate_checker,1,time,positive
1,23,time_to_give_output,54.50070731707317,0,typestate_checker,1,time,positive
2,1,brain_deact_31ant,-0.456862813,0,typestate_checker,2,physiological,negative
2,2,brain_deact_31ant,-0.627872625,0,typestate_checker,2,physiological,negative
2,3,brain_deact_31ant,-0.569892688,0,typestate_checker,2,physiological,negative
2,4,brain_deact_31ant,-0.724818625,0,typestate_checker,2,physiological,negative
2,5,brain_deact_31ant,-0.461402625,0,typestate_checker,2,physiological,negative
2,6,brain_deact_31ant,-0.573933125,0,typestate_checker,2,physiological,negative
2,7,brain_deact_31ant,-0.400142063,0,typestate_checker,2,physiological,negative
2,8,brain_deact_31ant,-0.6289035,3,typestate_checker,2,physiological,negative
2,9,brain_deact_31ant,-0.512648188,0,typestate_checker,2,physiological,negative
2,10,brain_deact_31ant,-0.8140095,0,typestate_checker,2,physiological,negative
2,11,brain_deact_31ant,-0.799689,0,typestate_checker,2,physiological,negative
2,12,brain_deact_31ant,-0.754594875,0,typestate_checker,2,physiological,negative
2,1,brain_deact_31post,-0.680167625,0,typestate_checker,2,physiological,negative
2,2,brain_deact_31post,-0.58754025,0,typestate_checker,2,physiological,negative
2,3,brain_deact_31post,-0.484311125,0,typestate_checker,2,physiological,negative
2,4,brain_deact_31post,-0.755176125,0,typestate_checker,2,physiological,negative
2,5,brain_deact_31post,-0.504249125,0,typestate_checker,2,physiological,negative
2,6,brain_deact_31post,-0.531375313,0,typestate_checker,2,physiological,negative
2,7,brain_deact_31post,-0.452398375,0,typestate_checker,2,physiological,negative
2,8,brain_deact_31post,-0.787476813,3,typestate_checker,2,physiological,negative
2,9,brain_deact_31post,-0.474544625,0,typestate_checker,2,physiological,negative
2,10,brain_deact_31post,-0.827268563,0,typestate_checker,2,physiological,negative
2,11,brain_deact_31post,-0.825552875,0,typestate_checker,2,physiological,negative
2,12,brain_deact_31post,-0.743071875,0,typestate_checker,2,physiological,negative
2,1,brain_deact_32,-0.567438063,0,typestate_checker,2,physiological,negative
2,2,brain_deact_32,-0.760412688,0,typestate_checker,2,physiological,negative
2,3,brain_deact_32,-0.80337975,0,typestate_checker,2,physiological,negative
2,4,brain_deact_32,-0.853813313,0,typestate_checker,2,physiological,negative
2,5,brain_deact_32,-0.534999375,0,typestate_checker,2,physiological,negative
2,6,brain_deact_32,-0.833937188,0,typestate_checker,2,physiological,negative
2,7,brain_deact_32,-0.44148875,0,typestate_checker,2,physiological,negative
2,8,brain_deact_32,-0.687596375,3,typestate_checker,2,physiological,negative
2,9,brain_deact_32,-0.513088813,0,typestate_checker,2,physiological,negative
2,10,brain_deact_32,-1.045516125,0,typestate_checker,2,physiological,negative
2,11,brain_deact_32,-1.065309875,0,typestate_checker,2,physiological,negative
2,12,brain_deact_32,-0.810991375,0,typestate_checker,2,physiological,negative
2,1,time_to_understand,277998.6875,0,typestate_checker,2,time,positive
2,2,time_to_understand,379138.5,0,typestate_checker,2,time,positive
2,3,time_to_understand,282050.625,0,typestate_checker,2,time,positive
2,4,time_to_understand,328751.1875,0,typestate_checker,2,time,positive
2,5,time_to_understand,228106.875,0,typestate_checker,2,time,positive
2,6,time_to_understand,256201.1875,0,typestate_checker,2,time,positive
2,7,time_to_understand,173291.875,0,typestate_checker,2,time,positive
2,8,time_to_understand,253121.6875,3,typestate_checker,2,time,positive
2,9,time_to_understand,368599.625,0,typestate_checker,2,time,positive
2,10,time_to_understand,288200.0,0,typestate_checker,2,time,positive
2,11,time_to_understand,513357.5625,0,typestate_checker,2,time,positive
2,12,time_to_understand,432204.875,0,typestate_checker,2,time,positive
3,1,readability_level,2.99,6,typestate_checker,3,rating,negative
3,2,readability_level,3.74,5,typestate_checker,3,rating,negative
3,3,readability_level,2.69,1,typestate_checker,3,rating,negative
3,4,readability_level,4.03,3,typestate_checker,3,rating,negative
3,5,readability_level,4.18,1,typestate_checker,3,rating,negative
3,6,readability_level,2.18,2,typestate_checker,3,rating,negative
3,7,readability_level,3.62,0,typestate_checker,3,rating,negative
3,8,readability_level,2.86,6,typestate_checker,3,rating,negative
3,9,readability_level,4.13,4,typestate_checker,3,rating,negative
3,10,readability_level,3.35,6,typestate_checker,3,rating,negative
3,11,readability_level,3.64,1,typestate_checker,3,rating,negative
3,12,readability_level,3.53,3,typestate_checker,3,rating,negative
3,13,readability_level,3.03,0,typestate_checker,3,rating,negative
3,14,readability_level,4.05,2,typestate_checker,3,rating,negative
3,15,readability_level,1.82,10,typestate_checker,3,rating,negative
3,16,readability_level,2.9,1,typestate_checker,3,rating,negative
3,17,readability_level,3.74,3,typestate_checker,3,rating,negative
3,18,readability_level,2.46,0,typestate_checker,3,rating,negative
3,19,readability_level,3.56,3,typestate_checker,3,rating,negative
3,20,readability_level,3.26,1,typestate_checker,3,rating,negative
3,21,readability_level,3.73,1,typestate_checker,3,rating,negative
3,22,readability_level,2.73,8,typestate_checker,3,rating,negative
3,23,readability_level,3.94,0,typestate_checker,3,rating,negative
3,24,readability_level,3.48,4,typestate_checker,3,rating,negative
3,25,readability_level,2.09,1,typestate_checker,3,rating,negative
3,26,readability_level,2.37,5,typestate_checker,3,rating,negative
3,27,readability_level,3.76,5,typestate_checker,3,rating,negative
3,28,readability_level,2.86,3,typestate_checker,3,rating,negative
3,29,readability_level,3.96,3,typestate_checker,3,rating,negative
3,30,readability_level,2.78,4,typestate_checker,3,rating,negative
3,31,readability_level,3.27,4,typestate_checker,3,rating,negative
3,32,readability_level,4.22,5,typestate_checker,3,rating,negative
3,33,readability_level,4.02,3,typestate_checker,3,rating,negative
3,34,readability_level,4.35,6,typestate_checker,3,rating,negative
3,35,readability_level,2.0,12,typestate_checker,3,rating,negative
3,36,readability_level,2.52,3,typestate_checker,3,rating,negative
3,37,readability_level,2.57,3,typestate_checker,3,rating,negative
3,38,readability_level,2.77,3,typestate_checker,3,rating,negative
3,39,readability_level,2.96,12,typestate_checker,3,rating,negative
3,40,readability_level,2.9,1,typestate_checker,3,rating,negative
3,41,readability_level,2.41,6,typestate_checker,3,rating,negative
3,42,readability_level,3.08,0,typestate_checker,3,rating,negative
3,43,readability_level,3.28,0,typestate_checker,3,rating,negative
3,44,readability_level,4.07,6,typestate_checker,3,rating,negative
3,45,readability_level,3.84,6,typestate_checker,3,rating,negative
3,46,readability_level,3.76,0,typestate_checker,3,rating,negative
3,47,readability_level,3.88,2,typestate_checker,3,rating,negative
3,48,readability_level,3.93,0,typestate_checker,3,rating,negative
3,49,readability_level,4.05,3,typestate_checker,3,rating,negative
3,50,readability_level,4.16,1,typestate_checker,3,rating,negative
3,51,readability_level,3.92,1,typestate_checker,3,rating,negative
3,52,readability_level,2.63,6,typestate_checker,3,rating,negative
3,53,readability_level,2.72,5,typestate_checker,3,rating,negative
3,54,readability_level,3.6,4,typestate_checker,3,rating,negative
3,55,readability_level,2.71,6,typestate_checker,3,rating,negative
3,56,readability_level,3.61,3,typestate_checker,3,rating,negative
3,57,readability_level,3.6,3,typestate_checker,3,rating,negative
3,58,readability_level,2.4,5,typestate_checker,3,rating,negative
3,59,readability_level,3.83,3,typestate_checker,3,rating,negative
3,60,readability_level,3.88,2,typestate_checker,3,rating,negative
3,61,readability_level,3.77,2,typestate_checker,3,rating,negative
3,62,readability_level,3.47,3,typestate_checker,3,rating,negative
3,63,readability_level,2.64,2,typestate_checker,3,rating,negative
3,64,readability_level,3.59,6,typestate_checker,3,rating,negative
3,65,readability_level,3.2,3,typestate_checker,3,rating,negative
3,66,readability_level,2.59,5,typestate_checker,3,rating,negative
3,67,readability_level,4.02,0,typestate_checker,3,rating,negative
3,68,readability_level,3.35,0,typestate_checker,3,rating,negative
3,69,readability_level,2.92,4,typestate_checker,3,rating,negative
3,70,readability_level,2.39,7,typestate_checker,3,rating,negative
3,71,readability_level,3.69,1,typestate_checker,3,rating,negative
3,72,readability_level,2.86,2,typestate_checker,3,rating,negative
3,73,readability_level,3.38,2,typestate_checker,3,rating,negative
3,74,readability_level,3.82,6,typestate_checker,3,rating,negative
3,75,readability_level,3.39,4,typestate_checker,3,rating,negative
3,76,readability_level,3.49,3,typestate_checker,3,rating,negative
3,77,readability_level,2.72,3,typestate_checker,3,rating,negative
3,78,readability_level,2.28,3,typestate_checker,3,rating,negative
3,79,readability_level,3.34,7,typestate_checker,3,rating,negative
3,80,readability_level,4.15,0,typestate_checker,3,rating,negative
3,81,readability_level,3.93,1,typestate_checker,3,rating,negative
3,82,readability_level,4.0,2,typestate_checker,3,rating,negative
3,83,readability_level,2.76,2,typestate_checker,3,rating,negative
3,84,readability_level,3.94,6,typestate_checker,3,rating,negative
3,85,readability_level,3.61,1,typestate_checker,3,rating,negative
3,86,readability_level,2.62,2,typestate_checker,3,rating,negative
3,87,readability_level,2.87,2,typestate_checker,3,rating,negative
3,88,readability_level,3.23,0,typestate_checker,3,rating,negative
3,89,readability_level,4.28,2,typestate_checker,3,rating,negative
3,90,readability_level,3.35,2,typestate_checker,3,rating,negative
3,91,readability_level,2.08,2,typestate_checker,3,rating,negative
3,92,readability_level,3.36,2,typestate_checker,3,rating,negative
3,93,readability_level,2.36,3,typestate_checker,3,rating,negative
3,94,readability_level,4.07,2,typestate_checker,3,rating,negative
3,95,readability_level,3.18,2,typestate_checker,3,rating,negative
3,96,readability_level,3.81,1,typestate_checker,3,rating,negative
3,97,readability_level,2.9,3,typestate_checker,3,rating,negative
3,98,readability_level,3.0,2,typestate_checker,3,rating,negative
3,99,readability_level,2.95,17,typestate_checker,3,rating,negative
3,100,readability_level,2.12,4,typestate_checker,3,rating,negative
6,1,correct_verif_questions,0.3703703703703704,137,typestate_checker,6,correctness,negative
6,2,correct_verif_questions,0.4074074074074073,210,typestate_checker,6,correctness,negative
6,3,correct_verif_questions,0.4166666666666667,75,typestate_checker,6,correctness,negative
6,4,correct_verif_questions,0.4074074074074075,70,typestate_checker,6,correctness,negative
6,5,correct_verif_questions,0.5925925925925927,30,typestate_checker,6,correctness,negative
6,6,correct_verif_questions,0.4444444444444443,0,typestate_checker,6,correctness,negative
6,7,correct_verif_questions,0.4444444444444445,0,typestate_checker,6,correctness,negative
6,8,correct_verif_questions,0.2962962962962963,0,typestate_checker,6,correctness,negative
6,9,correct_verif_questions,0.5185185185185186,0,typestate_checker,6,correctness,negative
6,10,correct_verif_questions,0.4814814814814815,0,typestate_checker,6,correctness,negative
6,11,correct_verif_questions,0.1851851851851851,0,typestate_checker,6,correctness,negative
6,12,correct_verif_questions,0.5185185185185186,0,typestate_checker,6,correctness,negative
6,13,correct_verif_questions,0.4074074074074073,0,typestate_checker,6,correctness,negative
6,14,correct_verif_questions,0.2592592592592592,0,typestate_checker,6,correctness,negative
6,15,correct_verif_questions,0.4074074074074075,0,typestate_checker,6,correctness,negative
6,16,correct_verif_questions,0.2222222222222222,0,typestate_checker,6,correctness,negative
6,17,correct_verif_questions,0.4444444444444444,0,typestate_checker,6,correctness,negative
6,18,correct_verif_questions,0.2962962962962963,0,typestate_checker,6,correctness,negative
6,19,correct_verif_questions,0.6296296296296299,0,typestate_checker,6,correctness,negative
6,20,correct_verif_questions,0.7407407407407408,0,typestate_checker,6,correctness,negative
6,21,correct_verif_questions,0.074074074074074,0,typestate_checker,6,correctness,negative
6,22,correct_verif_questions,0.1111111111111111,0,typestate_checker,6,correctness,negative
6,23,correct_verif_questions,0.5925925925925926,0,typestate_checker,6,correctness,negative
6,24,correct_verif_questions,0.5185185185185186,0,typestate_checker,6,correctness,negative
6,25,correct_verif_questions,0.5925925925925928,0,typestate_checker,6,correctness,negative
6,26,correct_verif_questions,0.2592592592592593,0,typestate_checker,6,correctness,negative
6,27,correct_verif_questions,0.7407407407407408,0,typestate_checker,6,correctness,negative
6,28,correct_verif_questions,0.3703703703703704,0,typestate_checker,6,correctness,negative
6,29,correct_verif_questions,0.4074074074074074,0,typestate_checker,6,correctness,negative
6,30,correct_verif_questions,0.2592592592592591,0,typestate_checker,6,correctness,negative
6,31,correct_verif_questions,0.777777777777778,0,typestate_checker,6,correctness,negative
6,32,correct_verif_questions,0.777777777777778,0,typestate_checker,6,correctness,negative
6,33,correct_verif_questions,0.5555555555555556,0,typestate_checker,6,correctness,negative
6,34,correct_verif_questions,0.4814814814814816,0,typestate_checker,6,correctness,negative
6,35,correct_verif_questions,0.3703703703703703,0,typestate_checker,6,correctness,negative
6,36,correct_verif_questions,0.5555555555555556,0,typestate_checker,6,correctness,negative
6,37,correct_verif_questions,0.7407407407407409,0,typestate_checker,6,correctness,negative
6,38,correct_verif_questions,0.4444444444444444,0,typestate_checker,6,correctness,negative
6,39,correct_verif_questions,0.4814814814814815,0,typestate_checker,6,correctness,negative
6,40,correct_verif_questions,0.2592592592592591,0,typestate_checker,6,correctness,negative
6,41,correct_verif_questions,0.3333333333333335,0,typestate_checker,6,correctness,negative
6,42,correct_verif_questions,0.2083333333333333,0,typestate_checker,6,correctness,negative
6,43,correct_verif_questions,0.5416666666666667,0,typestate_checker,6,correctness,negative
6,44,correct_verif_questions,0.2916666666666667,0,typestate_checker,6,correctness,negative
6,45,correct_verif_questions,0.4166666666666668,0,typestate_checker,6,correctness,negative
6,46,correct_verif_questions,0.7037037037037038,0,typestate_checker,6,correctness,negative
6,47,correct_verif_questions,0.4444444444444444,0,typestate_checker,6,correctness,negative
6,48,correct_verif_questions,0.8148148148148149,0,typestate_checker,6,correctness,negative
6,49,correct_verif_questions,0.4074074074074073,0,typestate_checker,6,correctness,negative
6,50,correct_verif_questions,0.3333333333333334,0,typestate_checker,6,correctness,negative
6,1,binary_understandability,0.5555555555555556,137,typestate_checker,6,rating,negative
6,2,binary_understandability,0.8888888888888888,210,typestate_checker,6,rating,negative
6,3,binary_understandability,0.625,75,typestate_checker,6,rating,negative
6,4,binary_understandability,0.6666666666666666,70,typestate_checker,6,rating,negative
6,5,binary_understandability,0.7777777777777778,30,typestate_checker,6,rating,negative
6,6,binary_understandability,0.8888888888888888,0,typestate_checker,6,rating,negative
6,7,binary_understandability,0.7777777777777778,0,typestate_checker,6,rating,negative
6,8,binary_understandability,0.5555555555555556,0,typestate_checker,6,rating,negative
6,9,binary_understandability,0.7777777777777778,0,typestate_checker,6,rating,negative
6,10,binary_understandability,0.7777777777777778,0,typestate_checker,6,rating,negative
6,11,binary_understandability,0.5555555555555556,0,typestate_checker,6,rating,negative
6,12,binary_understandability,0.6666666666666666,0,typestate_checker,6,rating,negative
6,13,binary_understandability,0.6666666666666666,0,typestate_checker,6,rating,negative
6,14,binary_understandability,0.5555555555555556,0,typestate_checker,6,rating,negative
6,15,binary_understandability,0.6666666666666666,0,typestate_checker,6,rating,negative
6,16,binary_understandability,0.4444444444444444,0,typestate_checker,6,rating,negative
6,17,binary_understandability,0.6666666666666666,0,typestate_checker,6,rating,negative
6,18,binary_understandability,0.4444444444444444,0,typestate_checker,6,rating,negative
6,19,binary_understandability,0.8888888888888888,0,typestate_checker,6,rating,negative
6,20,binary_understandability,0.8888888888888888,0,typestate_checker,6,rating,negative
6,21,binary_understandability,0.2222222222222222,0,typestate_checker,6,rating,negative
6,22,binary_understandability,0.2222222222222222,0,typestate_checker,6,rating,negative
6,23,binary_understandability,0.8888888888888888,0,typestate_checker,6,rating,negative
6,24,binary_understandability,0.6666666666666666,0,typestate_checker,6,rating,negative
6,25,binary_understandability,0.7777777777777778,0,typestate_checker,6,rating,negative
6,26,binary_understandability,0.4444444444444444,0,typestate_checker,6,rating,negative
6,27,binary_understandability,0.7777777777777778,0,typestate_checker,6,rating,negative
6,28,binary_understandability,0.4444444444444444,0,typestate_checker,6,rating,negative
6,29,binary_understandability,0.5555555555555556,0,typestate_checker,6,rating,negative
6,30,binary_understandability,0.6666666666666666,0,typestate_checker,6,rating,negative
6,31,binary_understandability,1.0,0,typestate_checker,6,rating,negative
6,32,binary_understandability,1.0,0,typestate_checker,6,rating,negative
6,33,binary_understandability,0.8888888888888888,0,typestate_checker,6,rating,negative
6,34,binary_understandability,0.6666666666666666,0,typestate_checker,6,rating,negative
6,35,binary_understandability,0.6666666666666666,0,typestate_checker,6,rating,negative
6,36,binary_understandability,0.7777777777777778,0,typestate_checker,6,rating,negative
6,37,binary_understandability,1.0,0,typestate_checker,6,rating,negative
6,38,binary_understandability,0.6666666666666666,0,typestate_checker,6,rating,negative
6,39,binary_understandability,0.7777777777777778,0,typestate_checker,6,rating,negative
6,40,binary_understandability,0.6666666666666666,0,typestate_checker,6,rating,negative
6,41,binary_understandability,0.5,0,typestate_checker,6,rating,negative
6,42,binary_understandability,0.375,0,typestate_checker,6,rating,negative
6,43,binary_understandability,0.875,0,typestate_checker,6,rating,negative
6,44,binary_understandability,0.625,0,typestate_checker,6,rating,negative
6,45,binary_understandability,0.75,0,typestate_checker,6,rating,negative
6,46,binary_understandability,1.0,0,typestate_checker,6,rating,negative
6,47,binary_understandability,0.7777777777777778,0,typestate_checker,6,rating,negative
6,48,binary_understandability,1.0,0,typestate_checker,6,rating,negative
6,49,binary_understandability,0.7777777777777778,0,typestate_checker,6,rating,negative
6,50,binary_understandability,0.5555555555555556,0,typestate_checker,6,rating,negative
6,1,time_to_understand,74.4,137,typestate_checker,6,time,positive
6,2,time_to_understand,73.75,210,typestate_checker,6,time,positive
6,3,time_to_understand,59.8,75,typestate_checker,6,time,positive
6,4,time_to_understand,60.5,70,typestate_checker,6,time,positive
6,5,time_to_understand,66.14285714285714,30,typestate_checker,6,time,positive
6,6,time_to_understand,82.625,0,typestate_checker,6,time,positive
6,7,time_to_understand,257.42857142857144,0,typestate_checker,6,time,positive
6,8,time_to_understand,81.4,0,typestate_checker,6,time,positive
6,9,time_to_understand,170.28571428571428,0,typestate_checker,6,time,positive
6,10,time_to_understand,153.57142857142858,0,typestate_checker,6,time,positive
6,11,time_to_understand,241.4,0,typestate_checker,6,time,positive
6,12,time_to_understand,62.333333333333336,0,typestate_checker,6,time,positive
6,13,time_to_understand,53.66666666666666,0,typestate_checker,6,time,positive
6,14,time_to_understand,94.2,0,typestate_checker,6,time,positive
6,15,time_to_understand,113.66666666666669,0,typestate_checker,6,time,positive
6,16,time_to_understand,202.25,0,typestate_checker,6,time,positive
6,17,time_to_understand,237.33333333333331,0,typestate_checker,6,time,positive
6,18,time_to_understand,151.5,0,typestate_checker,6,time,positive
6,19,time_to_understand,435.5,0,typestate_checker,6,time,positive
6,20,time_to_understand,102.5,0,typestate_checker,6,time,positive
6,21,time_to_understand,172.5,0,typestate_checker,6,time,positive
6,22,time_to_understand,28.0,0,typestate_checker,6,time,positive
6,23,time_to_understand,264.25,0,typestate_checker,6,time,positive
6,24,time_to_understand,163.5,0,typestate_checker,6,time,positive
6,25,time_to_understand,48.85714285714285,0,typestate_checker,6,time,positive
6,26,time_to_understand,57.5,0,typestate_checker,6,time,positive
6,27,time_to_understand,144.71428571428572,0,typestate_checker,6,time,positive
6,28,time_to_understand,270.25,0,typestate_checker,6,time,positive
6,29,time_to_understand,51.6,0,typestate_checker,6,time,positive
6,30,time_to_understand,159.5,0,typestate_checker,6,time,positive
6,31,time_to_understand,50.888888888888886,0,typestate_checker,6,time,positive
6,32,time_to_understand,83.55555555555556,0,typestate_checker,6,time,positive
6,33,time_to_understand,122.125,0,typestate_checker,6,time,positive
6,34,time_to_understand,82.5,0,typestate_checker,6,time,positive
6,35,time_to_understand,83.33333333333333,0,typestate_checker,6,time,positive
6,36,time_to_understand,74.57142857142857,0,typestate_checker,6,time,positive
6,37,time_to_understand,238.44444444444449,0,typestate_checker,6,time,positive
6,38,time_to_understand,66.16666666666667,0,typestate_checker,6,time,positive
6,39,time_to_understand,101.85714285714286,0,typestate_checker,6,time,positive
6,40,time_to_understand,247.0,0,typestate_checker,6,time,positive
6,41,time_to_understand,195.5,0,typestate_checker,6,time,positive
6,42,time_to_understand,318.0,0,typestate_checker,6,time,positive
6,43,time_to_understand,47.85714285714285,0,typestate_checker,6,time,positive
6,44,time_to_understand,391.0,0,typestate_checker,6,time,positive
6,45,time_to_understand,162.16666666666666,0,typestate_checker,6,time,positive
6,46,time_to_understand,55.66666666666666,0,typestate_checker,6,time,positive
6,47,time_to_understand,85.42857142857143,0,typestate_checker,6,time,positive
6,48,time_to_understand,117.88888888888889,0,typestate_checker,6,time,positive
6,49,time_to_understand,85.57142857142857,0,typestate_checker,6,time,positive
6,50,time_to_understand,238.0,0,typestate_checker,6,time,positive
63,1,adjusted_gaze_sig,0.9762631428571428,67,typestate_checker,63,physiological,positive
63,2,adjusted_gaze_sig,0.8230961666666666,21,typestate_checker,63,physiological,positive
63,3,adjusted_gaze_sig,0.5625836166666667,8,typestate_checker,63,physiological,positive
63,4,adjusted_gaze_sig,0.89375,13,typestate_checker,63,physiological,positive
63,5,adjusted_gaze_sig,2.6371384000000004,51,typestate_checker,63,physiological,positive
63,6,adjusted_gaze_sig,0.743938,31,typestate_checker,63,physiological,positive
63,7,adjusted_gaze_sig,0.22781025,12,typestate_checker,63,physiological,positive
63,8,adjusted_gaze_sig,0.296709,22,typestate_checker,63,physiological,positive
63,9,adjusted_gaze_sig,0.9081988,7,typestate_checker,63,physiological,positive
63,10,adjusted_gaze_sig,1.328576,19,typestate_checker,63,physiological,positive
63,11,adjusted_gaze_sig,1.2333020000000003,12,typestate_checker,63,physiological,positive
63,12,adjusted_gaze_sig,0.62354116,8,typestate_checker,63,physiological,positive
63,13,adjusted_gaze_sig,7.25147,5,typestate_checker,63,physiological,positive
63,14,adjusted_gaze_sig,0.0,23,typestate_checker,63,physiological,positive
63,15,adjusted_gaze_sig,0.6652165666666668,4,typestate_checker,63,physiological,positive
63,16,adjusted_gaze_sig,0.5481481666666667,2,typestate_checker,63,physiological,positive
63,17,adjusted_gaze_sig,1.0767303333333331,0,typestate_checker,63,physiological,positive
63,18,adjusted_gaze_sig,1.75984745,0,typestate_checker,63,physiological,positive
63,19,adjusted_gaze_sig,0.362847,0,typestate_checker,63,physiological,positive
63,20,adjusted_gaze_sig,0.0,0,typestate_checker,63,physiological,positive
63,21,adjusted_gaze_sig,0.0,0,typestate_checker,63,physiological,positive
63,22,adjusted_gaze_sig,0.5865469125,0,typestate_checker,63,physiological,positive
63,23,adjusted_gaze_sig,0.413850625,0,typestate_checker,63,physiological,positive
63,24,adjusted_gaze_sig,0.9035215,0,typestate_checker,63,physiological,positive
63,25,adjusted_gaze_sig,0.98207,0,typestate_checker,63,physiological,positive
63,26,adjusted_gaze_sig,0.123751,0,typestate_checker,63,physiological,positive
63,27,adjusted_gaze_sig,0.0,0,typestate_checker,63,physiological,positive
63,28,adjusted_gaze_sig,0.393362,0,typestate_checker,63,physiological,positive
63,29,adjusted_gaze_sig,0.322672,0,typestate_checker,63,physiological,positive
63,30,adjusted_gaze_sig,1.1762729,0,typestate_checker,63,physiological,positive
63,31,adjusted_gaze_sig,0.56380175,0,typestate_checker,63,physiological,positive
63,32,adjusted_gaze_sig,0.867282125,0,typestate_checker,63,physiological,positive
63,33,adjusted_gaze_sig,1.227694,0,typestate_checker,63,physiological,positive
63,34,adjusted_gaze_sig,1.1920696666666664,0,typestate_checker,63,physiological,positive
63,35,adjusted_gaze_sig,0.5767354142857143,0,typestate_checker,63,physiological,positive
63,36,adjusted_gaze_sig,0.6708358571428573,0,typestate_checker,63,physiological,positive
63,37,adjusted_gaze_sig,0.7713289999999999,0,typestate_checker,63,physiological,positive
63,38,adjusted_gaze_sig,1.1950006666666666,0,typestate_checker,63,physiological,positive
63,39,adjusted_gaze_sig,1.5442762857142858,0,typestate_checker,63,physiological,positive
63,40,adjusted_gaze_sig,1.0439151428571427,0,typestate_checker,63,physiological,positive
63,41,adjusted_gaze_sig,0.0,0,typestate_checker,63,physiological,positive
63,42,adjusted_gaze_sig,0.0,0,typestate_checker,63,physiological,positive
63,43,adjusted_gaze_sig,0.0,0,typestate_checker,63,physiological,positive
63,44,adjusted_gaze_sig,0.0,0,typestate_checker,63,physiological,positive
63,45,adjusted_gaze_sig,0.0,0,typestate_checker,63,physiological,positive
63,46,adjusted_gaze_sig,0.0,0,typestate_checker,63,physiological,positive
63,47,adjusted_gaze_sig,0.0,0,typestate_checker,63,physiological,positive
63,48,adjusted_gaze_sig,0.0,0,typestate_checker,63,physiological,positive
63,49,adjusted_gaze_sig,0.0,0,typestate_checker,63,physiological,positive
63,50,adjusted_gaze_sig,0.0,0,typestate_checker,63,physiological,positive
63,51,adjusted_gaze_sig,0.0,0,typestate_checker,63,physiological,positive
63,52,adjusted_gaze_sig,0.0,0,typestate_checker,63,physiological,positive
63,53,adjusted_gaze_sig,0.0,0,typestate_checker,63,physiological,positive
63,54,adjusted_gaze_sig,0.0,0,typestate_checker,63,physiological,positive
63,55,adjusted_gaze_sig,0.0,0,typestate_checker,63,physiological,positive
63,56,adjusted_gaze_sig,0.0,0,typestate_checker,63,physiological,positive
63,57,adjusted_gaze_sig,0.0,0,typestate_checker,63,physiological,positive
63,58,adjusted_gaze_sig,0.0,0,typestate_checker,63,physiological,positive
63,59,adjusted_gaze_sig,0.0,0,typestate_checker,63,physiological,positive
63,60,adjusted_gaze_sig,0.0,0,typestate_checker,63,physiological,positive
63,61,adjusted_gaze_sig,0.0,0,typestate_checker,63,physiological,positive
63,62,adjusted_gaze_sig,0.0,0,typestate_checker,63,physiological,positive
63,63,adjusted_gaze_sig,0.0,0,typestate_checker,63,physiological,positive
63,64,adjusted_gaze_sig,0.0,0,typestate_checker,63,physiological,positive
63,1,adjusted_gaze_non_sig,1.0012627142857142,67,typestate_checker,63,physiological,positive
63,2,adjusted_gaze_non_sig,1.035382,21,typestate_checker,63,physiological,positive
63,3,adjusted_gaze_non_sig,1.0388815000000002,8,typestate_checker,63,physiological,positive
63,4,adjusted_gaze_non_sig,1.0066405,13,typestate_checker,63,physiological,positive
63,5,adjusted_gaze_non_sig,0.8035439999999999,51,typestate_checker,63,physiological,positive
63,6,adjusted_gaze_non_sig,1.0221293333333332,31,typestate_checker,63,physiological,positive
63,7,adjusted_gaze_non_sig,1.198565,12,typestate_checker,63,physiological,positive
63,8,adjusted_gaze_non_sig,1.18869,22,typestate_checker,63,physiological,positive
63,9,adjusted_gaze_non_sig,1.008346,7,typestate_checker,63,physiological,positive
63,10,adjusted_gaze_non_sig,0.94700475,19,typestate_checker,63,physiological,positive
63,11,adjusted_gaze_non_sig,0.9611160000000002,12,typestate_checker,63,physiological,positive
63,12,adjusted_gaze_non_sig,1.0597564,8,typestate_checker,63,physiological,positive
63,13,adjusted_gaze_non_sig,0.5688641666666666,5,typestate_checker,63,physiological,positive
63,14,adjusted_gaze_non_sig,1.06452,23,typestate_checker,63,physiological,positive
63,15,adjusted_gaze_non_sig,1.0464055,4,typestate_checker,63,physiological,positive
63,16,adjusted_gaze_non_sig,1.0779053333333335,2,typestate_checker,63,physiological,positive
63,17,adjusted_gaze_non_sig,0.9531083333333332,0,typestate_checker,63,physiological,positive
63,18,adjusted_gaze_non_sig,0.9831165,0,typestate_checker,63,physiological,positive
63,19,adjusted_gaze_non_sig,1.03982,0,typestate_checker,63,physiological,positive
63,20,adjusted_gaze_non_sig,1.13636,0,typestate_checker,63,physiological,positive
63,21,adjusted_gaze_non_sig,1.35294,0,typestate_checker,63,physiological,positive
63,22,adjusted_gaze_non_sig,1.036127625,0,typestate_checker,63,physiological,positive
63,23,adjusted_gaze_non_sig,1.183171625,0,typestate_checker,63,physiological,positive
63,24,adjusted_gaze_non_sig,1.00470625,0,typestate_checker,63,physiological,positive
63,25,adjusted_gaze_non_sig,1.0016315,0,typestate_checker,63,physiological,positive
63,26,adjusted_gaze_non_sig,1.1402,0,typestate_checker,63,physiological,positive
63,27,adjusted_gaze_non_sig,1.075,0,typestate_checker,63,physiological,positive
63,28,adjusted_gaze_non_sig,1.07137,0,typestate_checker,63,physiological,positive
63,29,adjusted_gaze_non_sig,1.079685,0,typestate_checker,63,physiological,positive
63,30,adjusted_gaze_non_sig,0.9843317500000002,0,typestate_checker,63,physiological,positive
63,31,adjusted_gaze_non_sig,1.049248625,0,typestate_checker,63,physiological,positive
63,32,adjusted_gaze_non_sig,1.00717325,0,typestate_checker,63,physiological,positive
63,33,adjusted_gaze_non_sig,0.988017,0,typestate_checker,63,physiological,positive
63,34,adjusted_gaze_non_sig,0.9819933333333332,0,typestate_checker,63,physiological,positive
63,35,adjusted_gaze_non_sig,1.0423244285714286,0,typestate_checker,63,physiological,positive
63,36,adjusted_gaze_non_sig,1.0173247142857142,0,typestate_checker,63,physiological,positive
63,37,adjusted_gaze_non_sig,1.024625,0,typestate_checker,63,physiological,positive
63,38,adjusted_gaze_non_sig,0.98172,0,typestate_checker,63,physiological,positive
63,39,adjusted_gaze_non_sig,0.9333551428571428,0,typestate_checker,63,physiological,positive
63,40,adjusted_gaze_non_sig,0.9987081428571428,0,typestate_checker,63,physiological,positive
63,41,adjusted_gaze_non_sig,0.0,0,typestate_checker,63,physiological,positive
63,42,adjusted_gaze_non_sig,0.0,0,typestate_checker,63,physiological,positive
63,43,adjusted_gaze_non_sig,0.0,0,typestate_checker,63,physiological,positive
63,44,adjusted_gaze_non_sig,0.0,0,typestate_checker,63,physiological,positive
63,45,adjusted_gaze_non_sig,0.0,0,typestate_checker,63,physiological,positive
63,46,adjusted_gaze_non_sig,0.0,0,typestate_checker,63,physiological,positive
63,47,adjusted_gaze_non_sig,0.0,0,typestate_checker,63,physiological,positive
63,48,adjusted_gaze_non_sig,0.0,0,typestate_checker,63,physiological,positive
63,49,adjusted_gaze_non_sig,0.0,0,typestate_checker,63,physiological,positive
63,50,adjusted_gaze_non_sig,0.0,0,typestate_checker,63,physiological,positive
63,51,adjusted_gaze_non_sig,0.0,0,typestate_checker,63,physiological,positive
63,52,adjusted_gaze_non_sig,0.0,0,typestate_checker,63,physiological,positive
63,53,adjusted_gaze_non_sig,0.0,0,typestate_checker,63,physiological,positive
63,54,adjusted_gaze_non_sig,0.0,0,typestate_checker,63,physiological,positive
63,55,adjusted_gaze_non_sig,0.0,0,typestate_checker,63,physiological,positive
63,56,adjusted_gaze_non_sig,0.0,0,typestate_checker,63,physiological,positive
63,57,adjusted_gaze_non_sig,0.0,0,typestate_checker,63,physiological,positive
63,58,adjusted_gaze_non_sig,0.0,0,typestate_checker,63,physiological,positive
63,59,adjusted_gaze_non_sig,0.0,0,typestate_checker,63,physiological,positive
63,60,adjusted_gaze_non_sig,0.0,0,typestate_checker,63,physiological,positive
63,61,adjusted_gaze_non_sig,0.0,0,typestate_checker,63,physiological,positive
63,62,adjusted_gaze_non_sig,0.0,0,typestate_checker,63,physiological,positive
63,63,adjusted_gaze_non_sig,0.0,0,typestate_checker,63,physiological,positive
63,64,adjusted_gaze_non_sig,0.0,0,typestate_checker,63,physiological,positive
63,1,adjusted_fix_sig,0.5704825714285715,67,typestate_checker,63,physiological,positive
63,2,adjusted_fix_sig,0.6598746666666667,21,typestate_checker,63,physiological,positive
63,3,adjusted_fix_sig,0.3057458333333333,8,typestate_checker,63,physiological,positive
63,4,adjusted_fix_sig,0.425,13,typestate_checker,63,physiological,positive
63,5,adjusted_fix_sig,2.9051914,51,typestate_checker,63,physiological,positive
63,6,adjusted_fix_sig,0.8669013333333334,31,typestate_checker,63,physiological,positive
63,7,adjusted_fix_sig,0.10787605,12,typestate_checker,63,physiological,positive
63,8,adjusted_fix_sig,0.241187,22,typestate_checker,63,physiological,positive
63,9,adjusted_fix_sig,0.6465266,7,typestate_checker,63,physiological,positive
63,10,adjusted_fix_sig,1.10297925,19,typestate_checker,63,physiological,positive
63,11,adjusted_fix_sig,1.2598273333333332,12,typestate_checker,63,physiological,positive
63,12,adjusted_fix_sig,0.5756184,8,typestate_checker,63,physiological,positive
63,13,adjusted_fix_sig,6.436988833333333,5,typestate_checker,63,physiological,positive
63,14,adjusted_fix_sig,0.0,23,typestate_checker,63,physiological,positive
63,15,adjusted_fix_sig,0.6469865333333333,4,typestate_checker,63,physiological,positive
63,16,adjusted_fix_sig,0.6525656666666667,2,typestate_checker,63,physiological,positive
63,17,adjusted_fix_sig,1.0895208333333335,0,typestate_checker,63,physiological,positive
63,18,adjusted_fix_sig,1.61501335,0,typestate_checker,63,physiological,positive
63,19,adjusted_fix_sig,0.468504,0,typestate_checker,63,physiological,positive
63,20,adjusted_fix_sig,0.0,0,typestate_checker,63,physiological,positive
63,21,adjusted_fix_sig,0.0,0,typestate_checker,63,physiological,positive
63,22,adjusted_fix_sig,0.369805775,0,typestate_checker,63,physiological,positive
63,23,adjusted_fix_sig,0.3446160625,0,typestate_checker,63,physiological,positive
63,24,adjusted_fix_sig,0.782111025,0,typestate_checker,63,physiological,positive
63,25,adjusted_fix_sig,0.6956899999999999,0,typestate_checker,63,physiological,positive
63,26,adjusted_fix_sig,0.0788045,0,typestate_checker,63,physiological,positive
63,27,adjusted_fix_sig,0.0,0,typestate_checker,63,physiological,positive
63,28,adjusted_fix_sig,0.95,0,typestate_checker,63,physiological,positive
63,29,adjusted_fix_sig,0.319328,0,typestate_checker,63,physiological,positive
63,30,adjusted_fix_sig,1.070199575,0,typestate_checker,63,physiological,positive
63,31,adjusted_fix_sig,0.359252225,0,typestate_checker,63,physiological,positive
63,32,adjusted_fix_sig,0.7660482500000001,0,typestate_checker,63,physiological,positive
63,33,adjusted_fix_sig,1.44020525,0,typestate_checker,63,physiological,positive
63,34,adjusted_fix_sig,0.8920514444444445,0,typestate_checker,63,physiological,positive
63,35,adjusted_fix_sig,0.6372011142857142,0,typestate_checker,63,physiological,positive
63,36,adjusted_fix_sig,0.5316787142857143,0,typestate_checker,63,physiological,positive
63,37,adjusted_fix_sig,0.828344,0,typestate_checker,63,physiological,positive
63,38,adjusted_fix_sig,0.5885861666666666,0,typestate_checker,63,physiological,positive
63,39,adjusted_fix_sig,0.7586309714285715,0,typestate_checker,63,physiological,positive
63,40,adjusted_fix_sig,0.9255011428571428,0,typestate_checker,63,physiological,positive
63,41,adjusted_fix_sig,0.0,0,typestate_checker,63,physiological,positive
63,42,adjusted_fix_sig,0.0,0,typestate_checker,63,physiological,positive
63,43,adjusted_fix_sig,0.0,0,typestate_checker,63,physiological,positive
63,44,adjusted_fix_sig,0.0,0,typestate_checker,63,physiological,positive
63,45,adjusted_fix_sig,0.0,0,typestate_checker,63,physiological,positive
63,46,adjusted_fix_sig,0.0,0,typestate_checker,63,physiological,positive
63,47,adjusted_fix_sig,0.0,0,typestate_checker,63,physiological,positive
63,48,adjusted_fix_sig,0.0,0,typestate_checker,63,physiological,positive
63,49,adjusted_fix_sig,0.0,0,typestate_checker,63,physiological,positive
63,50,adjusted_fix_sig,0.0,0,typestate_checker,63,physiological,positive
63,51,adjusted_fix_sig,0.0,0,typestate_checker,63,physiological,positive
63,52,adjusted_fix_sig,0.0,0,typestate_checker,63,physiological,positive
63,53,adjusted_fix_sig,0.0,0,typestate_checker,63,physiological,positive
63,54,adjusted_fix_sig,0.0,0,typestate_checker,63,physiological,positive
63,55,adjusted_fix_sig,0.0,0,typestate_checker,63,physiological,positive
63,56,adjusted_fix_sig,0.0,0,typestate_checker,63,physiological,positive
63,57,adjusted_fix_sig,0.0,0,typestate_checker,63,physiological,positive
63,58,adjusted_fix_sig,0.0,0,typestate_checker,63,physiological,positive
63,59,adjusted_fix_sig,0.0,0,typestate_checker,63,physiological,positive
63,60,adjusted_fix_sig,0.0,0,typestate_checker,63,physiological,positive
63,61,adjusted_fix_sig,0.0,0,typestate_checker,63,physiological,positive
63,62,adjusted_fix_sig,0.0,0,typestate_checker,63,physiological,positive
63,63,adjusted_fix_sig,0.0,0,typestate_checker,63,physiological,positive
63,64,adjusted_fix_sig,0.0,0,typestate_checker,63,physiological,positive
63,1,adjusted_fix_non_sig,1.022847142857143,67,typestate_checker,63,physiological,positive
63,2,adjusted_fix_non_sig,1.0680243333333332,21,typestate_checker,63,physiological,positive
63,3,adjusted_fix_non_sig,1.06171,8,typestate_checker,63,physiological,positive
63,4,adjusted_fix_non_sig,1.03594,13,typestate_checker,63,physiological,positive
63,5,adjusted_fix_non_sig,0.7713774,51,typestate_checker,63,physiological,positive
63,6,adjusted_fix_non_sig,1.0115040000000002,31,typestate_checker,63,physiological,positive
63,7,adjusted_fix_non_sig,1.2294025,12,typestate_checker,63,physiological,positive
63,8,adjusted_fix_non_sig,1.20358,22,typestate_checker,63,physiological,positive
63,9,adjusted_fix_non_sig,1.0321358,7,typestate_checker,63,physiological,positive
63,10,adjusted_fix_non_sig,0.98339175,19,typestate_checker,63,physiological,positive
63,11,adjusted_fix_non_sig,0.9566937333333334,12,typestate_checker,63,physiological,positive
63,12,adjusted_fix_non_sig,1.067363,8,typestate_checker,63,physiological,positive
63,13,adjusted_fix_non_sig,0.6250355,5,typestate_checker,63,physiological,positive
63,14,adjusted_fix_non_sig,1.06452,23,typestate_checker,63,physiological,positive
63,15,adjusted_fix_non_sig,1.0489339999999998,4,typestate_checker,63,physiological,positive
63,16,adjusted_fix_non_sig,1.0599005,2,typestate_checker,63,physiological,positive
63,17,adjusted_fix_non_sig,0.9452923333333332,0,typestate_checker,63,physiological,positive
63,18,adjusted_fix_non_sig,0.986333,0,typestate_checker,63,physiological,positive
63,19,adjusted_fix_non_sig,1.03322,0,typestate_checker,63,physiological,positive
63,20,adjusted_fix_non_sig,1.13636,0,typestate_checker,63,physiological,positive
63,21,adjusted_fix_non_sig,1.35294,0,typestate_checker,63,physiological,positive
63,22,adjusted_fix_non_sig,1.0550675,0,typestate_checker,63,physiological,positive
63,23,adjusted_fix_non_sig,1.2048075,0,typestate_checker,63,physiological,positive
63,24,adjusted_fix_non_sig,1.01062975,0,typestate_checker,63,physiological,positive
63,25,adjusted_fix_non_sig,1.027663,0,typestate_checker,63,physiological,positive
63,26,adjusted_fix_non_sig,1.14739,0,typestate_checker,63,physiological,positive
63,27,adjusted_fix_non_sig,1.075,0,typestate_checker,63,physiological,positive
63,28,adjusted_fix_non_sig,1.005884,0,typestate_checker,63,physiological,positive
63,29,adjusted_fix_non_sig,1.0800800000000002,0,typestate_checker,63,physiological,positive
63,30,adjusted_fix_non_sig,0.99375925,0,typestate_checker,63,physiological,positive
63,31,adjusted_fix_non_sig,1.07234375,0,typestate_checker,63,physiological,positive
63,32,adjusted_fix_non_sig,1.01264575,0,typestate_checker,63,physiological,positive
63,33,adjusted_fix_non_sig,0.976830625,0,typestate_checker,63,physiological,positive
63,34,adjusted_fix_non_sig,1.01012,0,typestate_checker,63,physiological,positive
63,35,adjusted_fix_non_sig,1.036279857142857,0,typestate_checker,63,physiological,positive
63,36,adjusted_fix_non_sig,1.0246478571428572,0,typestate_checker,63,physiological,positive
63,37,adjusted_fix_non_sig,1.0184845,0,typestate_checker,63,physiological,positive
63,38,adjusted_fix_non_sig,1.0385704999999998,0,typestate_checker,63,physiological,positive
63,39,adjusted_fix_non_sig,1.0295549999999998,0,typestate_checker,63,physiological,positive
63,40,adjusted_fix_non_sig,1.0021907142857145,0,typestate_checker,63,physiological,positive
63,41,adjusted_fix_non_sig,0.0,0,typestate_checker,63,physiological,positive
63,42,adjusted_fix_non_sig,0.0,0,typestate_checker,63,physiological,positive
63,43,adjusted_fix_non_sig,0.0,0,typestate_checker,63,physiological,positive
63,44,adjusted_fix_non_sig,0.0,0,typestate_checker,63,physiological,positive
63,45,adjusted_fix_non_sig,0.0,0,typestate_checker,63,physiological,positive
63,46,adjusted_fix_non_sig,0.0,0,typestate_checker,63,physiological,positive
63,47,adjusted_fix_non_sig,0.0,0,typestate_checker,63,physiological,positive
63,48,adjusted_fix_non_sig,0.0,0,typestate_checker,63,physiological,positive
63,49,adjusted_fix_non_sig,0.0,0,typestate_checker,63,physiological,positive
63,50,adjusted_fix_non_sig,0.0,0,typestate_checker,63,physiological,positive
63,51,adjusted_fix_non_sig,0.0,0,typestate_checker,63,physiological,positive
63,52,adjusted_fix_non_sig,0.0,0,typestate_checker,63,physiological,positive
63,53,adjusted_fix_non_sig,0.0,0,typestate_checker,63,physiological,positive
63,54,adjusted_fix_non_sig,0.0,0,typestate_checker,63,physiological,positive
63,55,adjusted_fix_non_sig,0.0,0,typestate_checker,63,physiological,positive
63,56,adjusted_fix_non_sig,0.0,0,typestate_checker,63,physiological,positive
63,57,adjusted_fix_non_sig,0.0,0,typestate_checker,63,physiological,positive
63,58,adjusted_fix_non_sig,0.0,0,typestate_checker,63,physiological,positive
63,59,adjusted_fix_non_sig,0.0,0,typestate_checker,63,physiological,positive
63,60,adjusted_fix_non_sig,0.0,0,typestate_checker,63,physiological,positive
63,61,adjusted_fix_non_sig,0.0,0,typestate_checker,63,physiological,positive
63,62,adjusted_fix_non_sig,0.0,0,typestate_checker,63,physiological,positive
63,63,adjusted_fix_non_sig,0.0,0,typestate_checker,63,physiological,positive
63,64,adjusted_fix_non_sig,0.0,0,typestate_checker,63,physiological,positive
63,1,adjusted_gaze_flow,0.8939634285714285,67,typestate_checker,63,physiological,positive
63,2,adjusted_gaze_flow,1.590968333333333,21,typestate_checker,63,physiological,positive
63,3,adjusted_gaze_flow,1.4814991666666668,8,typestate_checker,63,physiological,positive
63,4,adjusted_gaze_flow,0.8340995,13,typestate_checker,63,physiological,positive
63,5,adjusted_gaze_flow,0.8475556666666666,51,typestate_checker,63,physiological,positive
63,6,adjusted_gaze_flow,1.78484475,31,typestate_checker,63,physiological,positive
63,7,adjusted_gaze_flow,0.0,12,typestate_checker,63,physiological,positive
63,8,adjusted_gaze_flow,1.467374,22,typestate_checker,63,physiological,positive
63,9,adjusted_gaze_flow,1.788082775,7,typestate_checker,63,physiological,positive
63,10,adjusted_gaze_flow,1.1948017333333332,19,typestate_checker,63,physiological,positive
63,11,adjusted_gaze_flow,1.4922766,12,typestate_checker,63,physiological,positive
63,12,adjusted_gaze_flow,0.5471588333333334,8,typestate_checker,63,physiological,positive
63,13,adjusted_gaze_flow,0.271832,5,typestate_checker,63,physiological,positive
63,14,adjusted_gaze_flow,1.4582316666666666,23,typestate_checker,63,physiological,positive
63,15,adjusted_gaze_flow,1.6839356666666665,4,typestate_checker,63,physiological,positive
63,16,adjusted_gaze_flow,0.6687440000000001,2,typestate_checker,63,physiological,positive
63,17,adjusted_gaze_flow,0.91335,0,typestate_checker,63,physiological,positive
63,18,adjusted_gaze_flow,1.309525,0,typestate_checker,63,physiological,positive
63,19,adjusted_gaze_flow,2.64243,0,typestate_checker,63,physiological,positive
63,20,adjusted_gaze_flow,0.584649,0,typestate_checker,63,physiological,positive
63,21,adjusted_gaze_flow,0.953450875,0,typestate_checker,63,physiological,positive
63,22,adjusted_gaze_flow,1.2158466250000002,0,typestate_checker,63,physiological,positive
63,23,adjusted_gaze_flow,0.664894375,0,typestate_checker,63,physiological,positive
63,24,adjusted_gaze_flow,0.399041,0,typestate_checker,63,physiological,positive
63,25,adjusted_gaze_flow,1.2139950000000002,0,typestate_checker,63,physiological,positive
63,26,adjusted_gaze_flow,1.396597,0,typestate_checker,63,physiological,positive
63,27,adjusted_gaze_flow,0.59716,0,typestate_checker,63,physiological,positive
63,28,adjusted_gaze_flow,0.737054,0,typestate_checker,63,physiological,positive
63,29,adjusted_gaze_flow,1.049636,0,typestate_checker,63,physiological,positive
63,30,adjusted_gaze_flow,2.0015175000000003,0,typestate_checker,63,physiological,positive
63,31,adjusted_gaze_flow,0.910566875,0,typestate_checker,63,physiological,positive
63,32,adjusted_gaze_flow,1.62674875,0,typestate_checker,63,physiological,positive
63,33,adjusted_gaze_flow,0.8239138888888888,0,typestate_checker,63,physiological,positive
63,34,adjusted_gaze_flow,0.9286387142857144,0,typestate_checker,63,physiological,positive
63,35,adjusted_gaze_flow,1.2251139999999998,0,typestate_checker,63,physiological,positive
63,36,adjusted_gaze_flow,1.3266493333333331,0,typestate_checker,63,physiological,positive
63,37,adjusted_gaze_flow,0.841827,0,typestate_checker,63,physiological,positive
63,38,adjusted_gaze_flow,0.7460811428571429,0,typestate_checker,63,physiological,positive
63,39,adjusted_gaze_flow,0.0,0,typestate_checker,63,physiological,positive
63,40,adjusted_gaze_flow,0.0,0,typestate_checker,63,physiological,positive
63,41,adjusted_gaze_flow,0.0,0,typestate_checker,63,physiological,positive
63,42,adjusted_gaze_flow,0.0,0,typestate_checker,63,physiological,positive
63,43,adjusted_gaze_flow,0.0,0,typestate_checker,63,physiological,positive
63,44,adjusted_gaze_flow,0.0,0,typestate_checker,63,physiological,positive
63,45,adjusted_gaze_flow,0.0,0,typestate_checker,63,physiological,positive
63,46,adjusted_gaze_flow,0.0,0,typestate_checker,63,physiological,positive
63,47,adjusted_gaze_flow,0.0,0,typestate_checker,63,physiological,positive
63,48,adjusted_gaze_flow,0.0,0,typestate_checker,63,physiological,positive
63,49,adjusted_gaze_flow,0.0,0,typestate_checker,63,physiological,positive
63,50,adjusted_gaze_flow,0.0,0,typestate_checker,63,physiological,positive
63,51,adjusted_gaze_flow,0.0,0,typestate_checker,63,physiological,positive
63,52,adjusted_gaze_flow,0.0,0,typestate_checker,63,physiological,positive
63,53,adjusted_gaze_flow,0.0,0,typestate_checker,63,physiological,positive
63,54,adjusted_gaze_flow,0.0,0,typestate_checker,63,physiological,positive
63,55,adjusted_gaze_flow,0.0,0,typestate_checker,63,physiological,positive
63,56,adjusted_gaze_flow,0.0,0,typestate_checker,63,physiological,positive
63,57,adjusted_gaze_flow,0.0,0,typestate_checker,63,physiological,positive
63,58,adjusted_gaze_flow,0.0,0,typestate_checker,63,physiological,positive
63,59,adjusted_gaze_flow,0.0,0,typestate_checker,63,physiological,positive
63,60,adjusted_gaze_flow,0.0,0,typestate_checker,63,physiological,positive
63,61,adjusted_gaze_flow,0.0,0,typestate_checker,63,physiological,positive
63,62,adjusted_gaze_flow,0.0,0,typestate_checker,63,physiological,positive
63,63,adjusted_gaze_flow,0.0,0,typestate_checker,63,physiological,positive
63,64,adjusted_gaze_flow,0.0,0,typestate_checker,63,physiological,positive
63,1,adjusted_gaze_non_flow,1.0452225714285714,67,typestate_checker,63,physiological,positive
63,2,adjusted_gaze_non_flow,0.8153225000000001,21,typestate_checker,63,physiological,positive
63,3,adjusted_gaze_non_flow,0.9060483333333332,8,typestate_checker,63,physiological,positive
63,4,adjusted_gaze_non_flow,1.1235435,13,typestate_checker,63,physiological,positive
63,5,adjusted_gaze_non_flow,1.2018866666666668,51,typestate_checker,63,physiological,positive
63,6,adjusted_gaze_non_flow,0.96075875,31,typestate_checker,63,physiological,positive
63,7,adjusted_gaze_non_flow,1.02222,12,typestate_checker,63,physiological,positive
63,8,adjusted_gaze_non_flow,0.8504400000000001,22,typestate_checker,63,physiological,positive
63,9,adjusted_gaze_non_flow,0.97748425,7,typestate_checker,63,physiological,positive
63,10,adjusted_gaze_non_flow,0.9503439333333332,19,typestate_checker,63,physiological,positive
63,11,adjusted_gaze_non_flow,0.9097498,12,typestate_checker,63,physiological,positive
63,12,adjusted_gaze_non_flow,1.1378205,8,typestate_checker,63,physiological,positive
63,13,adjusted_gaze_non_flow,1.21845,5,typestate_checker,63,physiological,positive
63,14,adjusted_gaze_non_flow,0.7639411666666667,23,typestate_checker,63,physiological,positive
63,15,adjusted_gaze_non_flow,0.9316063333333332,4,typestate_checker,63,physiological,positive
63,16,adjusted_gaze_non_flow,1.0451714999999997,2,typestate_checker,63,physiological,positive
63,17,adjusted_gaze_non_flow,1.032905,0,typestate_checker,63,physiological,positive
63,18,adjusted_gaze_non_flow,0.850228,0,typestate_checker,63,physiological,positive
63,19,adjusted_gaze_non_flow,0.850688,0,typestate_checker,63,physiological,positive
63,20,adjusted_gaze_non_flow,1.06558,0,typestate_checker,63,physiological,positive
63,21,adjusted_gaze_non_flow,1.01070075,0,typestate_checker,63,physiological,positive
63,22,adjusted_gaze_non_flow,0.987782125,0,typestate_checker,63,physiological,positive
63,23,adjusted_gaze_non_flow,1.5445462499999998,0,typestate_checker,63,physiological,positive
63,24,adjusted_gaze_non_flow,1.115565,0,typestate_checker,63,physiological,positive
63,25,adjusted_gaze_non_flow,0.940281,0,typestate_checker,63,physiological,positive
63,26,adjusted_gaze_non_flow,0.9228835,0,typestate_checker,63,physiological,positive
63,27,adjusted_gaze_non_flow,1.1272135,0,typestate_checker,63,physiological,positive
63,28,adjusted_gaze_non_flow,1.08452,0,typestate_checker,63,physiological,positive
63,29,adjusted_gaze_non_flow,0.9702205,0,typestate_checker,63,physiological,positive
63,30,adjusted_gaze_non_flow,0.788140625,0,typestate_checker,63,physiological,positive
63,31,adjusted_gaze_non_flow,1.050549375,0,typestate_checker,63,physiological,positive
63,32,adjusted_gaze_non_flow,0.87032775,0,typestate_checker,63,physiological,positive
63,33,adjusted_gaze_non_flow,1.344346888888889,0,typestate_checker,63,physiological,positive
63,34,adjusted_gaze_non_flow,1.0558482857142857,0,typestate_checker,63,physiological,positive
63,35,adjusted_gaze_non_flow,0.938953125,0,typestate_checker,63,physiological,positive
63,36,adjusted_gaze_non_flow,0.9216045,0,typestate_checker,63,physiological,positive
63,37,adjusted_gaze_non_flow,1.036784,0,typestate_checker,63,physiological,positive
63,38,adjusted_gaze_non_flow,1.0149342857142856,0,typestate_checker,63,physiological,positive
63,39,adjusted_gaze_non_flow,0.0,0,typestate_checker,63,physiological,positive
63,40,adjusted_gaze_non_flow,0.0,0,typestate_checker,63,physiological,positive
63,41,adjusted_gaze_non_flow,0.0,0,typestate_checker,63,physiological,positive
63,42,adjusted_gaze_non_flow,0.0,0,typestate_checker,63,physiological,positive
63,43,adjusted_gaze_non_flow,0.0,0,typestate_checker,63,physiological,positive
63,44,adjusted_gaze_non_flow,0.0,0,typestate_checker,63,physiological,positive
63,45,adjusted_gaze_non_flow,0.0,0,typestate_checker,63,physiological,positive
63,46,adjusted_gaze_non_flow,0.0,0,typestate_checker,63,physiological,positive
63,47,adjusted_gaze_non_flow,0.0,0,typestate_checker,63,physiological,positive
63,48,adjusted_gaze_non_flow,0.0,0,typestate_checker,63,physiological,positive
63,49,adjusted_gaze_non_flow,0.0,0,typestate_checker,63,physiological,positive
63,50,adjusted_gaze_non_flow,0.0,0,typestate_checker,63,physiological,positive
63,51,adjusted_gaze_non_flow,0.0,0,typestate_checker,63,physiological,positive
63,52,adjusted_gaze_non_flow,0.0,0,typestate_checker,63,physiological,positive
63,53,adjusted_gaze_non_flow,0.0,0,typestate_checker,63,physiological,positive
63,54,adjusted_gaze_non_flow,0.0,0,typestate_checker,63,physiological,positive
63,55,adjusted_gaze_non_flow,0.0,0,typestate_checker,63,physiological,positive
63,56,adjusted_gaze_non_flow,0.0,0,typestate_checker,63,physiological,positive
63,57,adjusted_gaze_non_flow,0.0,0,typestate_checker,63,physiological,positive
63,58,adjusted_gaze_non_flow,0.0,0,typestate_checker,63,physiological,positive
63,59,adjusted_gaze_non_flow,0.0,0,typestate_checker,63,physiological,positive
63,60,adjusted_gaze_non_flow,0.0,0,typestate_checker,63,physiological,positive
63,61,adjusted_gaze_non_flow,0.0,0,typestate_checker,63,physiological,positive
63,62,adjusted_gaze_non_flow,0.0,0,typestate_checker,63,physiological,positive
63,63,adjusted_gaze_non_flow,0.0,0,typestate_checker,63,physiological,positive
63,64,adjusted_gaze_non_flow,0.0,0,typestate_checker,63,physiological,positive
63,1,adjusted_fix_flow,0.8996162857142859,67,typestate_checker,63,physiological,positive
63,2,adjusted_fix_flow,1.550205,21,typestate_checker,63,physiological,positive
63,3,adjusted_fix_flow,1.4372716666666667,8,typestate_checker,63,physiological,positive
63,4,adjusted_fix_flow,0.831264,13,typestate_checker,63,physiological,positive
63,5,adjusted_fix_flow,0.9216433333333334,51,typestate_checker,63,physiological,positive
63,6,adjusted_fix_flow,2.34856925,31,typestate_checker,63,physiological,positive
63,7,adjusted_fix_flow,0.0,12,typestate_checker,63,physiological,positive
63,8,adjusted_fix_flow,1.495002,22,typestate_checker,63,physiological,positive
63,9,adjusted_fix_flow,1.79808875,7,typestate_checker,63,physiological,positive
63,10,adjusted_fix_flow,1.243632,19,typestate_checker,63,physiological,positive
63,11,adjusted_fix_flow,1.6806484000000002,12,typestate_checker,63,physiological,positive
63,12,adjusted_fix_flow,0.7300476666666667,8,typestate_checker,63,physiological,positive
63,13,adjusted_fix_flow,0.236364,5,typestate_checker,63,physiological,positive
63,14,adjusted_fix_flow,1.486476666666667,23,typestate_checker,63,physiological,positive
63,15,adjusted_fix_flow,1.6561683333333337,4,typestate_checker,63,physiological,positive
63,16,adjusted_fix_flow,0.9332985,2,typestate_checker,63,physiological,positive
63,17,adjusted_fix_flow,0.979863,0,typestate_checker,63,physiological,positive
63,18,adjusted_fix_flow,1.44657,0,typestate_checker,63,physiological,positive
63,19,adjusted_fix_flow,2.64935,0,typestate_checker,63,physiological,positive
63,20,adjusted_fix_flow,0.698413,0,typestate_checker,63,physiological,positive
63,21,adjusted_fix_flow,0.998019125,0,typestate_checker,63,physiological,positive
63,22,adjusted_fix_flow,1.414336375,0,typestate_checker,63,physiological,positive
63,23,adjusted_fix_flow,0.64260675,0,typestate_checker,63,physiological,positive
63,24,adjusted_fix_flow,0.525893,0,typestate_checker,63,physiological,positive
63,25,adjusted_fix_flow,1.39352,0,typestate_checker,63,physiological,positive
63,26,adjusted_fix_flow,1.5599625,0,typestate_checker,63,physiological,positive
63,27,adjusted_fix_flow,0.520835,0,typestate_checker,63,physiological,positive
63,28,adjusted_fix_flow,0.814161,0,typestate_checker,63,physiological,positive
63,29,adjusted_fix_flow,1.0257467500000002,0,typestate_checker,63,physiological,positive
63,30,adjusted_fix_flow,2.060645,0,typestate_checker,63,physiological,positive
63,31,adjusted_fix_flow,1.028306,0,typestate_checker,63,physiological,positive
63,32,adjusted_fix_flow,1.5692050000000002,0,typestate_checker,63,physiological,positive
63,33,adjusted_fix_flow,0.8923857777777777,0,typestate_checker,63,physiological,positive
63,34,adjusted_fix_flow,0.8557254285714286,0,typestate_checker,63,physiological,positive
63,35,adjusted_fix_flow,1.340073,0,typestate_checker,63,physiological,positive
63,36,adjusted_fix_flow,1.4290046666666665,0,typestate_checker,63,physiological,positive
63,37,adjusted_fix_flow,1.0569911428571428,0,typestate_checker,63,physiological,positive
63,38,adjusted_fix_flow,0.7603277142857143,0,typestate_checker,63,physiological,positive
63,39,adjusted_fix_flow,0.0,0,typestate_checker,63,physiological,positive
63,40,adjusted_fix_flow,0.0,0,typestate_checker,63,physiological,positive
63,41,adjusted_fix_flow,0.0,0,typestate_checker,63,physiological,positive
63,42,adjusted_fix_flow,0.0,0,typestate_checker,63,physiological,positive
63,43,adjusted_fix_flow,0.0,0,typestate_checker,63,physiological,positive
63,44,adjusted_fix_flow,0.0,0,typestate_checker,63,physiological,positive
63,45,adjusted_fix_flow,0.0,0,typestate_checker,63,physiological,positive
63,46,adjusted_fix_flow,0.0,0,typestate_checker,63,physiological,positive
63,47,adjusted_fix_flow,0.0,0,typestate_checker,63,physiological,positive
63,48,adjusted_fix_flow,0.0,0,typestate_checker,63,physiological,positive
63,49,adjusted_fix_flow,0.0,0,typestate_checker,63,physiological,positive
63,50,adjusted_fix_flow,0.0,0,typestate_checker,63,physiological,positive
63,51,adjusted_fix_flow,0.0,0,typestate_checker,63,physiological,positive
63,52,adjusted_fix_flow,0.0,0,typestate_checker,63,physiological,positive
63,53,adjusted_fix_flow,0.0,0,typestate_checker,63,physiological,positive
63,54,adjusted_fix_flow,0.0,0,typestate_checker,63,physiological,positive
63,55,adjusted_fix_flow,0.0,0,typestate_checker,63,physiological,positive
63,56,adjusted_fix_flow,0.0,0,typestate_checker,63,physiological,positive
63,57,adjusted_fix_flow,0.0,0,typestate_checker,63,physiological,positive
63,58,adjusted_fix_flow,0.0,0,typestate_checker,63,physiological,positive
63,59,adjusted_fix_flow,0.0,0,typestate_checker,63,physiological,positive
63,60,adjusted_fix_flow,0.0,0,typestate_checker,63,physiological,positive
63,61,adjusted_fix_flow,0.0,0,typestate_checker,63,physiological,positive
63,62,adjusted_fix_flow,0.0,0,typestate_checker,63,physiological,positive
63,63,adjusted_fix_flow,0.0,0,typestate_checker,63,physiological,positive
63,64,adjusted_fix_flow,0.0,0,typestate_checker,63,physiological,positive
63,1,adjusted_fix_non_flow,1.0428102857142858,67,typestate_checker,63,physiological,positive
63,2,adjusted_fix_non_flow,0.8280616666666666,21,typestate_checker,63,physiological,positive
63,3,adjusted_fix_non_flow,0.914679,8,typestate_checker,63,physiological,positive
63,4,adjusted_fix_non_flow,1.125655,13,typestate_checker,63,physiological,positive
63,5,adjusted_fix_non_flow,1.10377,51,typestate_checker,63,physiological,positive
63,6,adjusted_fix_non_flow,0.932572,31,typestate_checker,63,physiological,positive
63,7,adjusted_fix_non_flow,1.02222,12,typestate_checker,63,physiological,positive
63,8,adjusted_fix_non_flow,0.8415996,22,typestate_checker,63,physiological,positive
63,9,adjusted_fix_non_flow,0.97719675,7,typestate_checker,63,physiological,positive
63,10,adjusted_fix_non_flow,0.9378979333333334,19,typestate_checker,63,physiological,positive
63,11,adjusted_fix_non_flow,0.8752138,12,typestate_checker,63,physiological,positive
63,12,adjusted_fix_non_flow,1.0821593333333333,8,typestate_checker,63,physiological,positive
63,13,adjusted_fix_non_flow,1.22909,5,typestate_checker,63,physiological,positive
63,14,adjusted_fix_non_flow,0.7493910833333334,23,typestate_checker,63,physiological,positive
63,15,adjusted_fix_non_flow,0.9343831666666668,4,typestate_checker,63,physiological,positive
63,16,adjusted_fix_non_flow,1.0090931666666665,2,typestate_checker,63,physiological,positive
63,17,adjusted_fix_non_flow,1.0076465,0,typestate_checker,63,physiological,positive
63,18,adjusted_fix_non_flow,0.7839175,0,typestate_checker,63,physiological,positive
63,19,adjusted_fix_non_flow,0.850059,0,typestate_checker,63,physiological,positive
63,20,adjusted_fix_non_flow,1.04762,0,typestate_checker,63,physiological,positive
63,21,adjusted_fix_non_flow,1.000455375,0,typestate_checker,63,physiological,positive
63,22,adjusted_fix_non_flow,0.97654725,0,typestate_checker,63,physiological,positive
63,23,adjusted_fix_non_flow,1.580765,0,typestate_checker,63,physiological,positive
63,24,adjusted_fix_non_flow,1.091175,0,typestate_checker,63,physiological,positive
63,25,adjusted_fix_non_flow,0.8901805,0,typestate_checker,63,physiological,positive
63,26,adjusted_fix_non_flow,0.8911195,0,typestate_checker,63,physiological,positive
63,27,adjusted_fix_non_flow,1.151316,0,typestate_checker,63,physiological,positive
63,28,adjusted_fix_non_flow,1.05973,0,typestate_checker,63,physiological,positive
63,29,adjusted_fix_non_flow,0.9845515,0,typestate_checker,63,physiological,positive
63,30,adjusted_fix_non_flow,0.775632375,0,typestate_checker,63,physiological,positive
63,31,adjusted_fix_non_flow,0.984001125,0,typestate_checker,63,physiological,positive
63,32,adjusted_fix_non_flow,0.8822336249999999,0,typestate_checker,63,physiological,positive
63,33,adjusted_fix_non_flow,1.2104448888888888,0,typestate_checker,63,physiological,positive
63,34,adjusted_fix_non_flow,1.1129104285714284,0,typestate_checker,63,physiological,positive
63,35,adjusted_fix_non_flow,0.90777625,0,typestate_checker,63,physiological,positive
63,36,adjusted_fix_non_flow,0.8970391666666666,0,typestate_checker,63,physiological,positive
63,37,adjusted_fix_non_flow,0.9867467142857144,0,typestate_checker,63,physiological,positive
63,38,adjusted_fix_non_flow,1.014098142857143,0,typestate_checker,63,physiological,positive
63,39,adjusted_fix_non_flow,0.0,0,typestate_checker,63,physiological,positive
63,40,adjusted_fix_non_flow,0.0,0,typestate_checker,63,physiological,positive
63,41,adjusted_fix_non_flow,0.0,0,typestate_checker,63,physiological,positive
63,42,adjusted_fix_non_flow,0.0,0,typestate_checker,63,physiological,positive
63,43,adjusted_fix_non_flow,0.0,0,typestate_checker,63,physiological,positive
63,44,adjusted_fix_non_flow,0.0,0,typestate_checker,63,physiological,positive
63,45,adjusted_fix_non_flow,0.0,0,typestate_checker,63,physiological,positive
63,46,adjusted_fix_non_flow,0.0,0,typestate_checker,63,physiological,positive
63,47,adjusted_fix_non_flow,0.0,0,typestate_checker,63,physiological,positive
63,48,adjusted_fix_non_flow,0.0,0,typestate_checker,63,physiological,positive
63,49,adjusted_fix_non_flow,0.0,0,typestate_checker,63,physiological,positive
63,50,adjusted_fix_non_flow,0.0,0,typestate_checker,63,physiological,positive
63,51,adjusted_fix_non_flow,0.0,0,typestate_checker,63,physiological,positive
63,52,adjusted_fix_non_flow,0.0,0,typestate_checker,63,physiological,positive
63,53,adjusted_fix_non_flow,0.0,0,typestate_checker,63,physiological,positive
63,54,adjusted_fix_non_flow,0.0,0,typestate_checker,63,physiological,positive
63,55,adjusted_fix_non_flow,0.0,0,typestate_checker,63,physiological,positive
63,56,adjusted_fix_non_flow,0.0,0,typestate_checker,63,physiological,positive
63,57,adjusted_fix_non_flow,0.0,0,typestate_checker,63,physiological,positive
63,58,adjusted_fix_non_flow,0.0,0,typestate_checker,63,physiological,positive
63,59,adjusted_fix_non_flow,0.0,0,typestate_checker,63,physiological,positive
63,60,adjusted_fix_non_flow,0.0,0,typestate_checker,63,physiological,positive
63,61,adjusted_fix_non_flow,0.0,0,typestate_checker,63,physiological,positive
63,62,adjusted_fix_non_flow,0.0,0,typestate_checker,63,physiological,positive
63,63,adjusted_fix_non_flow,0.0,0,typestate_checker,63,physiological,positive
63,64,adjusted_fix_non_flow,0.0,0,typestate_checker,63,physiological,positive
63,1,adjusted_gaze_call,1.3207982857142857,67,typestate_checker,63,physiological,positive
63,2,adjusted_gaze_call,1.3130311666666667,21,typestate_checker,63,physiological,positive
63,3,adjusted_gaze_call,0.9968253333333332,8,typestate_checker,63,physiological,positive
63,4,adjusted_gaze_call,1.031472,13,typestate_checker,63,physiological,positive
63,5,adjusted_gaze_call,1.1174448,51,typestate_checker,63,physiological,positive
63,6,adjusted_gaze_call,0.7654860000000001,31,typestate_checker,63,physiological,positive
63,7,adjusted_gaze_call,1.4630325000000002,12,typestate_checker,63,physiological,positive
63,8,adjusted_gaze_call,1.26103,22,typestate_checker,63,physiological,positive
63,9,adjusted_gaze_call,0.9923812,7,typestate_checker,63,physiological,positive
63,10,adjusted_gaze_call,1.145975,19,typestate_checker,63,physiological,positive
63,11,adjusted_gaze_call,1.0657764,12,typestate_checker,63,physiological,positive
63,12,adjusted_gaze_call,1.363254,8,typestate_checker,63,physiological,positive
63,13,adjusted_gaze_call,0.7502295000000001,5,typestate_checker,63,physiological,positive
63,14,adjusted_gaze_call,1.23122,23,typestate_checker,63,physiological,positive
63,15,adjusted_gaze_call,0.7226378333333335,4,typestate_checker,63,physiological,positive
63,16,adjusted_gaze_call,1.1199156666666668,2,typestate_checker,63,physiological,positive
63,17,adjusted_gaze_call,0.7965374333333334,0,typestate_checker,63,physiological,positive
63,18,adjusted_gaze_call,1.49011,0,typestate_checker,63,physiological,positive
63,19,adjusted_gaze_call,1.1109274999999998,0,typestate_checker,63,physiological,positive
63,20,adjusted_gaze_call,1.48593,0,typestate_checker,63,physiological,positive
63,21,adjusted_gaze_call,2.22419,0,typestate_checker,63,physiological,positive
63,22,adjusted_gaze_call,1.171768,0,typestate_checker,63,physiological,positive
63,23,adjusted_gaze_call,0.570859375,0,typestate_checker,63,physiological,positive
63,24,adjusted_gaze_call,1.9959475,0,typestate_checker,63,physiological,positive
63,25,adjusted_gaze_call,1.577285,0,typestate_checker,63,physiological,positive
63,26,adjusted_gaze_call,1.76128,0,typestate_checker,63,physiological,positive
63,27,adjusted_gaze_call,2.319255,0,typestate_checker,63,physiological,positive
63,28,adjusted_gaze_call,1.192862,0,typestate_checker,63,physiological,positive
63,29,adjusted_gaze_call,0.969181,0,typestate_checker,63,physiological,positive
63,30,adjusted_gaze_call,1.1555195,0,typestate_checker,63,physiological,positive
63,31,adjusted_gaze_call,0.8852586250000001,0,typestate_checker,63,physiological,positive
63,32,adjusted_gaze_call,2.61380875,0,typestate_checker,63,physiological,positive
63,33,adjusted_gaze_call,1.329637375,0,typestate_checker,63,physiological,positive
63,34,adjusted_gaze_call,1.6969304444444444,0,typestate_checker,63,physiological,positive
63,35,adjusted_gaze_call,1.2604557142857142,0,typestate_checker,63,physiological,positive
63,36,adjusted_gaze_call,1.387386857142857,0,typestate_checker,63,physiological,positive
63,37,adjusted_gaze_call,1.166334625,0,typestate_checker,63,physiological,positive
63,38,adjusted_gaze_call,1.15456,0,typestate_checker,63,physiological,positive
63,39,adjusted_gaze_call,1.4981557142857145,0,typestate_checker,63,physiological,positive
63,40,adjusted_gaze_call,1.1509637142857143,0,typestate_checker,63,physiological,positive
63,41,adjusted_gaze_call,0.0,0,typestate_checker,63,physiological,positive
63,42,adjusted_gaze_call,0.0,0,typestate_checker,63,physiological,positive
63,43,adjusted_gaze_call,0.0,0,typestate_checker,63,physiological,positive
63,44,adjusted_gaze_call,0.0,0,typestate_checker,63,physiological,positive
63,45,adjusted_gaze_call,0.0,0,typestate_checker,63,physiological,positive
63,46,adjusted_gaze_call,0.0,0,typestate_checker,63,physiological,positive
63,47,adjusted_gaze_call,0.0,0,typestate_checker,63,physiological,positive
63,48,adjusted_gaze_call,0.0,0,typestate_checker,63,physiological,positive
63,49,adjusted_gaze_call,0.0,0,typestate_checker,63,physiological,positive
63,50,adjusted_gaze_call,0.0,0,typestate_checker,63,physiological,positive
63,51,adjusted_gaze_call,0.0,0,typestate_checker,63,physiological,positive
63,52,adjusted_gaze_call,0.0,0,typestate_checker,63,physiological,positive
63,53,adjusted_gaze_call,0.0,0,typestate_checker,63,physiological,positive
63,54,adjusted_gaze_call,0.0,0,typestate_checker,63,physiological,positive
63,55,adjusted_gaze_call,0.0,0,typestate_checker,63,physiological,positive
63,56,adjusted_gaze_call,0.0,0,typestate_checker,63,physiological,positive
63,57,adjusted_gaze_call,0.0,0,typestate_checker,63,physiological,positive
63,58,adjusted_gaze_call,0.0,0,typestate_checker,63,physiological,positive
63,59,adjusted_gaze_call,0.0,0,typestate_checker,63,physiological,positive
63,60,adjusted_gaze_call,0.0,0,typestate_checker,63,physiological,positive
63,61,adjusted_gaze_call,0.0,0,typestate_checker,63,physiological,positive
63,62,adjusted_gaze_call,0.0,0,typestate_checker,63,physiological,positive
63,63,adjusted_gaze_call,0.0,0,typestate_checker,63,physiological,positive
63,64,adjusted_gaze_call,0.0,0,typestate_checker,63,physiological,positive
63,1,adjusted_gaze_non_call,0.839600857142857,67,typestate_checker,63,physiological,positive
63,2,adjusted_gaze_non_call,0.9373936666666666,21,typestate_checker,63,physiological,positive
63,3,adjusted_gaze_non_call,1.0035863333333337,8,typestate_checker,63,physiological,positive
63,4,adjusted_gaze_non_call,0.979227,13,typestate_checker,63,physiological,positive
63,5,adjusted_gaze_non_call,0.942865,51,typestate_checker,63,physiological,positive
63,6,adjusted_gaze_non_call,1.031691,31,typestate_checker,63,physiological,positive
63,7,adjusted_gaze_non_call,0.4443625,12,typestate_checker,63,physiological,positive
63,8,adjusted_gaze_non_call,0.738974,22,typestate_checker,63,physiological,positive
63,9,adjusted_gaze_non_call,1.0106646,7,typestate_checker,63,physiological,positive
63,10,adjusted_gaze_non_call,0.84543875,19,typestate_checker,63,physiological,positive
63,11,adjusted_gaze_non_call,0.9446091333333332,12,typestate_checker,63,physiological,positive
63,12,adjusted_gaze_non_call,0.7430656000000001,8,typestate_checker,63,physiological,positive
63,13,adjusted_gaze_non_call,1.2664225,5,typestate_checker,63,physiological,positive
63,14,adjusted_gaze_non_call,0.867872,23,typestate_checker,63,physiological,positive
63,15,adjusted_gaze_non_call,1.1158608333333335,4,typestate_checker,63,physiological,positive
63,16,adjusted_gaze_non_call,0.854389,2,typestate_checker,63,physiological,positive
63,17,adjusted_gaze_non_call,1.0915588333333333,0,typestate_checker,63,physiological,positive
63,18,adjusted_gaze_non_call,0.6707650000000001,0,typestate_checker,63,physiological,positive
63,19,adjusted_gaze_non_call,0.9096125,0,typestate_checker,63,physiological,positive
63,20,adjusted_gaze_non_call,0.670265,0,typestate_checker,63,physiological,positive
63,21,adjusted_gaze_non_call,0.21302,0,typestate_checker,63,physiological,positive
63,22,adjusted_gaze_non_call,0.87458125,0,typestate_checker,63,physiological,positive
63,23,adjusted_gaze_non_call,1.146536625,0,typestate_checker,63,physiological,positive
63,24,adjusted_gaze_non_call,0.61447175,0,typestate_checker,63,physiological,positive
63,25,adjusted_gaze_non_call,0.6943794999999999,0,typestate_checker,63,physiological,positive
63,26,adjusted_gaze_non_call,0.7281135,0,typestate_checker,63,physiological,positive
63,27,adjusted_gaze_non_call,0.72705,0,typestate_checker,63,physiological,positive
63,28,adjusted_gaze_non_call,0.78570685,0,typestate_checker,63,physiological,positive
63,29,adjusted_gaze_non_call,1.018761,0,typestate_checker,63,physiological,positive
63,30,adjusted_gaze_non_call,0.88336025,0,typestate_checker,63,physiological,positive
63,31,adjusted_gaze_non_call,1.15035125,0,typestate_checker,63,physiological,positive
63,32,adjusted_gaze_non_call,0.6772382499999999,0,typestate_checker,63,physiological,positive
63,33,adjusted_gaze_non_call,0.7802422499999999,0,typestate_checker,63,physiological,positive
63,34,adjusted_gaze_non_call,0.9502195555555556,0,typestate_checker,63,physiological,positive
63,35,adjusted_gaze_non_call,0.8511685714285714,0,typestate_checker,63,physiological,positive
63,36,adjusted_gaze_non_call,0.567039,0,typestate_checker,63,physiological,positive
63,37,adjusted_gaze_non_call,0.8995065,0,typestate_checker,63,physiological,positive
63,38,adjusted_gaze_non_call,0.8754933333333333,0,typestate_checker,63,physiological,positive
63,39,adjusted_gaze_non_call,0.6419508571428573,0,typestate_checker,63,physiological,positive
63,40,adjusted_gaze_non_call,0.7052595714285713,0,typestate_checker,63,physiological,positive
63,41,adjusted_gaze_non_call,0.0,0,typestate_checker,63,physiological,positive
63,42,adjusted_gaze_non_call,0.0,0,typestate_checker,63,physiological,positive
63,43,adjusted_gaze_non_call,0.0,0,typestate_checker,63,physiological,positive
63,44,adjusted_gaze_non_call,0.0,0,typestate_checker,63,physiological,positive
63,45,adjusted_gaze_non_call,0.0,0,typestate_checker,63,physiological,positive
63,46,adjusted_gaze_non_call,0.0,0,typestate_checker,63,physiological,positive
63,47,adjusted_gaze_non_call,0.0,0,typestate_checker,63,physiological,positive
63,48,adjusted_gaze_non_call,0.0,0,typestate_checker,63,physiological,positive
63,49,adjusted_gaze_non_call,0.0,0,typestate_checker,63,physiological,positive
63,50,adjusted_gaze_non_call,0.0,0,typestate_checker,63,physiological,positive
63,51,adjusted_gaze_non_call,0.0,0,typestate_checker,63,physiological,positive
63,52,adjusted_gaze_non_call,0.0,0,typestate_checker,63,physiological,positive
63,53,adjusted_gaze_non_call,0.0,0,typestate_checker,63,physiological,positive
63,54,adjusted_gaze_non_call,0.0,0,typestate_checker,63,physiological,positive
63,55,adjusted_gaze_non_call,0.0,0,typestate_checker,63,physiological,positive
63,56,adjusted_gaze_non_call,0.0,0,typestate_checker,63,physiological,positive
63,57,adjusted_gaze_non_call,0.0,0,typestate_checker,63,physiological,positive
63,58,adjusted_gaze_non_call,0.0,0,typestate_checker,63,physiological,positive
63,59,adjusted_gaze_non_call,0.0,0,typestate_checker,63,physiological,positive
63,60,adjusted_gaze_non_call,0.0,0,typestate_checker,63,physiological,positive
63,61,adjusted_gaze_non_call,0.0,0,typestate_checker,63,physiological,positive
63,62,adjusted_gaze_non_call,0.0,0,typestate_checker,63,physiological,positive
63,63,adjusted_gaze_non_call,0.0,0,typestate_checker,63,physiological,positive
63,64,adjusted_gaze_non_call,0.0,0,typestate_checker,63,physiological,positive
63,1,adjusted_fix_call,1.5315628571428572,67,typestate_checker,63,physiological,positive
63,2,adjusted_fix_call,1.3597468333333331,21,typestate_checker,63,physiological,positive
63,3,adjusted_fix_call,1.01612,8,typestate_checker,63,physiological,positive
63,4,adjusted_fix_call,1.051205,13,typestate_checker,63,physiological,positive
63,5,adjusted_fix_call,0.9722538,51,typestate_checker,63,physiological,positive
63,6,adjusted_fix_call,0.741572,31,typestate_checker,63,physiological,positive
63,7,adjusted_fix_call,1.4210000000000005,12,typestate_checker,63,physiological,positive
63,8,adjusted_fix_call,1.13846,22,typestate_checker,63,physiological,positive
63,9,adjusted_fix_call,0.9836478,7,typestate_checker,63,physiological,positive
63,10,adjusted_fix_call,1.21572,19,typestate_checker,63,physiological,positive
63,11,adjusted_fix_call,1.0566778666666667,12,typestate_checker,63,physiological,positive
63,12,adjusted_fix_call,1.211518,8,typestate_checker,63,physiological,positive
63,13,adjusted_fix_call,0.7976386666666667,5,typestate_checker,63,physiological,positive
63,14,adjusted_fix_call,1.2,23,typestate_checker,63,physiological,positive
63,15,adjusted_fix_call,0.7751625833333334,4,typestate_checker,63,physiological,positive
63,16,adjusted_fix_call,1.103268666666667,2,typestate_checker,63,physiological,positive
63,17,adjusted_fix_call,0.681917,0,typestate_checker,63,physiological,positive
63,18,adjusted_fix_call,1.398075,0,typestate_checker,63,physiological,positive
63,19,adjusted_fix_call,0.976522,0,typestate_checker,63,physiological,positive
63,20,adjusted_fix_call,1.39643,0,typestate_checker,63,physiological,positive
63,21,adjusted_fix_call,1.94709,0,typestate_checker,63,physiological,positive
63,22,adjusted_fix_call,1.12094425,0,typestate_checker,63,physiological,positive
63,23,adjusted_fix_call,0.4681375,0,typestate_checker,63,physiological,positive
63,24,adjusted_fix_call,2.03806375,0,typestate_checker,63,physiological,positive
63,25,adjusted_fix_call,1.87406,0,typestate_checker,63,physiological,positive
63,26,adjusted_fix_call,1.49841,0,typestate_checker,63,physiological,positive
63,27,adjusted_fix_call,1.957235,0,typestate_checker,63,physiological,positive
63,28,adjusted_fix_call,1.152315,0,typestate_checker,63,physiological,positive
63,29,adjusted_fix_call,0.820661,0,typestate_checker,63,physiological,positive
63,30,adjusted_fix_call,1.2096975,0,typestate_checker,63,physiological,positive
63,31,adjusted_fix_call,0.8896772499999999,0,typestate_checker,63,physiological,positive
63,32,adjusted_fix_call,2.4722350000000004,0,typestate_checker,63,physiological,positive
63,33,adjusted_fix_call,1.42003725,0,typestate_checker,63,physiological,positive
63,34,adjusted_fix_call,1.629032222222222,0,typestate_checker,63,physiological,positive
63,35,adjusted_fix_call,1.3643342857142855,0,typestate_checker,63,physiological,positive
63,36,adjusted_fix_call,1.4093742857142857,0,typestate_checker,63,physiological,positive
63,37,adjusted_fix_call,1.124723,0,typestate_checker,63,physiological,positive
63,38,adjusted_fix_call,1.1437178333333335,0,typestate_checker,63,physiological,positive
63,39,adjusted_fix_call,1.52509,0,typestate_checker,63,physiological,positive
63,40,adjusted_fix_call,1.1285195714285714,0,typestate_checker,63,physiological,positive
63,41,adjusted_fix_call,0.0,0,typestate_checker,63,physiological,positive
63,42,adjusted_fix_call,0.0,0,typestate_checker,63,physiological,positive
63,43,adjusted_fix_call,0.0,0,typestate_checker,63,physiological,positive
63,44,adjusted_fix_call,0.0,0,typestate_checker,63,physiological,positive
63,45,adjusted_fix_call,0.0,0,typestate_checker,63,physiological,positive
63,46,adjusted_fix_call,0.0,0,typestate_checker,63,physiological,positive
63,47,adjusted_fix_call,0.0,0,typestate_checker,63,physiological,positive
63,48,adjusted_fix_call,0.0,0,typestate_checker,63,physiological,positive
63,49,adjusted_fix_call,0.0,0,typestate_checker,63,physiological,positive
63,50,adjusted_fix_call,0.0,0,typestate_checker,63,physiological,positive
63,51,adjusted_fix_call,0.0,0,typestate_checker,63,physiological,positive
63,52,adjusted_fix_call,0.0,0,typestate_checker,63,physiological,positive
63,53,adjusted_fix_call,0.0,0,typestate_checker,63,physiological,positive
63,54,adjusted_fix_call,0.0,0,typestate_checker,63,physiological,positive
63,55,adjusted_fix_call,0.0,0,typestate_checker,63,physiological,positive
63,56,adjusted_fix_call,0.0,0,typestate_checker,63,physiological,positive
63,57,adjusted_fix_call,0.0,0,typestate_checker,63,physiological,positive
63,58,adjusted_fix_call,0.0,0,typestate_checker,63,physiological,positive
63,59,adjusted_fix_call,0.0,0,typestate_checker,63,physiological,positive
63,60,adjusted_fix_call,0.0,0,typestate_checker,63,physiological,positive
63,61,adjusted_fix_call,0.0,0,typestate_checker,63,physiological,positive
63,62,adjusted_fix_call,0.0,0,typestate_checker,63,physiological,positive
63,63,adjusted_fix_call,0.0,0,typestate_checker,63,physiological,positive
63,64,adjusted_fix_call,0.0,0,typestate_checker,63,physiological,positive
63,1,adjusted_fix_non_call,0.7342182857142856,67,typestate_checker,63,physiological,positive
63,2,adjusted_fix_non_call,0.928051,21,typestate_checker,63,physiological,positive
63,3,adjusted_fix_non_call,0.9817771666666668,8,typestate_checker,63,physiological,positive
63,4,adjusted_fix_non_call,0.966205,13,typestate_checker,63,physiological,positive
63,5,adjusted_fix_non_call,1.0134994,51,typestate_checker,63,physiological,positive
63,6,adjusted_fix_non_call,1.0349243333333331,31,typestate_checker,63,physiological,positive
63,7,adjusted_fix_non_call,0.4948025,12,typestate_checker,63,physiological,positive
63,8,adjusted_fix_non_call,0.861538,22,typestate_checker,63,physiological,positive
63,9,adjusted_fix_non_call,1.0228922,7,typestate_checker,63,physiological,positive
63,10,adjusted_fix_non_call,0.7715924999999999,19,typestate_checker,63,physiological,positive
63,11,adjusted_fix_non_call,0.9522716666666668,12,typestate_checker,63,physiological,positive
63,12,adjusted_fix_non_call,0.8503906000000001,8,typestate_checker,63,physiological,positive
63,13,adjusted_fix_non_call,1.2158498333333332,5,typestate_checker,63,physiological,positive
63,14,adjusted_fix_non_call,0.885714,23,typestate_checker,63,physiological,positive
63,15,adjusted_fix_non_call,1.093919,4,typestate_checker,63,physiological,positive
63,16,adjusted_fix_non_call,0.8746015000000001,2,typestate_checker,63,physiological,positive
63,17,adjusted_fix_non_call,1.1431371666666668,0,typestate_checker,63,physiological,positive
63,18,adjusted_fix_non_call,0.732591,0,typestate_checker,63,physiological,positive
63,19,adjusted_fix_non_call,1.0191305000000002,0,typestate_checker,63,physiological,positive
63,20,adjusted_fix_non_call,0.730991,0,typestate_checker,63,physiological,positive
63,21,adjusted_fix_non_call,0.391156,0,typestate_checker,63,physiological,positive
63,22,adjusted_fix_non_call,0.911691625,0,typestate_checker,63,physiological,positive
63,23,adjusted_fix_non_call,1.181611875,0,typestate_checker,63,physiological,positive
63,24,adjusted_fix_non_call,0.598169,0,typestate_checker,63,physiological,positive
63,25,adjusted_fix_non_call,0.5372645,0,typestate_checker,63,physiological,positive
63,26,adjusted_fix_non_call,0.8219965,0,typestate_checker,63,physiological,positive
63,27,adjusted_fix_non_call,0.801951,0,typestate_checker,63,physiological,positive
63,28,adjusted_fix_non_call,0.83075965,0,typestate_checker,63,physiological,positive
63,29,adjusted_fix_non_call,1.109165,0,typestate_checker,63,physiological,positive
63,30,adjusted_fix_non_call,0.8427250000000001,0,typestate_checker,63,physiological,positive
63,31,adjusted_fix_non_call,1.1445605,0,typestate_checker,63,physiological,positive
63,32,adjusted_fix_non_call,0.70555325,0,typestate_checker,63,physiological,positive
63,33,adjusted_fix_non_call,0.71997575,0,typestate_checker,63,physiological,positive
63,34,adjusted_fix_non_call,0.9550685555555556,0,typestate_checker,63,physiological,positive
63,35,adjusted_fix_non_call,0.7918085714285714,0,typestate_checker,63,physiological,positive
63,36,adjusted_fix_non_call,0.5424632857142857,0,typestate_checker,63,physiological,positive
63,37,adjusted_fix_non_call,0.92464825,0,typestate_checker,63,physiological,positive
63,38,adjusted_fix_non_call,0.8842275,0,typestate_checker,63,physiological,positive
63,39,adjusted_fix_non_call,0.6225907142857142,0,typestate_checker,63,physiological,positive
63,40,adjusted_fix_non_call,0.7490825714285714,0,typestate_checker,63,physiological,positive
63,41,adjusted_fix_non_call,0.0,0,typestate_checker,63,physiological,positive
63,42,adjusted_fix_non_call,0.0,0,typestate_checker,63,physiological,positive
63,43,adjusted_fix_non_call,0.0,0,typestate_checker,63,physiological,positive
63,44,adjusted_fix_non_call,0.0,0,typestate_checker,63,physiological,positive
63,45,adjusted_fix_non_call,0.0,0,typestate_checker,63,physiological,positive
63,46,adjusted_fix_non_call,0.0,0,typestate_checker,63,physiological,positive
63,47,adjusted_fix_non_call,0.0,0,typestate_checker,63,physiological,positive
63,48,adjusted_fix_non_call,0.0,0,typestate_checker,63,physiological,positive
63,49,adjusted_fix_non_call,0.0,0,typestate_checker,63,physiological,positive
63,50,adjusted_fix_non_call,0.0,0,typestate_checker,63,physiological,positive
63,51,adjusted_fix_non_call,0.0,0,typestate_checker,63,physiological,positive
63,52,adjusted_fix_non_call,0.0,0,typestate_checker,63,physiological,positive
63,53,adjusted_fix_non_call,0.0,0,typestate_checker,63,physiological,positive
63,54,adjusted_fix_non_call,0.0,0,typestate_checker,63,physiological,positive
63,55,adjusted_fix_non_call,0.0,0,typestate_checker,63,physiological,positive
63,56,adjusted_fix_non_call,0.0,0,typestate_checker,63,physiological,positive
63,57,adjusted_fix_non_call,0.0,0,typestate_checker,63,physiological,positive
63,58,adjusted_fix_non_call,0.0,0,typestate_checker,63,physiological,positive
63,59,adjusted_fix_non_call,0.0,0,typestate_checker,63,physiological,positive
63,60,adjusted_fix_non_call,0.0,0,typestate_checker,63,physiological,positive
63,61,adjusted_fix_non_call,0.0,0,typestate_checker,63,physiological,positive
63,62,adjusted_fix_non_call,0.0,0,typestate_checker,63,physiological,positive
63,63,adjusted_fix_non_call,0.0,0,typestate_checker,63,physiological,positive
63,64,adjusted_fix_non_call,0.0,0,typestate_checker,63,physiological,positive
9_gc,1,gap_accuracy,0.3958333333333333,5,typestate_checker,9_gc,correctness,negative
9_gc,2,gap_accuracy,0.2740740740740741,5,typestate_checker,9_gc,correctness,negative
9_gc,3,gap_accuracy,0.5,2,typestate_checker,9_gc,correctness,negative
9_gc,4,gap_accuracy,0.5238095238095238,2,typestate_checker,9_gc,correctness,negative
9_gc,5,gap_accuracy,0.4830917874396134,2,typestate_checker,9_gc,correctness,negative
9_gc,6,gap_accuracy,0.4021164021164021,2,typestate_checker,9_gc,correctness,negative
9_gc,7,gap_accuracy,0.369047619047619,10,typestate_checker,9_gc,correctness,negative
9_gc,8,gap_accuracy,0.3666666666666667,3,typestate_checker,9_gc,correctness,negative
9_gc,9,gap_accuracy,0.4682539682539682,2,typestate_checker,9_gc,correctness,negative
9_gc,10,gap_accuracy,0.5253623188405797,2,typestate_checker,9_gc,correctness,negative
9_gc,1,readability_level_before,2.8125,5,typestate_checker,9_gc,rating,negative
9_gc,2,readability_level_before,2.6,5,typestate_checker,9_gc,rating,negative
9_gc,3,readability_level_before,2.6,2,typestate_checker,9_gc,rating,negative
9_gc,4,readability_level_before,2.4285714285714284,2,typestate_checker,9_gc,rating,negative
9_gc,5,readability_level_before,3.347826086956522,2,typestate_checker,9_gc,rating,negative
9_gc,6,readability_level_before,3.0,2,typestate_checker,9_gc,rating,negative
9_gc,7,readability_level_before,2.7857142857142856,10,typestate_checker,9_gc,rating,negative
9_gc,8,readability_level_before,2.933333333333333,3,typestate_checker,9_gc,rating,negative
9_gc,9,readability_level_before,3.380952380952381,2,typestate_checker,9_gc,rating,negative
9_gc,10,readability_level_before,3.130434782608696,2,typestate_checker,9_gc,rating,negative
9_gc,1,readability_level_ba,2.59375,5,typestate_checker,9_gc,rating,negative
9_gc,2,readability_level_ba,2.433333333333333,5,typestate_checker,9_gc,rating,negative
9_gc,3,readability_level_ba,2.566666666666667,2,typestate_checker,9_gc,rating,negative
9_gc,4,readability_level_ba,2.5,2,typestate_checker,9_gc,rating,negative
9_gc,5,readability_level_ba,3.1739130434782608,2,typestate_checker,9_gc,rating,negative
9_gc,6,readability_level_ba,2.9285714285714284,2,typestate_checker,9_gc,rating,negative
9_gc,7,readability_level_ba,2.5357142857142856,10,typestate_checker,9_gc,rating,negative
9_gc,8,readability_level_ba,2.9,3,typestate_checker,9_gc,rating,negative
9_gc,9,readability_level_ba,3.380952380952381,2,typestate_checker,9_gc,rating,negative
9_gc,10,readability_level_ba,3.065217391304348,2,typestate_checker,9_gc,rating,negative
9_gc,1,time_to_read_complete,137.36374999999998,5,typestate_checker,9_gc,time,positive
9_gc,2,time_to_read_complete,123.19,5,typestate_checker,9_gc,time,positive
9_gc,3,time_to_read_complete,212.6206666666667,2,typestate_checker,9_gc,time,positive
9_gc,4,time_to_read_complete,202.57285714285717,2,typestate_checker,9_gc,time,positive
9_gc,5,time_to_read_complete,165.18,2,typestate_checker,9_gc,time,positive
9_gc,6,time_to_read_complete,197.07452380952375,2,typestate_checker,9_gc,time,positive
9_gc,7,time_to_read_complete,123.02642857142855,10,typestate_checker,9_gc,time,positive
9_gc,8,time_to_read_complete,533.914,3,typestate_checker,9_gc,time,positive
9_gc,9,time_to_read_complete,126.68928571428567,2,typestate_checker,9_gc,time,positive
9_gc,10,time_to_read_complete,124.6817391304348,2,typestate_checker,9_gc,time,positive
9_bc,1,gap_accuracy,0.3840579710144927,5,typestate_checker,9_bc,correctness,negative
9_bc,2,gap_accuracy,0.4074074074074074,5,typestate_checker,9_bc,correctness,negative
9_bc,3,gap_accuracy,0.611111111111111,2,typestate_checker,9_bc,correctness,negative
9_bc,4,gap_accuracy,0.5052083333333334,2,typestate_checker,9_bc,correctness,negative
9_bc,5,gap_accuracy,0.4126984126984127,2,typestate_checker,9_bc,correctness,negative
9_bc,6,gap_accuracy,0.3703703703703703,2,typestate_checker,9_bc,correctness,negative
9_bc,7,gap_accuracy,0.4895833333333333,10,typestate_checker,9_bc,correctness,negative
9_bc,8,gap_accuracy,0.4444444444444445,3,typestate_checker,9_bc,correctness,negative
9_bc,9,gap_accuracy,0.3666666666666666,2,typestate_checker,9_bc,correctness,negative
9_bc,10,gap_accuracy,0.3928571428571428,2,typestate_checker,9_bc,correctness,negative
9_bc,1,readability_level_before,2.739130434782609,5,typestate_checker,9_bc,rating,negative
9_bc,2,readability_level_before,3.0,5,typestate_checker,9_bc,rating,negative
9_bc,3,readability_level_before,2.6,2,typestate_checker,9_bc,rating,negative
9_bc,4,readability_level_before,2.0,2,typestate_checker,9_bc,rating,negative
9_bc,5,readability_level_before,2.642857142857143,2,typestate_checker,9_bc,rating,negative
9_bc,6,readability_level_before,2.333333333333333,2,typestate_checker,9_bc,rating,negative
9_bc,7,readability_level_before,2.9375,10,typestate_checker,9_bc,rating,negative
9_bc,8,readability_level_before,3.0,3,typestate_checker,9_bc,rating,negative
9_bc,9,readability_level_before,2.4,2,typestate_checker,9_bc,rating,negative
9_bc,10,readability_level_before,2.9285714285714284,2,typestate_checker,9_bc,rating,negative
9_bc,1,readability_level_ba,2.717391304347826,5,typestate_checker,9_bc,rating,negative
9_bc,2,readability_level_ba,2.857142857142857,5,typestate_checker,9_bc,rating,negative
9_bc,3,readability_level_ba,2.533333333333333,2,typestate_checker,9_bc,rating,negative
9_bc,4,readability_level_ba,1.96875,2,typestate_checker,9_bc,rating,negative
9_bc,5,readability_level_ba,2.4642857142857144,2,typestate_checker,9_bc,rating,negative
9_bc,6,readability_level_ba,2.1,2,typestate_checker,9_bc,rating,negative
9_bc,7,readability_level_ba,2.8125,10,typestate_checker,9_bc,rating,negative
9_bc,8,readability_level_ba,2.9,3,typestate_checker,9_bc,rating,negative
9_bc,9,readability_level_ba,2.5,2,typestate_checker,9_bc,rating,negative
9_bc,10,readability_level_ba,2.75,2,typestate_checker,9_bc,rating,negative
9_bc,1,time_to_read_complete,143.56804347826088,5,typestate_checker,9_bc,time,positive
9_bc,2,time_to_read_complete,134.24785714285716,5,typestate_checker,9_bc,time,positive
9_bc,3,time_to_read_complete,161.128,2,typestate_checker,9_bc,time,positive
9_bc,4,time_to_read_complete,188.781875,2,typestate_checker,9_bc,time,positive
9_bc,5,time_to_read_complete,184.0017857142857,2,typestate_checker,9_bc,time,positive
9_bc,6,time_to_read_complete,224.497,2,typestate_checker,9_bc,time,positive
9_bc,7,time_to_read_complete,106.005625,10,typestate_checker,9_bc,time,positive
9_bc,8,time_to_read_complete,111.08466666666664,3,typestate_checker,9_bc,time,positive
9_bc,9,time_to_read_complete,102.94033333333331,2,typestate_checker,9_bc,time,positive
9_bc,10,time_to_read_complete,200.44,2,typestate_checker,9_bc,time,positive
9_nc,1,gap_accuracy,0.380952380952381,5,typestate_checker,9_nc,correctness,negative
9_nc,2,gap_accuracy,0.3259259259259259,5,typestate_checker,9_nc,correctness,negative
9_nc,3,gap_accuracy,0.6507936507936508,2,typestate_checker,9_nc,correctness,negative
9_nc,4,gap_accuracy,0.5253623188405797,2,typestate_checker,9_nc,correctness,negative
9_nc,5,gap_accuracy,0.4583333333333333,2,typestate_checker,9_nc,correctness,negative
9_nc,6,gap_accuracy,0.2814814814814814,2,typestate_checker,9_nc,correctness,negative
9_nc,7,gap_accuracy,0.4347826086956521,10,typestate_checker,9_nc,correctness,negative
9_nc,8,gap_accuracy,0.5158730158730158,3,typestate_checker,9_nc,correctness,negative
9_nc,9,gap_accuracy,0.2777777777777778,2,typestate_checker,9_nc,correctness,negative
9_nc,10,gap_accuracy,0.4635416666666667,2,typestate_checker,9_nc,correctness,negative
9_nc,1,readability_level_before,2.7142857142857144,5,typestate_checker,9_nc,rating,negative
9_nc,2,readability_level_before,2.466666666666667,5,typestate_checker,9_nc,rating,negative
9_nc,3,readability_level_before,2.2857142857142856,2,typestate_checker,9_nc,rating,negative
9_nc,4,readability_level_before,2.347826086956522,2,typestate_checker,9_nc,rating,negative
9_nc,5,readability_level_before,2.25,2,typestate_checker,9_nc,rating,negative
9_nc,6,readability_level_before,2.7333333333333334,2,typestate_checker,9_nc,rating,negative
9_nc,7,readability_level_before,2.3043478260869565,10,typestate_checker,9_nc,rating,negative
9_nc,8,readability_level_before,2.6666666666666665,3,typestate_checker,9_nc,rating,negative
9_nc,9,readability_level_before,2.933333333333333,2,typestate_checker,9_nc,rating,negative
9_nc,10,readability_level_before,2.75,2,typestate_checker,9_nc,rating,negative
9_nc,1,readability_level_ba,2.642857142857143,5,typestate_checker,9_nc,rating,negative
9_nc,2,readability_level_ba,2.333333333333333,5,typestate_checker,9_nc,rating,negative
9_nc,3,readability_level_ba,2.261904761904762,2,typestate_checker,9_nc,rating,negative
9_nc,4,readability_level_ba,2.3043478260869565,2,typestate_checker,9_nc,rating,negative
9_nc,5,readability_level_ba,2.25,2,typestate_checker,9_nc,rating,negative
9_nc,6,readability_level_ba,2.533333333333333,2,typestate_checker,9_nc,rating,negative
9_nc,7,readability_level_ba,2.1956521739130435,10,typestate_checker,9_nc,rating,negative
9_nc,8,readability_level_ba,2.571428571428572,3,typestate_checker,9_nc,rating,negative
9_nc,9,readability_level_ba,2.966666666666667,2,typestate_checker,9_nc,rating,negative
9_nc,10,readability_level_ba,2.65625,2,typestate_checker,9_nc,rating,negative
9_nc,1,time_to_read_complete,97.71571428571428,5,typestate_checker,9_nc,time,positive
9_nc,2,time_to_read_complete,131.76166666666668,5,typestate_checker,9_nc,time,positive
9_nc,3,time_to_read_complete,180.75071428571428,2,typestate_checker,9_nc,time,positive
9_nc,4,time_to_read_complete,191.89021739130436,2,typestate_checker,9_nc,time,positive
9_nc,5,time_to_read_complete,155.11781249999996,2,typestate_checker,9_nc,time,positive
9_nc,6,time_to_read_complete,114.97499999999998,2,typestate_checker,9_nc,time,positive
9_nc,7,time_to_read_complete,166.80847826086958,10,typestate_checker,9_nc,time,positive
9_nc,8,time_to_read_complete,134.88285714285712,3,typestate_checker,9_nc,time,positive
9_nc,9,time_to_read_complete,81.70666666666666,2,typestate_checker,9_nc,time,positive
9_nc,10,time_to_read_complete,115.8690625,2,typestate_checker,9_nc,time,positive
f,1,perc_correct_output,39.47368421052632,0,typestate_checker,f,correctness,negative
f,2,perc_correct_output,89.47368421052632,0,typestate_checker,f,correctness,negative
f,3,perc_correct_output,78.94736842105263,0,typestate_checker,f,correctness,negative
f,4,perc_correct_output,47.368421052631575,0,typestate_checker,f,correctness,negative
f,5,perc_correct_output,52.63157894736842,0,typestate_checker,f,correctness,negative
f,6,perc_correct_output,100.0,0,typestate_checker,f,correctness,negative
f,7,perc_correct_output,78.94736842105263,0,typestate_checker,f,correctness,negative
f,8,perc_correct_output,61.11111111111112,0,typestate_checker,f,correctness,negative
f,9,perc_correct_output,66.66666666666666,0,typestate_checker,f,correctness,negative
f,10,perc_correct_output,88.88888888888889,0,typestate_checker,f,correctness,negative
f,11,perc_correct_output,94.73684210526316,0,typestate_checker,f,correctness,negative
f,12,perc_correct_output,84.21052631578947,0,typestate_checker,f,correctness,negative
f,13,perc_correct_output,78.94736842105263,0,typestate_checker,f,correctness,negative
f,14,perc_correct_output,68.42105263157895,0,typestate_checker,f,correctness,negative
f,15,perc_correct_output,18.0,1,typestate_checker,f,correctness,negative
f,16,perc_correct_output,0.0,5,typestate_checker,f,correctness,negative
f,1,brain_deact_31,-2.248355733,0,typestate_checker,f,physiological,negative
f,2,brain_deact_31,-2.137145163,0,typestate_checker,f,physiological,negative
f,3,brain_deact_31,-1.921303548,0,typestate_checker,f,physiological,negative
f,4,brain_deact_31,-1.831843539,0,typestate_checker,f,physiological,negative
f,5,brain_deact_31,-1.93865049,0,typestate_checker,f,physiological,negative
f,6,brain_deact_31,-2.063537981,0,typestate_checker,f,physiological,negative
f,7,brain_deact_31,-1.730000171,0,typestate_checker,f,physiological,negative
f,8,brain_deact_31,-2.103988089,0,typestate_checker,f,physiological,negative
f,9,brain_deact_31,-2.034462625,0,typestate_checker,f,physiological,negative
f,10,brain_deact_31,-2.180495768,0,typestate_checker,f,physiological,negative
f,11,brain_deact_31,-1.936397923,0,typestate_checker,f,physiological,negative
f,12,brain_deact_31,-1.545885531,0,typestate_checker,f,physiological,negative
f,13,brain_deact_31,-1.835985696,0,typestate_checker,f,physiological,negative
f,14,brain_deact_31,-1.897029609,0,typestate_checker,f,physiological,negative
f,15,brain_deact_31,-2.115286243,1,typestate_checker,f,physiological,negative
f,16,brain_deact_31,-1.729084884,5,typestate_checker,f,physiological,negative
f,1,brain_deact_32,-1.774586165,0,typestate_checker,f,physiological,negative
f,2,brain_deact_32,-1.91559082,0,typestate_checker,f,physiological,negative
f,3,brain_deact_32,-1.495832442,0,typestate_checker,f,physiological,negative
f,4,brain_deact_32,-1.46374886,0,typestate_checker,f,physiological,negative
f,5,brain_deact_32,-1.526649428,0,typestate_checker,f,physiological,negative
f,6,brain_deact_32,-1.848531743,0,typestate_checker,f,physiological,negative
f,7,brain_deact_32,-1.236600384,0,typestate_checker,f,physiological,negative
f,8,brain_deact_32,-1.565782627,0,typestate_checker,f,physiological,negative
f,9,brain_deact_32,-1.699418305,0,typestate_checker,f,physiological,negative
f,10,brain_deact_32,-1.907988566,0,typestate_checker,f,physiological,negative
f,11,brain_deact_32,-1.45635117,0,typestate_checker,f,physiological,negative
f,12,brain_deact_32,-1.37916458,0,typestate_checker,f,physiological,negative
f,13,brain_deact_32,-1.458877878,0,typestate_checker,f,physiological,negative
f,14,brain_deact_32,-1.6700936,0,typestate_checker,f,physiological,negative
f,15,brain_deact_32,-1.820133117,1,typestate_checker,f,physiological,negative
f,16,brain_deact_32,-1.241652874,5,typestate_checker,f,physiological,negative
f,1,complexity_level,46.6,0,typestate_checker,f,rating,positive
f,2,complexity_level,73.73684210526316,0,typestate_checker,f,rating,positive
f,3,complexity_level,38.578947368421055,0,typestate_checker,f,rating,positive
f,4,complexity_level,25.88888888888889,0,typestate_checker,f,rating,positive
f,5,complexity_level,61.42105263157895,0,typestate_checker,f,rating,positive
f,6,complexity_level,74.57894736842105,0,typestate_checker,f,rating,positive
f,7,complexity_level,0.0,0,typestate_checker,f,rating,positive
f,8,complexity_level,44.73684210526316,0,typestate_checker,f,rating,positive
f,9,complexity_level,45.44444444444444,0,typestate_checker,f,rating,positive
f,10,complexity_level,57.5,0,typestate_checker,f,rating,positive
f,11,complexity_level,33.31578947368421,0,typestate_checker,f,rating,positive
f,12,complexity_level,25.944444444444443,0,typestate_checker,f,rating,positive
f,13,complexity_level,47.22222222222222,0,typestate_checker,f,rating,positive
f,14,complexity_level,44.44444444444444,0,typestate_checker,f,rating,positive
f,15,complexity_level,47.22222222222222,1,typestate_checker,f,rating,positive
f,16,complexity_level,150.0,5,typestate_checker,f,rating,positive
f,1,time_to_understand,48.275447368421055,0,typestate_checker,f,time,positive
f,2,time_to_understand,30.38747368421053,0,typestate_checker,f,time,positive
f,3,time_to_understand,41.40668421052632,0,typestate_checker,f,time,positive
f,4,time_to_understand,50.024,0,typestate_checker,f,time,positive
f,5,time_to_understand,45.99226315789474,0,typestate_checker,f,time,positive
f,6,time_to_understand,21.517,0,typestate_checker,f,time,positive
f,7,time_to_understand,38.38831578947369,0,typestate_checker,f,time,positive
f,8,time_to_understand,43.33011111111111,0,typestate_checker,f,time,positive
f,9,time_to_understand,42.33516666666665,0,typestate_checker,f,time,positive
f,10,time_to_understand,27.647555555555552,0,typestate_checker,f,time,positive
f,11,time_to_understand,22.280263157894737,0,typestate_checker,f,time,positive
f,12,time_to_understand,35.582526315789465,0,typestate_checker,f,time,positive
f,13,time_to_understand,33.25842105263157,0,typestate_checker,f,time,positive
f,14,time_to_understand,40.122473684210526,0,typestate_checker,f,time,positive
f,15,time_to_understand,445.544,1,typestate_checker,f,time,positive
f,16,time_to_understand,0.0,5,typestate_checker,f,time,positive
1,1,correct_output_rating,1.2195121951219512,0,infer,1,correctness,negative
1,2,correct_output_rating,1.951219512195122,0,infer,1,correctness,negative
1,3,correct_output_rating,1.4878048780487805,0,infer,1,correctness,negative
1,4,correct_output_rating,1.4878048780487805,0,infer,1,correctness,negative
1,5,correct_output_rating,1.4390243902439024,0,infer,1,correctness,negative
1,6,correct_output_rating,1.7804878048780488,0,infer,1,correctness,negative
1,7,correct_output_rating,1.804878048780488,0,infer,1,correctness,negative
1,8,correct_output_rating,1.4634146341463414,0,infer,1,correctness,negative
1,9,correct_output_rating,1.853658536585366,0,infer,1,correctness,negative
1,10,correct_output_rating,1.8780487804878048,0,infer,1,correctness,negative
1,11,correct_output_rating,1.6341463414634143,0,infer,1,correctness,negative
1,12,correct_output_rating,1.853658536585366,0,infer,1,correctness,negative
1,13,correct_output_rating,2.0,0,infer,1,correctness,negative
1,14,correct_output_rating,1.902439024390244,0,infer,1,correctness,negative
1,15,correct_output_rating,0.7804878048780488,0,infer,1,correctness,negative
1,16,correct_output_rating,1.951219512195122,0,infer,1,correctness,negative
1,17,correct_output_rating,1.6585365853658536,0,infer,1,correctness,negative
1,18,correct_output_rating,1.3902439024390243,0,infer,1,correctness,negative
1,19,correct_output_rating,1.3902439024390243,0,infer,1,correctness,negative
1,20,correct_output_rating,1.3902439024390243,0,infer,1,correctness,negative
1,21,correct_output_rating,1.3902439024390243,0,infer,1,correctness,negative
1,22,correct_output_rating,1.3902439024390243,0,infer,1,correctness,negative
1,23,correct_output_rating,1.829268292682927,0,infer,1,correctness,negative
1,1,output_difficulty,3.1707317073170733,0,infer,1,rating,negative
1,2,output_difficulty,2.975609756097561,0,infer,1,rating,negative
1,3,output_difficulty,2.3902439024390243,0,infer,1,rating,negative
1,4,output_difficulty,2.414634146341464,0,infer,1,rating,negative
1,5,output_difficulty,1.975609756097561,0,infer,1,rating,negative
1,6,output_difficulty,3.1219512195121952,0,infer,1,rating,negative
1,7,output_difficulty,3.2195121951219514,0,infer,1,rating,negative
1,8,output_difficulty,2.3902439024390243,0,infer,1,rating,negative
1,9,output_difficulty,3.1707317073170733,0,infer,1,rating,negative
1,10,output_difficulty,3.634146341463415,0,infer,1,rating,negative
1,11,output_difficulty,3.097560975609756,0,infer,1,rating,negative
1,12,output_difficulty,3.341463414634146,0,infer,1,rating,negative
1,13,output_difficulty,3.731707317073171,0,infer,1,rating,negative
1,14,output_difficulty,3.4878048780487805,0,infer,1,rating,negative
1,15,output_difficulty,1.0731707317073171,0,infer,1,rating,negative
1,16,output_difficulty,3.7804878048780486,0,infer,1,rating,negative
1,17,output_difficulty,3.048780487804878,0,infer,1,rating,negative
1,18,output_difficulty,2.317073170731707,0,infer,1,rating,negative
1,19,output_difficulty,1.902439024390244,0,infer,1,rating,negative
1,20,output_difficulty,3.1951219512195124,0,infer,1,rating,negative
1,21,output_difficulty,2.4878048780487805,0,infer,1,rating,negative
1,22,output_difficulty,2.3902439024390243,0,infer,1,rating,negative
1,23,output_difficulty,3.414634146341464,0,infer,1,rating,negative
1,1,time_to_give_output,68.01441463414633,0,infer,1,time,positive
1,2,time_to_give_output,100.26741463414632,0,infer,1,time,positive
1,3,time_to_give_output,132.46873170731706,0,infer,1,time,positive
1,4,time_to_give_output,154.64156097560976,0,infer,1,time,positive
1,5,time_to_give_output,211.48453658536584,0,infer,1,time,positive
1,6,time_to_give_output,70.5109512195122,0,infer,1,time,positive
1,7,time_to_give_output,66.04860975609758,0,infer,1,time,positive
1,8,time_to_give_output,104.82602439024387,0,infer,1,time,positive
1,9,time_to_give_output,65.42085365853657,0,infer,1,time,positive
1,10,time_to_give_output,42.58580487804878,0,infer,1,time,positive
1,11,time_to_give_output,65.47378048780489,0,infer,1,time,positive
1,12,time_to_give_output,59.81002439024391,0,infer,1,time,positive
1,13,time_to_give_output,37.42529268292683,0,infer,1,time,positive
1,14,time_to_give_output,48.39470731707317,0,infer,1,time,positive
1,15,time_to_give_output,355.3091707317073,0,infer,1,time,positive
1,16,time_to_give_output,20.50239024390244,0,infer,1,time,positive
1,17,time_to_give_output,99.98841463414637,0,infer,1,time,positive
1,18,time_to_give_output,132.07892682926828,0,infer,1,time,positive
1,19,time_to_give_output,145.2398292682927,0,infer,1,time,positive
1,20,time_to_give_output,80.62182926829269,0,infer,1,time,positive
1,21,time_to_give_output,89.93921951219512,0,infer,1,time,positive
1,22,time_to_give_output,86.29456097560976,0,infer,1,time,positive
1,23,time_to_give_output,54.50070731707317,0,infer,1,time,positive
2,1,brain_deact_31ant,-0.456862813,0,infer,2,physiological,negative
2,2,brain_deact_31ant,-0.627872625,0,infer,2,physiological,negative
2,3,brain_deact_31ant,-0.569892688,0,infer,2,physiological,negative
2,4,brain_deact_31ant,-0.724818625,0,infer,2,physiological,negative
2,5,brain_deact_31ant,-0.461402625,0,infer,2,physiological,negative
2,6,brain_deact_31ant,-0.573933125,0,infer,2,physiological,negative
2,7,brain_deact_31ant,-0.400142063,0,infer,2,physiological,negative
2,8,brain_deact_31ant,-0.6289035,0,infer,2,physiological,negative
2,9,brain_deact_31ant,-0.512648188,0,infer,2,physiological,negative
2,10,brain_deact_31ant,-0.8140095,0,infer,2,physiological,negative
2,11,brain_deact_31ant,-0.799689,0,infer,2,physiological,negative
2,12,brain_deact_31ant,-0.754594875,0,infer,2,physiological,negative
2,1,brain_deact_31post,-0.680167625,0,infer,2,physiological,negative
2,2,brain_deact_31post,-0.58754025,0,infer,2,physiological,negative
2,3,brain_deact_31post,-0.484311125,0,infer,2,physiological,negative
2,4,brain_deact_31post,-0.755176125,0,infer,2,physiological,negative
2,5,brain_deact_31post,-0.504249125,0,infer,2,physiological,negative
2,6,brain_deact_31post,-0.531375313,0,infer,2,physiological,negative
2,7,brain_deact_31post,-0.452398375,0,infer,2,physiological,negative
2,8,brain_deact_31post,-0.787476813,0,infer,2,physiological,negative
2,9,brain_deact_31post,-0.474544625,0,infer,2,physiological,negative
2,10,brain_deact_31post,-0.827268563,0,infer,2,physiological,negative
2,11,brain_deact_31post,-0.825552875,0,infer,2,physiological,negative
2,12,brain_deact_31post,-0.743071875,0,infer,2,physiological,negative
2,1,brain_deact_32,-0.567438063,0,infer,2,physiological,negative
2,2,brain_deact_32,-0.760412688,0,infer,2,physiological,negative
2,3,brain_deact_32,-0.80337975,0,infer,2,physiological,negative
2,4,brain_deact_32,-0.853813313,0,infer,2,physiological,negative
2,5,brain_deact_32,-0.534999375,0,infer,2,physiological,negative
2,6,brain_deact_32,-0.833937188,0,infer,2,physiological,negative
2,7,brain_deact_32,-0.44148875,0,infer,2,physiological,negative
2,8,brain_deact_32,-0.687596375,0,infer,2,physiological,negative
2,9,brain_deact_32,-0.513088813,0,infer,2,physiological,negative
2,10,brain_deact_32,-1.045516125,0,infer,2,physiological,negative
2,11,brain_deact_32,-1.065309875,0,infer,2,physiological,negative
2,12,brain_deact_32,-0.810991375,0,infer,2,physiological,negative
2,1,time_to_understand,277998.6875,0,infer,2,time,positive
2,2,time_to_understand,379138.5,0,infer,2,time,positive
2,3,time_to_understand,282050.625,0,infer,2,time,positive
2,4,time_to_understand,328751.1875,0,infer,2,time,positive
2,5,time_to_understand,228106.875,0,infer,2,time,positive
2,6,time_to_understand,256201.1875,0,infer,2,time,positive
2,7,time_to_understand,173291.875,0,infer,2,time,positive
2,8,time_to_understand,253121.6875,0,infer,2,time,positive
2,9,time_to_understand,368599.625,0,infer,2,time,positive
2,10,time_to_understand,288200.0,0,infer,2,time,positive
2,11,time_to_understand,513357.5625,0,infer,2,time,positive
2,12,time_to_understand,432204.875,0,infer,2,time,positive
3,1,readability_level,2.99,0,infer,3,rating,negative
3,2,readability_level,3.74,0,infer,3,rating,negative
3,3,readability_level,2.69,0,infer,3,rating,negative
3,4,readability_level,4.03,0,infer,3,rating,negative
3,5,readability_level,4.18,0,infer,3,rating,negative
3,6,readability_level,2.18,0,infer,3,rating,negative
3,7,readability_level,3.62,0,infer,3,rating,negative
3,8,readability_level,2.86,0,infer,3,rating,negative
3,9,readability_level,4.13,0,infer,3,rating,negative
3,10,readability_level,3.35,0,infer,3,rating,negative
3,11,readability_level,3.64,0,infer,3,rating,negative
3,12,readability_level,3.53,0,infer,3,rating,negative
3,13,readability_level,3.03,0,infer,3,rating,negative
3,14,readability_level,4.05,0,infer,3,rating,negative
3,15,readability_level,1.82,0,infer,3,rating,negative
3,16,readability_level,2.9,0,infer,3,rating,negative
3,17,readability_level,3.74,0,infer,3,rating,negative
3,18,readability_level,2.46,0,infer,3,rating,negative
3,19,readability_level,3.56,0,infer,3,rating,negative
3,20,readability_level,3.26,0,infer,3,rating,negative
3,21,readability_level,3.73,0,infer,3,rating,negative
3,22,readability_level,2.73,0,infer,3,rating,negative
3,23,readability_level,3.94,0,infer,3,rating,negative
3,24,readability_level,3.48,0,infer,3,rating,negative
3,25,readability_level,2.09,0,infer,3,rating,negative
3,26,readability_level,2.37,0,infer,3,rating,negative
3,27,readability_level,3.76,0,infer,3,rating,negative
3,28,readability_level,2.86,0,infer,3,rating,negative
3,29,readability_level,3.96,0,infer,3,rating,negative
3,30,readability_level,2.78,0,infer,3,rating,negative
3,31,readability_level,3.27,0,infer,3,rating,negative
3,32,readability_level,4.22,0,infer,3,rating,negative
3,33,readability_level,4.02,0,infer,3,rating,negative
3,34,readability_level,4.35,0,infer,3,rating,negative
3,35,readability_level,2.0,0,infer,3,rating,negative
3,36,readability_level,2.52,0,infer,3,rating,negative
3,37,readability_level,2.57,0,infer,3,rating,negative
3,38,readability_level,2.77,0,infer,3,rating,negative
3,39,readability_level,2.96,0,infer,3,rating,negative
3,40,readability_level,2.9,0,infer,3,rating,negative
3,41,readability_level,2.41,0,infer,3,rating,negative
3,42,readability_level,3.08,0,infer,3,rating,negative
3,43,readability_level,3.28,0,infer,3,rating,negative
3,44,readability_level,4.07,0,infer,3,rating,negative
3,45,readability_level,3.84,0,infer,3,rating,negative
3,46,readability_level,3.76,0,infer,3,rating,negative
3,47,readability_level,3.88,0,infer,3,rating,negative
3,48,readability_level,3.93,0,infer,3,rating,negative
3,49,readability_level,4.05,0,infer,3,rating,negative
3,50,readability_level,4.16,0,infer,3,rating,negative
3,51,readability_level,3.92,0,infer,3,rating,negative
3,52,readability_level,2.63,0,infer,3,rating,negative
3,53,readability_level,2.72,0,infer,3,rating,negative
3,54,readability_level,3.6,0,infer,3,rating,negative
3,55,readability_level,2.71,0,infer,3,rating,negative
3,56,readability_level,3.61,0,infer,3,rating,negative
3,57,readability_level,3.6,0,infer,3,rating,negative
3,58,readability_level,2.4,0,infer,3,rating,negative
3,59,readability_level,3.83,0,infer,3,rating,negative
3,60,readability_level,3.88,0,infer,3,rating,negative
3,61,readability_level,3.77,0,infer,3,rating,negative
3,62,readability_level,3.47,0,infer,3,rating,negative
3,63,readability_level,2.64,0,infer,3,rating,negative
3,64,readability_level,3.59,0,infer,3,rating,negative
3,65,readability_level,3.2,0,infer,3,rating,negative
3,66,readability_level,2.59,0,infer,3,rating,negative
3,67,readability_level,4.02,0,infer,3,rating,negative
3,68,readability_level,3.35,0,infer,3,rating,negative
3,69,readability_level,2.92,0,infer,3,rating,negative
3,70,readability_level,2.39,0,infer,3,rating,negative
3,71,readability_level,3.69,0,infer,3,rating,negative
3,72,readability_level,2.86,0,infer,3,rating,negative
3,73,readability_level,3.38,0,infer,3,rating,negative
3,74,readability_level,3.82,0,infer,3,rating,negative
3,75,readability_level,3.39,0,infer,3,rating,negative
3,76,readability_level,3.49,0,infer,3,rating,negative
3,77,readability_level,2.72,0,infer,3,rating,negative
3,78,readability_level,2.28,0,infer,3,rating,negative
3,79,readability_level,3.34,0,infer,3,rating,negative
3,80,readability_level,4.15,0,infer,3,rating,negative
3,81,readability_level,3.93,0,infer,3,rating,negative
3,82,readability_level,4.0,0,infer,3,rating,negative
3,83,readability_level,2.76,0,infer,3,rating,negative
3,84,readability_level,3.94,0,infer,3,rating,negative
3,85,readability_level,3.61,0,infer,3,rating,negative
3,86,readability_level,2.62,0,infer,3,rating,negative
3,87,readability_level,2.87,0,infer,3,rating,negative
3,88,readability_level,3.23,0,infer,3,rating,negative
3,89,readability_level,4.28,0,infer,3,rating,negative
3,90,readability_level,3.35,0,infer,3,rating,negative
3,91,readability_level,2.08,0,infer,3,rating,negative
3,92,readability_level,3.36,0,infer,3,rating,negative
3,93,readability_level,2.36,0,infer,3,rating,negative
3,94,readability_level,4.07,0,infer,3,rating,negative
3,95,readability_level,3.18,0,infer,3,rating,negative
3,96,readability_level,3.81,0,infer,3,rating,negative
3,97,readability_level,2.9,0,infer,3,rating,negative
3,98,readability_level,3.0,0,infer,3,rating,negative
3,99,readability_level,2.95,0,infer,3,rating,negative
3,100,readability_level,2.12,0,infer,3,rating,negative
6,1,correct_verif_questions,0.3703703703703704,0,infer,6,correctness,negative
6,2,correct_verif_questions,0.4074074074074073,2,infer,6,correctness,negative
6,3,correct_verif_questions,0.4166666666666667,2,infer,6,correctness,negative
6,4,correct_verif_questions,0.4074074074074075,0,infer,6,correctness,negative
6,5,correct_verif_questions,0.5925925925925927,1,infer,6,correctness,negative
6,6,correct_verif_questions,0.4444444444444443,0,infer,6,correctness,negative
6,7,correct_verif_questions,0.4444444444444445,0,infer,6,correctness,negative
6,8,correct_verif_questions,0.2962962962962963,0,infer,6,correctness,negative
6,9,correct_verif_questions,0.5185185185185186,0,infer,6,correctness,negative
6,10,correct_verif_questions,0.4814814814814815,0,infer,6,correctness,negative
6,11,correct_verif_questions,0.1851851851851851,0,infer,6,correctness,negative
6,12,correct_verif_questions,0.5185185185185186,0,infer,6,correctness,negative
6,13,correct_verif_questions,0.4074074074074073,0,infer,6,correctness,negative
6,14,correct_verif_questions,0.2592592592592592,0,infer,6,correctness,negative
6,15,correct_verif_questions,0.4074074074074075,0,infer,6,correctness,negative
6,16,correct_verif_questions,0.2222222222222222,0,infer,6,correctness,negative
6,17,correct_verif_questions,0.4444444444444444,0,infer,6,correctness,negative
6,18,correct_verif_questions,0.2962962962962963,0,infer,6,correctness,negative
6,19,correct_verif_questions,0.6296296296296299,0,infer,6,correctness,negative
6,20,correct_verif_questions,0.7407407407407408,0,infer,6,correctness,negative
6,21,correct_verif_questions,0.074074074074074,0,infer,6,correctness,negative
6,22,correct_verif_questions,0.1111111111111111,0,infer,6,correctness,negative
6,23,correct_verif_questions,0.5925925925925926,0,infer,6,correctness,negative
6,24,correct_verif_questions,0.5185185185185186,0,infer,6,correctness,negative
6,25,correct_verif_questions,0.5925925925925928,0,infer,6,correctness,negative
6,26,correct_verif_questions,0.2592592592592593,0,infer,6,correctness,negative
6,27,correct_verif_questions,0.7407407407407408,0,infer,6,correctness,negative
6,28,correct_verif_questions,0.3703703703703704,0,infer,6,correctness,negative
6,29,correct_verif_questions,0.4074074074074074,0,infer,6,correctness,negative
6,30,correct_verif_questions,0.2592592592592591,0,infer,6,correctness,negative
6,31,correct_verif_questions,0.777777777777778,0,infer,6,correctness,negative
6,32,correct_verif_questions,0.777777777777778,0,infer,6,correctness,negative
6,33,correct_verif_questions,0.5555555555555556,0,infer,6,correctness,negative
6,34,correct_verif_questions,0.4814814814814816,0,infer,6,correctness,negative
6,35,correct_verif_questions,0.3703703703703703,0,infer,6,correctness,negative
6,36,correct_verif_questions,0.5555555555555556,0,infer,6,correctness,negative
6,37,correct_verif_questions,0.7407407407407409,0,infer,6,correctness,negative
6,38,correct_verif_questions,0.4444444444444444,0,infer,6,correctness,negative
6,39,correct_verif_questions,0.4814814814814815,0,infer,6,correctness,negative
6,40,correct_verif_questions,0.2592592592592591,0,infer,6,correctness,negative
6,41,correct_verif_questions,0.3333333333333335,0,infer,6,correctness,negative
6,42,correct_verif_questions,0.2083333333333333,0,infer,6,correctness,negative
6,43,correct_verif_questions,0.5416666666666667,0,infer,6,correctness,negative
6,44,correct_verif_questions,0.2916666666666667,0,infer,6,correctness,negative
6,45,correct_verif_questions,0.4166666666666668,0,infer,6,correctness,negative
6,46,correct_verif_questions,0.7037037037037038,0,infer,6,correctness,negative
6,47,correct_verif_questions,0.4444444444444444,0,infer,6,correctness,negative
6,48,correct_verif_questions,0.8148148148148149,0,infer,6,correctness,negative
6,49,correct_verif_questions,0.4074074074074073,0,infer,6,correctness,negative
6,50,correct_verif_questions,0.3333333333333334,0,infer,6,correctness,negative
6,1,binary_understandability,0.5555555555555556,0,infer,6,rating,negative
6,2,binary_understandability,0.8888888888888888,2,infer,6,rating,negative
6,3,binary_understandability,0.625,2,infer,6,rating,negative
6,4,binary_understandability,0.6666666666666666,0,infer,6,rating,negative
6,5,binary_understandability,0.7777777777777778,1,infer,6,rating,negative
6,6,binary_understandability,0.8888888888888888,0,infer,6,rating,negative
6,7,binary_understandability,0.7777777777777778,0,infer,6,rating,negative
6,8,binary_understandability,0.5555555555555556,0,infer,6,rating,negative
6,9,binary_understandability,0.7777777777777778,0,infer,6,rating,negative
6,10,binary_understandability,0.7777777777777778,0,infer,6,rating,negative
6,11,binary_understandability,0.5555555555555556,0,infer,6,rating,negative
6,12,binary_understandability,0.6666666666666666,0,infer,6,rating,negative
6,13,binary_understandability,0.6666666666666666,0,infer,6,rating,negative
6,14,binary_understandability,0.5555555555555556,0,infer,6,rating,negative
6,15,binary_understandability,0.6666666666666666,0,infer,6,rating,negative
6,16,binary_understandability,0.4444444444444444,0,infer,6,rating,negative
6,17,binary_understandability,0.6666666666666666,0,infer,6,rating,negative
6,18,binary_understandability,0.4444444444444444,0,infer,6,rating,negative
6,19,binary_understandability,0.8888888888888888,0,infer,6,rating,negative
6,20,binary_understandability,0.8888888888888888,0,infer,6,rating,negative
6,21,binary_understandability,0.2222222222222222,0,infer,6,rating,negative
6,22,binary_understandability,0.2222222222222222,0,infer,6,rating,negative
6,23,binary_understandability,0.8888888888888888,0,infer,6,rating,negative
6,24,binary_understandability,0.6666666666666666,0,infer,6,rating,negative
6,25,binary_understandability,0.7777777777777778,0,infer,6,rating,negative
6,26,binary_understandability,0.4444444444444444,0,infer,6,rating,negative
6,27,binary_understandability,0.7777777777777778,0,infer,6,rating,negative
6,28,binary_understandability,0.4444444444444444,0,infer,6,rating,negative
6,29,binary_understandability,0.5555555555555556,0,infer,6,rating,negative
6,30,binary_understandability,0.6666666666666666,0,infer,6,rating,negative
6,31,binary_understandability,1.0,0,infer,6,rating,negative
6,32,binary_understandability,1.0,0,infer,6,rating,negative
6,33,binary_understandability,0.8888888888888888,0,infer,6,rating,negative
6,34,binary_understandability,0.6666666666666666,0,infer,6,rating,negative
6,35,binary_understandability,0.6666666666666666,0,infer,6,rating,negative
6,36,binary_understandability,0.7777777777777778,0,infer,6,rating,negative
6,37,binary_understandability,1.0,0,infer,6,rating,negative
6,38,binary_understandability,0.6666666666666666,0,infer,6,rating,negative
6,39,binary_understandability,0.7777777777777778,0,infer,6,rating,negative
6,40,binary_understandability,0.6666666666666666,0,infer,6,rating,negative
6,41,binary_understandability,0.5,0,infer,6,rating,negative
6,42,binary_understandability,0.375,0,infer,6,rating,negative
6,43,binary_understandability,0.875,0,infer,6,rating,negative
6,44,binary_understandability,0.625,0,infer,6,rating,negative
6,45,binary_understandability,0.75,0,infer,6,rating,negative
6,46,binary_understandability,1.0,0,infer,6,rating,negative
6,47,binary_understandability,0.7777777777777778,0,infer,6,rating,negative
6,48,binary_understandability,1.0,0,infer,6,rating,negative
6,49,binary_understandability,0.7777777777777778,0,infer,6,rating,negative
6,50,binary_understandability,0.5555555555555556,0,infer,6,rating,negative
6,1,time_to_understand,74.4,0,infer,6,time,positive
6,2,time_to_understand,73.75,2,infer,6,time,positive
6,3,time_to_understand,59.8,2,infer,6,time,positive
6,4,time_to_understand,60.5,0,infer,6,time,positive
6,5,time_to_understand,66.14285714285714,1,infer,6,time,positive
6,6,time_to_understand,82.625,0,infer,6,time,positive
6,7,time_to_understand,257.42857142857144,0,infer,6,time,positive
6,8,time_to_understand,81.4,0,infer,6,time,positive
6,9,time_to_understand,170.28571428571428,0,infer,6,time,positive
6,10,time_to_understand,153.57142857142858,0,infer,6,time,positive
6,11,time_to_understand,241.4,0,infer,6,time,positive
6,12,time_to_understand,62.333333333333336,0,infer,6,time,positive
6,13,time_to_understand,53.66666666666666,0,infer,6,time,positive
6,14,time_to_understand,94.2,0,infer,6,time,positive
6,15,time_to_understand,113.66666666666669,0,infer,6,time,positive
6,16,time_to_understand,202.25,0,infer,6,time,positive
6,17,time_to_understand,237.33333333333331,0,infer,6,time,positive
6,18,time_to_understand,151.5,0,infer,6,time,positive
6,19,time_to_understand,435.5,0,infer,6,time,positive
6,20,time_to_understand,102.5,0,infer,6,time,positive
6,21,time_to_understand,172.5,0,infer,6,time,positive
6,22,time_to_understand,28.0,0,infer,6,time,positive
6,23,time_to_understand,264.25,0,infer,6,time,positive
6,24,time_to_understand,163.5,0,infer,6,time,positive
6,25,time_to_understand,48.85714285714285,0,infer,6,time,positive
6,26,time_to_understand,57.5,0,infer,6,time,positive
6,27,time_to_understand,144.71428571428572,0,infer,6,time,positive
6,28,time_to_understand,270.25,0,infer,6,time,positive
6,29,time_to_understand,51.6,0,infer,6,time,positive
6,30,time_to_understand,159.5,0,infer,6,time,positive
6,31,time_to_understand,50.888888888888886,0,infer,6,time,positive
6,32,time_to_understand,83.55555555555556,0,infer,6,time,positive
6,33,time_to_understand,122.125,0,infer,6,time,positive
6,34,time_to_understand,82.5,0,infer,6,time,positive
6,35,time_to_understand,83.33333333333333,0,infer,6,time,positive
6,36,time_to_understand,74.57142857142857,0,infer,6,time,positive
6,37,time_to_understand,238.44444444444449,0,infer,6,time,positive
6,38,time_to_understand,66.16666666666667,0,infer,6,time,positive
6,39,time_to_understand,101.85714285714286,0,infer,6,time,positive
6,40,time_to_understand,247.0,0,infer,6,time,positive
6,41,time_to_understand,195.5,0,infer,6,time,positive
6,42,time_to_understand,318.0,0,infer,6,time,positive
6,43,time_to_understand,47.85714285714285,0,infer,6,time,positive
6,44,time_to_understand,391.0,0,infer,6,time,positive
6,45,time_to_understand,162.16666666666666,0,infer,6,time,positive
6,46,time_to_understand,55.66666666666666,0,infer,6,time,positive
6,47,time_to_understand,85.42857142857143,0,infer,6,time,positive
6,48,time_to_understand,117.88888888888889,0,infer,6,time,positive
6,49,time_to_understand,85.57142857142857,0,infer,6,time,positive
6,50,time_to_understand,238.0,0,infer,6,time,positive
63,1,adjusted_gaze_sig,0.9762631428571428,1,infer,63,physiological,positive
63,2,adjusted_gaze_sig,0.8230961666666666,0,infer,63,physiological,positive
63,3,adjusted_gaze_sig,0.5625836166666667,0,infer,63,physiological,positive
63,4,adjusted_gaze_sig,0.89375,0,infer,63,physiological,positive
63,5,adjusted_gaze_sig,2.6371384000000004,0,infer,63,physiological,positive
63,6,adjusted_gaze_sig,0.743938,0,infer,63,physiological,positive
63,7,adjusted_gaze_sig,0.22781025,2,infer,63,physiological,positive
63,8,adjusted_gaze_sig,0.296709,0,infer,63,physiological,positive
63,9,adjusted_gaze_sig,0.9081988,0,infer,63,physiological,positive
63,10,adjusted_gaze_sig,1.328576,1,infer,63,physiological,positive
63,11,adjusted_gaze_sig,1.2333020000000003,0,infer,63,physiological,positive
63,12,adjusted_gaze_sig,0.62354116,0,infer,63,physiological,positive
63,13,adjusted_gaze_sig,7.25147,0,infer,63,physiological,positive
63,14,adjusted_gaze_sig,0.0,0,infer,63,physiological,positive
63,15,adjusted_gaze_sig,0.6652165666666668,0,infer,63,physiological,positive
63,16,adjusted_gaze_sig,0.5481481666666667,0,infer,63,physiological,positive
63,17,adjusted_gaze_sig,1.0767303333333331,0,infer,63,physiological,positive
63,18,adjusted_gaze_sig,1.75984745,0,infer,63,physiological,positive
63,19,adjusted_gaze_sig,0.362847,0,infer,63,physiological,positive
63,20,adjusted_gaze_sig,0.0,0,infer,63,physiological,positive
63,21,adjusted_gaze_sig,0.0,0,infer,63,physiological,positive
63,22,adjusted_gaze_sig,0.5865469125,0,infer,63,physiological,positive
63,23,adjusted_gaze_sig,0.413850625,0,infer,63,physiological,positive
63,24,adjusted_gaze_sig,0.9035215,0,infer,63,physiological,positive
63,25,adjusted_gaze_sig,0.98207,0,infer,63,physiological,positive
63,26,adjusted_gaze_sig,0.123751,0,infer,63,physiological,positive
63,27,adjusted_gaze_sig,0.0,0,infer,63,physiological,positive
63,28,adjusted_gaze_sig,0.393362,0,infer,63,physiological,positive
63,29,adjusted_gaze_sig,0.322672,0,infer,63,physiological,positive
63,30,adjusted_gaze_sig,1.1762729,0,infer,63,physiological,positive
63,31,adjusted_gaze_sig,0.56380175,0,infer,63,physiological,positive
63,32,adjusted_gaze_sig,0.867282125,0,infer,63,physiological,positive
63,33,adjusted_gaze_sig,1.227694,0,infer,63,physiological,positive
63,34,adjusted_gaze_sig,1.1920696666666664,0,infer,63,physiological,positive
63,35,adjusted_gaze_sig,0.5767354142857143,0,infer,63,physiological,positive
63,36,adjusted_gaze_sig,0.6708358571428573,0,infer,63,physiological,positive
63,37,adjusted_gaze_sig,0.7713289999999999,0,infer,63,physiological,positive
63,38,adjusted_gaze_sig,1.1950006666666666,0,infer,63,physiological,positive
63,39,adjusted_gaze_sig,1.5442762857142858,0,infer,63,physiological,positive
63,40,adjusted_gaze_sig,1.0439151428571427,0,infer,63,physiological,positive
63,41,adjusted_gaze_sig,0.0,0,infer,63,physiological,positive
63,42,adjusted_gaze_sig,0.0,0,infer,63,physiological,positive
63,43,adjusted_gaze_sig,0.0,0,infer,63,physiological,positive
63,44,adjusted_gaze_sig,0.0,0,infer,63,physiological,positive
63,45,adjusted_gaze_sig,0.0,0,infer,63,physiological,positive
63,46,adjusted_gaze_sig,0.0,0,infer,63,physiological,positive
63,47,adjusted_gaze_sig,0.0,0,infer,63,physiological,positive
63,48,adjusted_gaze_sig,0.0,0,infer,63,physiological,positive
63,49,adjusted_gaze_sig,0.0,0,infer,63,physiological,positive
63,50,adjusted_gaze_sig,0.0,0,infer,63,physiological,positive
63,51,adjusted_gaze_sig,0.0,0,infer,63,physiological,positive
63,52,adjusted_gaze_sig,0.0,0,infer,63,physiological,positive
63,53,adjusted_gaze_sig,0.0,0,infer,63,physiological,positive
63,54,adjusted_gaze_sig,0.0,0,infer,63,physiological,positive
63,55,adjusted_gaze_sig,0.0,0,infer,63,physiological,positive
63,56,adjusted_gaze_sig,0.0,0,infer,63,physiological,positive
63,57,adjusted_gaze_sig,0.0,0,infer,63,physiological,positive
63,58,adjusted_gaze_sig,0.0,0,infer,63,physiological,positive
63,59,adjusted_gaze_sig,0.0,0,infer,63,physiological,positive
63,60,adjusted_gaze_sig,0.0,0,infer,63,physiological,positive
63,61,adjusted_gaze_sig,0.0,0,infer,63,physiological,positive
63,62,adjusted_gaze_sig,0.0,0,infer,63,physiological,positive
63,63,adjusted_gaze_sig,0.0,0,infer,63,physiological,positive
63,64,adjusted_gaze_sig,0.0,0,infer,63,physiological,positive
63,1,adjusted_gaze_non_sig,1.0012627142857142,1,infer,63,physiological,positive
63,2,adjusted_gaze_non_sig,1.035382,0,infer,63,physiological,positive
63,3,adjusted_gaze_non_sig,1.0388815000000002,0,infer,63,physiological,positive
63,4,adjusted_gaze_non_sig,1.0066405,0,infer,63,physiological,positive
63,5,adjusted_gaze_non_sig,0.8035439999999999,0,infer,63,physiological,positive
63,6,adjusted_gaze_non_sig,1.0221293333333332,0,infer,63,physiological,positive
63,7,adjusted_gaze_non_sig,1.198565,2,infer,63,physiological,positive
63,8,adjusted_gaze_non_sig,1.18869,0,infer,63,physiological,positive
63,9,adjusted_gaze_non_sig,1.008346,0,infer,63,physiological,positive
63,10,adjusted_gaze_non_sig,0.94700475,1,infer,63,physiological,positive
63,11,adjusted_gaze_non_sig,0.9611160000000002,0,infer,63,physiological,positive
63,12,adjusted_gaze_non_sig,1.0597564,0,infer,63,physiological,positive
63,13,adjusted_gaze_non_sig,0.5688641666666666,0,infer,63,physiological,positive
63,14,adjusted_gaze_non_sig,1.06452,0,infer,63,physiological,positive
63,15,adjusted_gaze_non_sig,1.0464055,0,infer,63,physiological,positive
63,16,adjusted_gaze_non_sig,1.0779053333333335,0,infer,63,physiological,positive
63,17,adjusted_gaze_non_sig,0.9531083333333332,0,infer,63,physiological,positive
63,18,adjusted_gaze_non_sig,0.9831165,0,infer,63,physiological,positive
63,19,adjusted_gaze_non_sig,1.03982,0,infer,63,physiological,positive
63,20,adjusted_gaze_non_sig,1.13636,0,infer,63,physiological,positive
63,21,adjusted_gaze_non_sig,1.35294,0,infer,63,physiological,positive
63,22,adjusted_gaze_non_sig,1.036127625,0,infer,63,physiological,positive
63,23,adjusted_gaze_non_sig,1.183171625,0,infer,63,physiological,positive
63,24,adjusted_gaze_non_sig,1.00470625,0,infer,63,physiological,positive
63,25,adjusted_gaze_non_sig,1.0016315,0,infer,63,physiological,positive
63,26,adjusted_gaze_non_sig,1.1402,0,infer,63,physiological,positive
63,27,adjusted_gaze_non_sig,1.075,0,infer,63,physiological,positive
63,28,adjusted_gaze_non_sig,1.07137,0,infer,63,physiological,positive
63,29,adjusted_gaze_non_sig,1.079685,0,infer,63,physiological,positive
63,30,adjusted_gaze_non_sig,0.9843317500000002,0,infer,63,physiological,positive
63,31,adjusted_gaze_non_sig,1.049248625,0,infer,63,physiological,positive
63,32,adjusted_gaze_non_sig,1.00717325,0,infer,63,physiological,positive
63,33,adjusted_gaze_non_sig,0.988017,0,infer,63,physiological,positive
63,34,adjusted_gaze_non_sig,0.9819933333333332,0,infer,63,physiological,positive
63,35,adjusted_gaze_non_sig,1.0423244285714286,0,infer,63,physiological,positive
63,36,adjusted_gaze_non_sig,1.0173247142857142,0,infer,63,physiological,positive
63,37,adjusted_gaze_non_sig,1.024625,0,infer,63,physiological,positive
63,38,adjusted_gaze_non_sig,0.98172,0,infer,63,physiological,positive
63,39,adjusted_gaze_non_sig,0.9333551428571428,0,infer,63,physiological,positive
63,40,adjusted_gaze_non_sig,0.9987081428571428,0,infer,63,physiological,positive
63,41,adjusted_gaze_non_sig,0.0,0,infer,63,physiological,positive
63,42,adjusted_gaze_non_sig,0.0,0,infer,63,physiological,positive
63,43,adjusted_gaze_non_sig,0.0,0,infer,63,physiological,positive
63,44,adjusted_gaze_non_sig,0.0,0,infer,63,physiological,positive
63,45,adjusted_gaze_non_sig,0.0,0,infer,63,physiological,positive
63,46,adjusted_gaze_non_sig,0.0,0,infer,63,physiological,positive
63,47,adjusted_gaze_non_sig,0.0,0,infer,63,physiological,positive
63,48,adjusted_gaze_non_sig,0.0,0,infer,63,physiological,positive
63,49,adjusted_gaze_non_sig,0.0,0,infer,63,physiological,positive
63,50,adjusted_gaze_non_sig,0.0,0,infer,63,physiological,positive
63,51,adjusted_gaze_non_sig,0.0,0,infer,63,physiological,positive
63,52,adjusted_gaze_non_sig,0.0,0,infer,63,physiological,positive
63,53,adjusted_gaze_non_sig,0.0,0,infer,63,physiological,positive
63,54,adjusted_gaze_non_sig,0.0,0,infer,63,physiological,positive
63,55,adjusted_gaze_non_sig,0.0,0,infer,63,physiological,positive
63,56,adjusted_gaze_non_sig,0.0,0,infer,63,physiological,positive
63,57,adjusted_gaze_non_sig,0.0,0,infer,63,physiological,positive
63,58,adjusted_gaze_non_sig,0.0,0,infer,63,physiological,positive
63,59,adjusted_gaze_non_sig,0.0,0,infer,63,physiological,positive
63,60,adjusted_gaze_non_sig,0.0,0,infer,63,physiological,positive
63,61,adjusted_gaze_non_sig,0.0,0,infer,63,physiological,positive
63,62,adjusted_gaze_non_sig,0.0,0,infer,63,physiological,positive
63,63,adjusted_gaze_non_sig,0.0,0,infer,63,physiological,positive
63,64,adjusted_gaze_non_sig,0.0,0,infer,63,physiological,positive
63,1,adjusted_fix_sig,0.5704825714285715,1,infer,63,physiological,positive
63,2,adjusted_fix_sig,0.6598746666666667,0,infer,63,physiological,positive
63,3,adjusted_fix_sig,0.3057458333333333,0,infer,63,physiological,positive
63,4,adjusted_fix_sig,0.425,0,infer,63,physiological,positive
63,5,adjusted_fix_sig,2.9051914,0,infer,63,physiological,positive
63,6,adjusted_fix_sig,0.8669013333333334,0,infer,63,physiological,positive
63,7,adjusted_fix_sig,0.10787605,2,infer,63,physiological,positive
63,8,adjusted_fix_sig,0.241187,0,infer,63,physiological,positive
63,9,adjusted_fix_sig,0.6465266,0,infer,63,physiological,positive
63,10,adjusted_fix_sig,1.10297925,1,infer,63,physiological,positive
63,11,adjusted_fix_sig,1.2598273333333332,0,infer,63,physiological,positive
63,12,adjusted_fix_sig,0.5756184,0,infer,63,physiological,positive
63,13,adjusted_fix_sig,6.436988833333333,0,infer,63,physiological,positive
63,14,adjusted_fix_sig,0.0,0,infer,63,physiological,positive
63,15,adjusted_fix_sig,0.6469865333333333,0,infer,63,physiological,positive
63,16,adjusted_fix_sig,0.6525656666666667,0,infer,63,physiological,positive
63,17,adjusted_fix_sig,1.0895208333333335,0,infer,63,physiological,positive
63,18,adjusted_fix_sig,1.61501335,0,infer,63,physiological,positive
63,19,adjusted_fix_sig,0.468504,0,infer,63,physiological,positive
63,20,adjusted_fix_sig,0.0,0,infer,63,physiological,positive
63,21,adjusted_fix_sig,0.0,0,infer,63,physiological,positive
63,22,adjusted_fix_sig,0.369805775,0,infer,63,physiological,positive
63,23,adjusted_fix_sig,0.3446160625,0,infer,63,physiological,positive
63,24,adjusted_fix_sig,0.782111025,0,infer,63,physiological,positive
63,25,adjusted_fix_sig,0.6956899999999999,0,infer,63,physiological,positive
63,26,adjusted_fix_sig,0.0788045,0,infer,63,physiological,positive
63,27,adjusted_fix_sig,0.0,0,infer,63,physiological,positive
63,28,adjusted_fix_sig,0.95,0,infer,63,physiological,positive
63,29,adjusted_fix_sig,0.319328,0,infer,63,physiological,positive
63,30,adjusted_fix_sig,1.070199575,0,infer,63,physiological,positive
63,31,adjusted_fix_sig,0.359252225,0,infer,63,physiological,positive
63,32,adjusted_fix_sig,0.7660482500000001,0,infer,63,physiological,positive
63,33,adjusted_fix_sig,1.44020525,0,infer,63,physiological,positive
63,34,adjusted_fix_sig,0.8920514444444445,0,infer,63,physiological,positive
63,35,adjusted_fix_sig,0.6372011142857142,0,infer,63,physiological,positive
63,36,adjusted_fix_sig,0.5316787142857143,0,infer,63,physiological,positive
63,37,adjusted_fix_sig,0.828344,0,infer,63,physiological,positive
63,38,adjusted_fix_sig,0.5885861666666666,0,infer,63,physiological,positive
63,39,adjusted_fix_sig,0.7586309714285715,0,infer,63,physiological,positive
63,40,adjusted_fix_sig,0.9255011428571428,0,infer,63,physiological,positive
63,41,adjusted_fix_sig,0.0,0,infer,63,physiological,positive
63,42,adjusted_fix_sig,0.0,0,infer,63,physiological,positive
63,43,adjusted_fix_sig,0.0,0,infer,63,physiological,positive
63,44,adjusted_fix_sig,0.0,0,infer,63,physiological,positive
63,45,adjusted_fix_sig,0.0,0,infer,63,physiological,positive
63,46,adjusted_fix_sig,0.0,0,infer,63,physiological,positive
63,47,adjusted_fix_sig,0.0,0,infer,63,physiological,positive
63,48,adjusted_fix_sig,0.0,0,infer,63,physiological,positive
63,49,adjusted_fix_sig,0.0,0,infer,63,physiological,positive
63,50,adjusted_fix_sig,0.0,0,infer,63,physiological,positive
63,51,adjusted_fix_sig,0.0,0,infer,63,physiological,positive
63,52,adjusted_fix_sig,0.0,0,infer,63,physiological,positive
63,53,adjusted_fix_sig,0.0,0,infer,63,physiological,positive
63,54,adjusted_fix_sig,0.0,0,infer,63,physiological,positive
63,55,adjusted_fix_sig,0.0,0,infer,63,physiological,positive
63,56,adjusted_fix_sig,0.0,0,infer,63,physiological,positive
63,57,adjusted_fix_sig,0.0,0,infer,63,physiological,positive
63,58,adjusted_fix_sig,0.0,0,infer,63,physiological,positive
63,59,adjusted_fix_sig,0.0,0,infer,63,physiological,positive
63,60,adjusted_fix_sig,0.0,0,infer,63,physiological,positive
63,61,adjusted_fix_sig,0.0,0,infer,63,physiological,positive
63,62,adjusted_fix_sig,0.0,0,infer,63,physiological,positive
63,63,adjusted_fix_sig,0.0,0,infer,63,physiological,positive
63,64,adjusted_fix_sig,0.0,0,infer,63,physiological,positive
63,1,adjusted_fix_non_sig,1.022847142857143,1,infer,63,physiological,positive
63,2,adjusted_fix_non_sig,1.0680243333333332,0,infer,63,physiological,positive
63,3,adjusted_fix_non_sig,1.06171,0,infer,63,physiological,positive
63,4,adjusted_fix_non_sig,1.03594,0,infer,63,physiological,positive
63,5,adjusted_fix_non_sig,0.7713774,0,infer,63,physiological,positive
63,6,adjusted_fix_non_sig,1.0115040000000002,0,infer,63,physiological,positive
63,7,adjusted_fix_non_sig,1.2294025,2,infer,63,physiological,positive
63,8,adjusted_fix_non_sig,1.20358,0,infer,63,physiological,positive
63,9,adjusted_fix_non_sig,1.0321358,0,infer,63,physiological,positive
63,10,adjusted_fix_non_sig,0.98339175,1,infer,63,physiological,positive
63,11,adjusted_fix_non_sig,0.9566937333333334,0,infer,63,physiological,positive
63,12,adjusted_fix_non_sig,1.067363,0,infer,63,physiological,positive
63,13,adjusted_fix_non_sig,0.6250355,0,infer,63,physiological,positive
63,14,adjusted_fix_non_sig,1.06452,0,infer,63,physiological,positive
63,15,adjusted_fix_non_sig,1.0489339999999998,0,infer,63,physiological,positive
63,16,adjusted_fix_non_sig,1.0599005,0,infer,63,physiological,positive
63,17,adjusted_fix_non_sig,0.9452923333333332,0,infer,63,physiological,positive
63,18,adjusted_fix_non_sig,0.986333,0,infer,63,physiological,positive
63,19,adjusted_fix_non_sig,1.03322,0,infer,63,physiological,positive
63,20,adjusted_fix_non_sig,1.13636,0,infer,63,physiological,positive
63,21,adjusted_fix_non_sig,1.35294,0,infer,63,physiological,positive
63,22,adjusted_fix_non_sig,1.0550675,0,infer,63,physiological,positive
63,23,adjusted_fix_non_sig,1.2048075,0,infer,63,physiological,positive
63,24,adjusted_fix_non_sig,1.01062975,0,infer,63,physiological,positive
63,25,adjusted_fix_non_sig,1.027663,0,infer,63,physiological,positive
63,26,adjusted_fix_non_sig,1.14739,0,infer,63,physiological,positive
63,27,adjusted_fix_non_sig,1.075,0,infer,63,physiological,positive
63,28,adjusted_fix_non_sig,1.005884,0,infer,63,physiological,positive
63,29,adjusted_fix_non_sig,1.0800800000000002,0,infer,63,physiological,positive
63,30,adjusted_fix_non_sig,0.99375925,0,infer,63,physiological,positive
63,31,adjusted_fix_non_sig,1.07234375,0,infer,63,physiological,positive
63,32,adjusted_fix_non_sig,1.01264575,0,infer,63,physiological,positive
63,33,adjusted_fix_non_sig,0.976830625,0,infer,63,physiological,positive
63,34,adjusted_fix_non_sig,1.01012,0,infer,63,physiological,positive
63,35,adjusted_fix_non_sig,1.036279857142857,0,infer,63,physiological,positive
63,36,adjusted_fix_non_sig,1.0246478571428572,0,infer,63,physiological,positive
63,37,adjusted_fix_non_sig,1.0184845,0,infer,63,physiological,positive
63,38,adjusted_fix_non_sig,1.0385704999999998,0,infer,63,physiological,positive
63,39,adjusted_fix_non_sig,1.0295549999999998,0,infer,63,physiological,positive
63,40,adjusted_fix_non_sig,1.0021907142857145,0,infer,63,physiological,positive
63,41,adjusted_fix_non_sig,0.0,0,infer,63,physiological,positive
63,42,adjusted_fix_non_sig,0.0,0,infer,63,physiological,positive
63,43,adjusted_fix_non_sig,0.0,0,infer,63,physiological,positive
63,44,adjusted_fix_non_sig,0.0,0,infer,63,physiological,positive
63,45,adjusted_fix_non_sig,0.0,0,infer,63,physiological,positive
63,46,adjusted_fix_non_sig,0.0,0,infer,63,physiological,positive
63,47,adjusted_fix_non_sig,0.0,0,infer,63,physiological,positive
63,48,adjusted_fix_non_sig,0.0,0,infer,63,physiological,positive
63,49,adjusted_fix_non_sig,0.0,0,infer,63,physiological,positive
63,50,adjusted_fix_non_sig,0.0,0,infer,63,physiological,positive
63,51,adjusted_fix_non_sig,0.0,0,infer,63,physiological,positive
63,52,adjusted_fix_non_sig,0.0,0,infer,63,physiological,positive
63,53,adjusted_fix_non_sig,0.0,0,infer,63,physiological,positive
63,54,adjusted_fix_non_sig,0.0,0,infer,63,physiological,positive
63,55,adjusted_fix_non_sig,0.0,0,infer,63,physiological,positive
63,56,adjusted_fix_non_sig,0.0,0,infer,63,physiological,positive
63,57,adjusted_fix_non_sig,0.0,0,infer,63,physiological,positive
63,58,adjusted_fix_non_sig,0.0,0,infer,63,physiological,positive
63,59,adjusted_fix_non_sig,0.0,0,infer,63,physiological,positive
63,60,adjusted_fix_non_sig,0.0,0,infer,63,physiological,positive
63,61,adjusted_fix_non_sig,0.0,0,infer,63,physiological,positive
63,62,adjusted_fix_non_sig,0.0,0,infer,63,physiological,positive
63,63,adjusted_fix_non_sig,0.0,0,infer,63,physiological,positive
63,64,adjusted_fix_non_sig,0.0,0,infer,63,physiological,positive
63,1,adjusted_gaze_flow,0.8939634285714285,1,infer,63,physiological,positive
63,2,adjusted_gaze_flow,1.590968333333333,0,infer,63,physiological,positive
63,3,adjusted_gaze_flow,1.4814991666666668,0,infer,63,physiological,positive
63,4,adjusted_gaze_flow,0.8340995,0,infer,63,physiological,positive
63,5,adjusted_gaze_flow,0.8475556666666666,0,infer,63,physiological,positive
63,6,adjusted_gaze_flow,1.78484475,0,infer,63,physiological,positive
63,7,adjusted_gaze_flow,0.0,2,infer,63,physiological,positive
63,8,adjusted_gaze_flow,1.467374,0,infer,63,physiological,positive
63,9,adjusted_gaze_flow,1.788082775,0,infer,63,physiological,positive
63,10,adjusted_gaze_flow,1.1948017333333332,1,infer,63,physiological,positive
63,11,adjusted_gaze_flow,1.4922766,0,infer,63,physiological,positive
63,12,adjusted_gaze_flow,0.5471588333333334,0,infer,63,physiological,positive
63,13,adjusted_gaze_flow,0.271832,0,infer,63,physiological,positive
63,14,adjusted_gaze_flow,1.4582316666666666,0,infer,63,physiological,positive
63,15,adjusted_gaze_flow,1.6839356666666665,0,infer,63,physiological,positive
63,16,adjusted_gaze_flow,0.6687440000000001,0,infer,63,physiological,positive
63,17,adjusted_gaze_flow,0.91335,0,infer,63,physiological,positive
63,18,adjusted_gaze_flow,1.309525,0,infer,63,physiological,positive
63,19,adjusted_gaze_flow,2.64243,0,infer,63,physiological,positive
63,20,adjusted_gaze_flow,0.584649,0,infer,63,physiological,positive
63,21,adjusted_gaze_flow,0.953450875,0,infer,63,physiological,positive
63,22,adjusted_gaze_flow,1.2158466250000002,0,infer,63,physiological,positive
63,23,adjusted_gaze_flow,0.664894375,0,infer,63,physiological,positive
63,24,adjusted_gaze_flow,0.399041,0,infer,63,physiological,positive
63,25,adjusted_gaze_flow,1.2139950000000002,0,infer,63,physiological,positive
63,26,adjusted_gaze_flow,1.396597,0,infer,63,physiological,positive
63,27,adjusted_gaze_flow,0.59716,0,infer,63,physiological,positive
63,28,adjusted_gaze_flow,0.737054,0,infer,63,physiological,positive
63,29,adjusted_gaze_flow,1.049636,0,infer,63,physiological,positive
63,30,adjusted_gaze_flow,2.0015175000000003,0,infer,63,physiological,positive
63,31,adjusted_gaze_flow,0.910566875,0,infer,63,physiological,positive
63,32,adjusted_gaze_flow,1.62674875,0,infer,63,physiological,positive
63,33,adjusted_gaze_flow,0.8239138888888888,0,infer,63,physiological,positive
63,34,adjusted_gaze_flow,0.9286387142857144,0,infer,63,physiological,positive
63,35,adjusted_gaze_flow,1.2251139999999998,0,infer,63,physiological,positive
63,36,adjusted_gaze_flow,1.3266493333333331,0,infer,63,physiological,positive
63,37,adjusted_gaze_flow,0.841827,0,infer,63,physiological,positive
63,38,adjusted_gaze_flow,0.7460811428571429,0,infer,63,physiological,positive
63,39,adjusted_gaze_flow,0.0,0,infer,63,physiological,positive
63,40,adjusted_gaze_flow,0.0,0,infer,63,physiological,positive
63,41,adjusted_gaze_flow,0.0,0,infer,63,physiological,positive
63,42,adjusted_gaze_flow,0.0,0,infer,63,physiological,positive
63,43,adjusted_gaze_flow,0.0,0,infer,63,physiological,positive
63,44,adjusted_gaze_flow,0.0,0,infer,63,physiological,positive
63,45,adjusted_gaze_flow,0.0,0,infer,63,physiological,positive
63,46,adjusted_gaze_flow,0.0,0,infer,63,physiological,positive
63,47,adjusted_gaze_flow,0.0,0,infer,63,physiological,positive
63,48,adjusted_gaze_flow,0.0,0,infer,63,physiological,positive
63,49,adjusted_gaze_flow,0.0,0,infer,63,physiological,positive
63,50,adjusted_gaze_flow,0.0,0,infer,63,physiological,positive
63,51,adjusted_gaze_flow,0.0,0,infer,63,physiological,positive
63,52,adjusted_gaze_flow,0.0,0,infer,63,physiological,positive
63,53,adjusted_gaze_flow,0.0,0,infer,63,physiological,positive
63,54,adjusted_gaze_flow,0.0,0,infer,63,physiological,positive
63,55,adjusted_gaze_flow,0.0,0,infer,63,physiological,positive
63,56,adjusted_gaze_flow,0.0,0,infer,63,physiological,positive
63,57,adjusted_gaze_flow,0.0,0,infer,63,physiological,positive
63,58,adjusted_gaze_flow,0.0,0,infer,63,physiological,positive
63,59,adjusted_gaze_flow,0.0,0,infer,63,physiological,positive
63,60,adjusted_gaze_flow,0.0,0,infer,63,physiological,positive
63,61,adjusted_gaze_flow,0.0,0,infer,63,physiological,positive
63,62,adjusted_gaze_flow,0.0,0,infer,63,physiological,positive
63,63,adjusted_gaze_flow,0.0,0,infer,63,physiological,positive
63,64,adjusted_gaze_flow,0.0,0,infer,63,physiological,positive
63,1,adjusted_gaze_non_flow,1.0452225714285714,1,infer,63,physiological,positive
63,2,adjusted_gaze_non_flow,0.8153225000000001,0,infer,63,physiological,positive
63,3,adjusted_gaze_non_flow,0.9060483333333332,0,infer,63,physiological,positive
63,4,adjusted_gaze_non_flow,1.1235435,0,infer,63,physiological,positive
63,5,adjusted_gaze_non_flow,1.2018866666666668,0,infer,63,physiological,positive
63,6,adjusted_gaze_non_flow,0.96075875,0,infer,63,physiological,positive
63,7,adjusted_gaze_non_flow,1.02222,2,infer,63,physiological,positive
63,8,adjusted_gaze_non_flow,0.8504400000000001,0,infer,63,physiological,positive
63,9,adjusted_gaze_non_flow,0.97748425,0,infer,63,physiological,positive
63,10,adjusted_gaze_non_flow,0.9503439333333332,1,infer,63,physiological,positive
63,11,adjusted_gaze_non_flow,0.9097498,0,infer,63,physiological,positive
63,12,adjusted_gaze_non_flow,1.1378205,0,infer,63,physiological,positive
63,13,adjusted_gaze_non_flow,1.21845,0,infer,63,physiological,positive
63,14,adjusted_gaze_non_flow,0.7639411666666667,0,infer,63,physiological,positive
63,15,adjusted_gaze_non_flow,0.9316063333333332,0,infer,63,physiological,positive
63,16,adjusted_gaze_non_flow,1.0451714999999997,0,infer,63,physiological,positive
63,17,adjusted_gaze_non_flow,1.032905,0,infer,63,physiological,positive
63,18,adjusted_gaze_non_flow,0.850228,0,infer,63,physiological,positive
63,19,adjusted_gaze_non_flow,0.850688,0,infer,63,physiological,positive
63,20,adjusted_gaze_non_flow,1.06558,0,infer,63,physiological,positive
63,21,adjusted_gaze_non_flow,1.01070075,0,infer,63,physiological,positive
63,22,adjusted_gaze_non_flow,0.987782125,0,infer,63,physiological,positive
63,23,adjusted_gaze_non_flow,1.5445462499999998,0,infer,63,physiological,positive
63,24,adjusted_gaze_non_flow,1.115565,0,infer,63,physiological,positive
63,25,adjusted_gaze_non_flow,0.940281,0,infer,63,physiological,positive
63,26,adjusted_gaze_non_flow,0.9228835,0,infer,63,physiological,positive
63,27,adjusted_gaze_non_flow,1.1272135,0,infer,63,physiological,positive
63,28,adjusted_gaze_non_flow,1.08452,0,infer,63,physiological,positive
63,29,adjusted_gaze_non_flow,0.9702205,0,infer,63,physiological,positive
63,30,adjusted_gaze_non_flow,0.788140625,0,infer,63,physiological,positive
63,31,adjusted_gaze_non_flow,1.050549375,0,infer,63,physiological,positive
63,32,adjusted_gaze_non_flow,0.87032775,0,infer,63,physiological,positive
63,33,adjusted_gaze_non_flow,1.344346888888889,0,infer,63,physiological,positive
63,34,adjusted_gaze_non_flow,1.0558482857142857,0,infer,63,physiological,positive
63,35,adjusted_gaze_non_flow,0.938953125,0,infer,63,physiological,positive
63,36,adjusted_gaze_non_flow,0.9216045,0,infer,63,physiological,positive
63,37,adjusted_gaze_non_flow,1.036784,0,infer,63,physiological,positive
63,38,adjusted_gaze_non_flow,1.0149342857142856,0,infer,63,physiological,positive
63,39,adjusted_gaze_non_flow,0.0,0,infer,63,physiological,positive
63,40,adjusted_gaze_non_flow,0.0,0,infer,63,physiological,positive
63,41,adjusted_gaze_non_flow,0.0,0,infer,63,physiological,positive
63,42,adjusted_gaze_non_flow,0.0,0,infer,63,physiological,positive
63,43,adjusted_gaze_non_flow,0.0,0,infer,63,physiological,positive
63,44,adjusted_gaze_non_flow,0.0,0,infer,63,physiological,positive
63,45,adjusted_gaze_non_flow,0.0,0,infer,63,physiological,positive
63,46,adjusted_gaze_non_flow,0.0,0,infer,63,physiological,positive
63,47,adjusted_gaze_non_flow,0.0,0,infer,63,physiological,positive
63,48,adjusted_gaze_non_flow,0.0,0,infer,63,physiological,positive
63,49,adjusted_gaze_non_flow,0.0,0,infer,63,physiological,positive
63,50,adjusted_gaze_non_flow,0.0,0,infer,63,physiological,positive
63,51,adjusted_gaze_non_flow,0.0,0,infer,63,physiological,positive
63,52,adjusted_gaze_non_flow,0.0,0,infer,63,physiological,positive
63,53,adjusted_gaze_non_flow,0.0,0,infer,63,physiological,positive
63,54,adjusted_gaze_non_flow,0.0,0,infer,63,physiological,positive
63,55,adjusted_gaze_non_flow,0.0,0,infer,63,physiological,positive
63,56,adjusted_gaze_non_flow,0.0,0,infer,63,physiological,positive
63,57,adjusted_gaze_non_flow,0.0,0,infer,63,physiological,positive
63,58,adjusted_gaze_non_flow,0.0,0,infer,63,physiological,positive
63,59,adjusted_gaze_non_flow,0.0,0,infer,63,physiological,positive
63,60,adjusted_gaze_non_flow,0.0,0,infer,63,physiological,positive
63,61,adjusted_gaze_non_flow,0.0,0,infer,63,physiological,positive
63,62,adjusted_gaze_non_flow,0.0,0,infer,63,physiological,positive
63,63,adjusted_gaze_non_flow,0.0,0,infer,63,physiological,positive
63,64,adjusted_gaze_non_flow,0.0,0,infer,63,physiological,positive
63,1,adjusted_fix_flow,0.8996162857142859,1,infer,63,physiological,positive
63,2,adjusted_fix_flow,1.550205,0,infer,63,physiological,positive
63,3,adjusted_fix_flow,1.4372716666666667,0,infer,63,physiological,positive
63,4,adjusted_fix_flow,0.831264,0,infer,63,physiological,positive
63,5,adjusted_fix_flow,0.9216433333333334,0,infer,63,physiological,positive
63,6,adjusted_fix_flow,2.34856925,0,infer,63,physiological,positive
63,7,adjusted_fix_flow,0.0,2,infer,63,physiological,positive
63,8,adjusted_fix_flow,1.495002,0,infer,63,physiological,positive
63,9,adjusted_fix_flow,1.79808875,0,infer,63,physiological,positive
63,10,adjusted_fix_flow,1.243632,1,infer,63,physiological,positive
63,11,adjusted_fix_flow,1.6806484000000002,0,infer,63,physiological,positive
63,12,adjusted_fix_flow,0.7300476666666667,0,infer,63,physiological,positive
63,13,adjusted_fix_flow,0.236364,0,infer,63,physiological,positive
63,14,adjusted_fix_flow,1.486476666666667,0,infer,63,physiological,positive
63,15,adjusted_fix_flow,1.6561683333333337,0,infer,63,physiological,positive
63,16,adjusted_fix_flow,0.9332985,0,infer,63,physiological,positive
63,17,adjusted_fix_flow,0.979863,0,infer,63,physiological,positive
63,18,adjusted_fix_flow,1.44657,0,infer,63,physiological,positive
63,19,adjusted_fix_flow,2.64935,0,infer,63,physiological,positive
63,20,adjusted_fix_flow,0.698413,0,infer,63,physiological,positive
63,21,adjusted_fix_flow,0.998019125,0,infer,63,physiological,positive
63,22,adjusted_fix_flow,1.414336375,0,infer,63,physiological,positive
63,23,adjusted_fix_flow,0.64260675,0,infer,63,physiological,positive
63,24,adjusted_fix_flow,0.525893,0,infer,63,physiological,positive
63,25,adjusted_fix_flow,1.39352,0,infer,63,physiological,positive
63,26,adjusted_fix_flow,1.5599625,0,infer,63,physiological,positive
63,27,adjusted_fix_flow,0.520835,0,infer,63,physiological,positive
63,28,adjusted_fix_flow,0.814161,0,infer,63,physiological,positive
63,29,adjusted_fix_flow,1.0257467500000002,0,infer,63,physiological,positive
63,30,adjusted_fix_flow,2.060645,0,infer,63,physiological,positive
63,31,adjusted_fix_flow,1.028306,0,infer,63,physiological,positive
63,32,adjusted_fix_flow,1.5692050000000002,0,infer,63,physiological,positive
63,33,adjusted_fix_flow,0.8923857777777777,0,infer,63,physiological,positive
63,34,adjusted_fix_flow,0.8557254285714286,0,infer,63,physiological,positive
63,35,adjusted_fix_flow,1.340073,0,infer,63,physiological,positive
63,36,adjusted_fix_flow,1.4290046666666665,0,infer,63,physiological,positive
63,37,adjusted_fix_flow,1.0569911428571428,0,infer,63,physiological,positive
63,38,adjusted_fix_flow,0.7603277142857143,0,infer,63,physiological,positive
63,39,adjusted_fix_flow,0.0,0,infer,63,physiological,positive
63,40,adjusted_fix_flow,0.0,0,infer,63,physiological,positive
63,41,adjusted_fix_flow,0.0,0,infer,63,physiological,positive
63,42,adjusted_fix_flow,0.0,0,infer,63,physiological,positive
63,43,adjusted_fix_flow,0.0,0,infer,63,physiological,positive
63,44,adjusted_fix_flow,0.0,0,infer,63,physiological,positive
63,45,adjusted_fix_flow,0.0,0,infer,63,physiological,positive
63,46,adjusted_fix_flow,0.0,0,infer,63,physiological,positive
63,47,adjusted_fix_flow,0.0,0,infer,63,physiological,positive
63,48,adjusted_fix_flow,0.0,0,infer,63,physiological,positive
63,49,adjusted_fix_flow,0.0,0,infer,63,physiological,positive
63,50,adjusted_fix_flow,0.0,0,infer,63,physiological,positive
63,51,adjusted_fix_flow,0.0,0,infer,63,physiological,positive
63,52,adjusted_fix_flow,0.0,0,infer,63,physiological,positive
63,53,adjusted_fix_flow,0.0,0,infer,63,physiological,positive
63,54,adjusted_fix_flow,0.0,0,infer,63,physiological,positive
63,55,adjusted_fix_flow,0.0,0,infer,63,physiological,positive
63,56,adjusted_fix_flow,0.0,0,infer,63,physiological,positive
63,57,adjusted_fix_flow,0.0,0,infer,63,physiological,positive
63,58,adjusted_fix_flow,0.0,0,infer,63,physiological,positive
63,59,adjusted_fix_flow,0.0,0,infer,63,physiological,positive
63,60,adjusted_fix_flow,0.0,0,infer,63,physiological,positive
63,61,adjusted_fix_flow,0.0,0,infer,63,physiological,positive
63,62,adjusted_fix_flow,0.0,0,infer,63,physiological,positive
63,63,adjusted_fix_flow,0.0,0,infer,63,physiological,positive
63,64,adjusted_fix_flow,0.0,0,infer,63,physiological,positive
63,1,adjusted_fix_non_flow,1.0428102857142858,1,infer,63,physiological,positive
63,2,adjusted_fix_non_flow,0.8280616666666666,0,infer,63,physiological,positive
63,3,adjusted_fix_non_flow,0.914679,0,infer,63,physiological,positive
63,4,adjusted_fix_non_flow,1.125655,0,infer,63,physiological,positive
63,5,adjusted_fix_non_flow,1.10377,0,infer,63,physiological,positive
63,6,adjusted_fix_non_flow,0.932572,0,infer,63,physiological,positive
63,7,adjusted_fix_non_flow,1.02222,2,infer,63,physiological,positive
63,8,adjusted_fix_non_flow,0.8415996,0,infer,63,physiological,positive
63,9,adjusted_fix_non_flow,0.97719675,0,infer,63,physiological,positive
63,10,adjusted_fix_non_flow,0.9378979333333334,1,infer,63,physiological,positive
63,11,adjusted_fix_non_flow,0.8752138,0,infer,63,physiological,positive
63,12,adjusted_fix_non_flow,1.0821593333333333,0,infer,63,physiological,positive
63,13,adjusted_fix_non_flow,1.22909,0,infer,63,physiological,positive
63,14,adjusted_fix_non_flow,0.7493910833333334,0,infer,63,physiological,positive
63,15,adjusted_fix_non_flow,0.9343831666666668,0,infer,63,physiological,positive
63,16,adjusted_fix_non_flow,1.0090931666666665,0,infer,63,physiological,positive
63,17,adjusted_fix_non_flow,1.0076465,0,infer,63,physiological,positive
63,18,adjusted_fix_non_flow,0.7839175,0,infer,63,physiological,positive
63,19,adjusted_fix_non_flow,0.850059,0,infer,63,physiological,positive
63,20,adjusted_fix_non_flow,1.04762,0,infer,63,physiological,positive
63,21,adjusted_fix_non_flow,1.000455375,0,infer,63,physiological,positive
63,22,adjusted_fix_non_flow,0.97654725,0,infer,63,physiological,positive
63,23,adjusted_fix_non_flow,1.580765,0,infer,63,physiological,positive
63,24,adjusted_fix_non_flow,1.091175,0,infer,63,physiological,positive
63,25,adjusted_fix_non_flow,0.8901805,0,infer,63,physiological,positive
63,26,adjusted_fix_non_flow,0.8911195,0,infer,63,physiological,positive
63,27,adjusted_fix_non_flow,1.151316,0,infer,63,physiological,positive
63,28,adjusted_fix_non_flow,1.05973,0,infer,63,physiological,positive
63,29,adjusted_fix_non_flow,0.9845515,0,infer,63,physiological,positive
63,30,adjusted_fix_non_flow,0.775632375,0,infer,63,physiological,positive
63,31,adjusted_fix_non_flow,0.984001125,0,infer,63,physiological,positive
63,32,adjusted_fix_non_flow,0.8822336249999999,0,infer,63,physiological,positive
63,33,adjusted_fix_non_flow,1.2104448888888888,0,infer,63,physiological,positive
63,34,adjusted_fix_non_flow,1.1129104285714284,0,infer,63,physiological,positive
63,35,adjusted_fix_non_flow,0.90777625,0,infer,63,physiological,positive
63,36,adjusted_fix_non_flow,0.8970391666666666,0,infer,63,physiological,positive
63,37,adjusted_fix_non_flow,0.9867467142857144,0,infer,63,physiological,positive
63,38,adjusted_fix_non_flow,1.014098142857143,0,infer,63,physiological,positive
63,39,adjusted_fix_non_flow,0.0,0,infer,63,physiological,positive
63,40,adjusted_fix_non_flow,0.0,0,infer,63,physiological,positive
63,41,adjusted_fix_non_flow,0.0,0,infer,63,physiological,positive
63,42,adjusted_fix_non_flow,0.0,0,infer,63,physiological,positive
63,43,adjusted_fix_non_flow,0.0,0,infer,63,physiological,positive
63,44,adjusted_fix_non_flow,0.0,0,infer,63,physiological,positive
63,45,adjusted_fix_non_flow,0.0,0,infer,63,physiological,positive
63,46,adjusted_fix_non_flow,0.0,0,infer,63,physiological,positive
63,47,adjusted_fix_non_flow,0.0,0,infer,63,physiological,positive
63,48,adjusted_fix_non_flow,0.0,0,infer,63,physiological,positive
63,49,adjusted_fix_non_flow,0.0,0,infer,63,physiological,positive
63,50,adjusted_fix_non_flow,0.0,0,infer,63,physiological,positive
63,51,adjusted_fix_non_flow,0.0,0,infer,63,physiological,positive
63,52,adjusted_fix_non_flow,0.0,0,infer,63,physiological,positive
63,53,adjusted_fix_non_flow,0.0,0,infer,63,physiological,positive
63,54,adjusted_fix_non_flow,0.0,0,infer,63,physiological,positive
63,55,adjusted_fix_non_flow,0.0,0,infer,63,physiological,positive
63,56,adjusted_fix_non_flow,0.0,0,infer,63,physiological,positive
63,57,adjusted_fix_non_flow,0.0,0,infer,63,physiological,positive
63,58,adjusted_fix_non_flow,0.0,0,infer,63,physiological,positive
63,59,adjusted_fix_non_flow,0.0,0,infer,63,physiological,positive
63,60,adjusted_fix_non_flow,0.0,0,infer,63,physiological,positive
63,61,adjusted_fix_non_flow,0.0,0,infer,63,physiological,positive
63,62,adjusted_fix_non_flow,0.0,0,infer,63,physiological,positive
63,63,adjusted_fix_non_flow,0.0,0,infer,63,physiological,positive
63,64,adjusted_fix_non_flow,0.0,0,infer,63,physiological,positive
63,1,adjusted_gaze_call,1.3207982857142857,1,infer,63,physiological,positive
63,2,adjusted_gaze_call,1.3130311666666667,0,infer,63,physiological,positive
63,3,adjusted_gaze_call,0.9968253333333332,0,infer,63,physiological,positive
63,4,adjusted_gaze_call,1.031472,0,infer,63,physiological,positive
63,5,adjusted_gaze_call,1.1174448,0,infer,63,physiological,positive
63,6,adjusted_gaze_call,0.7654860000000001,0,infer,63,physiological,positive
63,7,adjusted_gaze_call,1.4630325000000002,2,infer,63,physiological,positive
63,8,adjusted_gaze_call,1.26103,0,infer,63,physiological,positive
63,9,adjusted_gaze_call,0.9923812,0,infer,63,physiological,positive
63,10,adjusted_gaze_call,1.145975,1,infer,63,physiological,positive
63,11,adjusted_gaze_call,1.0657764,0,infer,63,physiological,positive
63,12,adjusted_gaze_call,1.363254,0,infer,63,physiological,positive
63,13,adjusted_gaze_call,0.7502295000000001,0,infer,63,physiological,positive
63,14,adjusted_gaze_call,1.23122,0,infer,63,physiological,positive
63,15,adjusted_gaze_call,0.7226378333333335,0,infer,63,physiological,positive
63,16,adjusted_gaze_call,1.1199156666666668,0,infer,63,physiological,positive
63,17,adjusted_gaze_call,0.7965374333333334,0,infer,63,physiological,positive
63,18,adjusted_gaze_call,1.49011,0,infer,63,physiological,positive
63,19,adjusted_gaze_call,1.1109274999999998,0,infer,63,physiological,positive
63,20,adjusted_gaze_call,1.48593,0,infer,63,physiological,positive
63,21,adjusted_gaze_call,2.22419,0,infer,63,physiological,positive
63,22,adjusted_gaze_call,1.171768,0,infer,63,physiological,positive
63,23,adjusted_gaze_call,0.570859375,0,infer,63,physiological,positive
63,24,adjusted_gaze_call,1.9959475,0,infer,63,physiological,positive
63,25,adjusted_gaze_call,1.577285,0,infer,63,physiological,positive
63,26,adjusted_gaze_call,1.76128,0,infer,63,physiological,positive
63,27,adjusted_gaze_call,2.319255,0,infer,63,physiological,positive
63,28,adjusted_gaze_call,1.192862,0,infer,63,physiological,positive
63,29,adjusted_gaze_call,0.969181,0,infer,63,physiological,positive
63,30,adjusted_gaze_call,1.1555195,0,infer,63,physiological,positive
63,31,adjusted_gaze_call,0.8852586250000001,0,infer,63,physiological,positive
63,32,adjusted_gaze_call,2.61380875,0,infer,63,physiological,positive
63,33,adjusted_gaze_call,1.329637375,0,infer,63,physiological,positive
63,34,adjusted_gaze_call,1.6969304444444444,0,infer,63,physiological,positive
63,35,adjusted_gaze_call,1.2604557142857142,0,infer,63,physiological,positive
63,36,adjusted_gaze_call,1.387386857142857,0,infer,63,physiological,positive
63,37,adjusted_gaze_call,1.166334625,0,infer,63,physiological,positive
63,38,adjusted_gaze_call,1.15456,0,infer,63,physiological,positive
63,39,adjusted_gaze_call,1.4981557142857145,0,infer,63,physiological,positive
63,40,adjusted_gaze_call,1.1509637142857143,0,infer,63,physiological,positive
63,41,adjusted_gaze_call,0.0,0,infer,63,physiological,positive
63,42,adjusted_gaze_call,0.0,0,infer,63,physiological,positive
63,43,adjusted_gaze_call,0.0,0,infer,63,physiological,positive
63,44,adjusted_gaze_call,0.0,0,infer,63,physiological,positive
63,45,adjusted_gaze_call,0.0,0,infer,63,physiological,positive
63,46,adjusted_gaze_call,0.0,0,infer,63,physiological,positive
63,47,adjusted_gaze_call,0.0,0,infer,63,physiological,positive
63,48,adjusted_gaze_call,0.0,0,infer,63,physiological,positive
63,49,adjusted_gaze_call,0.0,0,infer,63,physiological,positive
63,50,adjusted_gaze_call,0.0,0,infer,63,physiological,positive
63,51,adjusted_gaze_call,0.0,0,infer,63,physiological,positive
63,52,adjusted_gaze_call,0.0,0,infer,63,physiological,positive
63,53,adjusted_gaze_call,0.0,0,infer,63,physiological,positive
63,54,adjusted_gaze_call,0.0,0,infer,63,physiological,positive
63,55,adjusted_gaze_call,0.0,0,infer,63,physiological,positive
63,56,adjusted_gaze_call,0.0,0,infer,63,physiological,positive
63,57,adjusted_gaze_call,0.0,0,infer,63,physiological,positive
63,58,adjusted_gaze_call,0.0,0,infer,63,physiological,positive
63,59,adjusted_gaze_call,0.0,0,infer,63,physiological,positive
63,60,adjusted_gaze_call,0.0,0,infer,63,physiological,positive
63,61,adjusted_gaze_call,0.0,0,infer,63,physiological,positive
63,62,adjusted_gaze_call,0.0,0,infer,63,physiological,positive
63,63,adjusted_gaze_call,0.0,0,infer,63,physiological,positive
63,64,adjusted_gaze_call,0.0,0,infer,63,physiological,positive
63,1,adjusted_gaze_non_call,0.839600857142857,1,infer,63,physiological,positive
63,2,adjusted_gaze_non_call,0.9373936666666666,0,infer,63,physiological,positive
63,3,adjusted_gaze_non_call,1.0035863333333337,0,infer,63,physiological,positive
63,4,adjusted_gaze_non_call,0.979227,0,infer,63,physiological,positive
63,5,adjusted_gaze_non_call,0.942865,0,infer,63,physiological,positive
63,6,adjusted_gaze_non_call,1.031691,0,infer,63,physiological,positive
63,7,adjusted_gaze_non_call,0.4443625,2,infer,63,physiological,positive
63,8,adjusted_gaze_non_call,0.738974,0,infer,63,physiological,positive
63,9,adjusted_gaze_non_call,1.0106646,0,infer,63,physiological,positive
63,10,adjusted_gaze_non_call,0.84543875,1,infer,63,physiological,positive
63,11,adjusted_gaze_non_call,0.9446091333333332,0,infer,63,physiological,positive
63,12,adjusted_gaze_non_call,0.7430656000000001,0,infer,63,physiological,positive
63,13,adjusted_gaze_non_call,1.2664225,0,infer,63,physiological,positive
63,14,adjusted_gaze_non_call,0.867872,0,infer,63,physiological,positive
63,15,adjusted_gaze_non_call,1.1158608333333335,0,infer,63,physiological,positive
63,16,adjusted_gaze_non_call,0.854389,0,infer,63,physiological,positive
63,17,adjusted_gaze_non_call,1.0915588333333333,0,infer,63,physiological,positive
63,18,adjusted_gaze_non_call,0.6707650000000001,0,infer,63,physiological,positive
63,19,adjusted_gaze_non_call,0.9096125,0,infer,63,physiological,positive
63,20,adjusted_gaze_non_call,0.670265,0,infer,63,physiological,positive
63,21,adjusted_gaze_non_call,0.21302,0,infer,63,physiological,positive
63,22,adjusted_gaze_non_call,0.87458125,0,infer,63,physiological,positive
63,23,adjusted_gaze_non_call,1.146536625,0,infer,63,physiological,positive
63,24,adjusted_gaze_non_call,0.61447175,0,infer,63,physiological,positive
63,25,adjusted_gaze_non_call,0.6943794999999999,0,infer,63,physiological,positive
63,26,adjusted_gaze_non_call,0.7281135,0,infer,63,physiological,positive
63,27,adjusted_gaze_non_call,0.72705,0,infer,63,physiological,positive
63,28,adjusted_gaze_non_call,0.78570685,0,infer,63,physiological,positive
63,29,adjusted_gaze_non_call,1.018761,0,infer,63,physiological,positive
63,30,adjusted_gaze_non_call,0.88336025,0,infer,63,physiological,positive
63,31,adjusted_gaze_non_call,1.15035125,0,infer,63,physiological,positive
63,32,adjusted_gaze_non_call,0.6772382499999999,0,infer,63,physiological,positive
63,33,adjusted_gaze_non_call,0.7802422499999999,0,infer,63,physiological,positive
63,34,adjusted_gaze_non_call,0.9502195555555556,0,infer,63,physiological,positive
63,35,adjusted_gaze_non_call,0.8511685714285714,0,infer,63,physiological,positive
63,36,adjusted_gaze_non_call,0.567039,0,infer,63,physiological,positive
63,37,adjusted_gaze_non_call,0.8995065,0,infer,63,physiological,positive
63,38,adjusted_gaze_non_call,0.8754933333333333,0,infer,63,physiological,positive
63,39,adjusted_gaze_non_call,0.6419508571428573,0,infer,63,physiological,positive
63,40,adjusted_gaze_non_call,0.7052595714285713,0,infer,63,physiological,positive
63,41,adjusted_gaze_non_call,0.0,0,infer,63,physiological,positive
63,42,adjusted_gaze_non_call,0.0,0,infer,63,physiological,positive
63,43,adjusted_gaze_non_call,0.0,0,infer,63,physiological,positive
63,44,adjusted_gaze_non_call,0.0,0,infer,63,physiological,positive
63,45,adjusted_gaze_non_call,0.0,0,infer,63,physiological,positive
63,46,adjusted_gaze_non_call,0.0,0,infer,63,physiological,positive
63,47,adjusted_gaze_non_call,0.0,0,infer,63,physiological,positive
63,48,adjusted_gaze_non_call,0.0,0,infer,63,physiological,positive
63,49,adjusted_gaze_non_call,0.0,0,infer,63,physiological,positive
63,50,adjusted_gaze_non_call,0.0,0,infer,63,physiological,positive
63,51,adjusted_gaze_non_call,0.0,0,infer,63,physiological,positive
63,52,adjusted_gaze_non_call,0.0,0,infer,63,physiological,positive
63,53,adjusted_gaze_non_call,0.0,0,infer,63,physiological,positive
63,54,adjusted_gaze_non_call,0.0,0,infer,63,physiological,positive
63,55,adjusted_gaze_non_call,0.0,0,infer,63,physiological,positive
63,56,adjusted_gaze_non_call,0.0,0,infer,63,physiological,positive
63,57,adjusted_gaze_non_call,0.0,0,infer,63,physiological,positive
63,58,adjusted_gaze_non_call,0.0,0,infer,63,physiological,positive
63,59,adjusted_gaze_non_call,0.0,0,infer,63,physiological,positive
63,60,adjusted_gaze_non_call,0.0,0,infer,63,physiological,positive
63,61,adjusted_gaze_non_call,0.0,0,infer,63,physiological,positive
63,62,adjusted_gaze_non_call,0.0,0,infer,63,physiological,positive
63,63,adjusted_gaze_non_call,0.0,0,infer,63,physiological,positive
63,64,adjusted_gaze_non_call,0.0,0,infer,63,physiological,positive
63,1,adjusted_fix_call,1.5315628571428572,1,infer,63,physiological,positive
63,2,adjusted_fix_call,1.3597468333333331,0,infer,63,physiological,positive
63,3,adjusted_fix_call,1.01612,0,infer,63,physiological,positive
63,4,adjusted_fix_call,1.051205,0,infer,63,physiological,positive
63,5,adjusted_fix_call,0.9722538,0,infer,63,physiological,positive
63,6,adjusted_fix_call,0.741572,0,infer,63,physiological,positive
63,7,adjusted_fix_call,1.4210000000000005,2,infer,63,physiological,positive
63,8,adjusted_fix_call,1.13846,0,infer,63,physiological,positive
63,9,adjusted_fix_call,0.9836478,0,infer,63,physiological,positive
63,10,adjusted_fix_call,1.21572,1,infer,63,physiological,positive
63,11,adjusted_fix_call,1.0566778666666667,0,infer,63,physiological,positive
63,12,adjusted_fix_call,1.211518,0,infer,63,physiological,positive
63,13,adjusted_fix_call,0.7976386666666667,0,infer,63,physiological,positive
63,14,adjusted_fix_call,1.2,0,infer,63,physiological,positive
63,15,adjusted_fix_call,0.7751625833333334,0,infer,63,physiological,positive
63,16,adjusted_fix_call,1.103268666666667,0,infer,63,physiological,positive
63,17,adjusted_fix_call,0.681917,0,infer,63,physiological,positive
63,18,adjusted_fix_call,1.398075,0,infer,63,physiological,positive
63,19,adjusted_fix_call,0.976522,0,infer,63,physiological,positive
63,20,adjusted_fix_call,1.39643,0,infer,63,physiological,positive
63,21,adjusted_fix_call,1.94709,0,infer,63,physiological,positive
63,22,adjusted_fix_call,1.12094425,0,infer,63,physiological,positive
63,23,adjusted_fix_call,0.4681375,0,infer,63,physiological,positive
63,24,adjusted_fix_call,2.03806375,0,infer,63,physiological,positive
63,25,adjusted_fix_call,1.87406,0,infer,63,physiological,positive
63,26,adjusted_fix_call,1.49841,0,infer,63,physiological,positive
63,27,adjusted_fix_call,1.957235,0,infer,63,physiological,positive
63,28,adjusted_fix_call,1.152315,0,infer,63,physiological,positive
63,29,adjusted_fix_call,0.820661,0,infer,63,physiological,positive
63,30,adjusted_fix_call,1.2096975,0,infer,63,physiological,positive
63,31,adjusted_fix_call,0.8896772499999999,0,infer,63,physiological,positive
63,32,adjusted_fix_call,2.4722350000000004,0,infer,63,physiological,positive
63,33,adjusted_fix_call,1.42003725,0,infer,63,physiological,positive
63,34,adjusted_fix_call,1.629032222222222,0,infer,63,physiological,positive
63,35,adjusted_fix_call,1.3643342857142855,0,infer,63,physiological,positive
63,36,adjusted_fix_call,1.4093742857142857,0,infer,63,physiological,positive
63,37,adjusted_fix_call,1.124723,0,infer,63,physiological,positive
63,38,adjusted_fix_call,1.1437178333333335,0,infer,63,physiological,positive
63,39,adjusted_fix_call,1.52509,0,infer,63,physiological,positive
63,40,adjusted_fix_call,1.1285195714285714,0,infer,63,physiological,positive
63,41,adjusted_fix_call,0.0,0,infer,63,physiological,positive
63,42,adjusted_fix_call,0.0,0,infer,63,physiological,positive
63,43,adjusted_fix_call,0.0,0,infer,63,physiological,positive
63,44,adjusted_fix_call,0.0,0,infer,63,physiological,positive
63,45,adjusted_fix_call,0.0,0,infer,63,physiological,positive
63,46,adjusted_fix_call,0.0,0,infer,63,physiological,positive
63,47,adjusted_fix_call,0.0,0,infer,63,physiological,positive
63,48,adjusted_fix_call,0.0,0,infer,63,physiological,positive
63,49,adjusted_fix_call,0.0,0,infer,63,physiological,positive
63,50,adjusted_fix_call,0.0,0,infer,63,physiological,positive
63,51,adjusted_fix_call,0.0,0,infer,63,physiological,positive
63,52,adjusted_fix_call,0.0,0,infer,63,physiological,positive
63,53,adjusted_fix_call,0.0,0,infer,63,physiological,positive
63,54,adjusted_fix_call,0.0,0,infer,63,physiological,positive
63,55,adjusted_fix_call,0.0,0,infer,63,physiological,positive
63,56,adjusted_fix_call,0.0,0,infer,63,physiological,positive
63,57,adjusted_fix_call,0.0,0,infer,63,physiological,positive
63,58,adjusted_fix_call,0.0,0,infer,63,physiological,positive
63,59,adjusted_fix_call,0.0,0,infer,63,physiological,positive
63,60,adjusted_fix_call,0.0,0,infer,63,physiological,positive
63,61,adjusted_fix_call,0.0,0,infer,63,physiological,positive
63,62,adjusted_fix_call,0.0,0,infer,63,physiological,positive
63,63,adjusted_fix_call,0.0,0,infer,63,physiological,positive
63,64,adjusted_fix_call,0.0,0,infer,63,physiological,positive
63,1,adjusted_fix_non_call,0.7342182857142856,1,infer,63,physiological,positive
63,2,adjusted_fix_non_call,0.928051,0,infer,63,physiological,positive
63,3,adjusted_fix_non_call,0.9817771666666668,0,infer,63,physiological,positive
63,4,adjusted_fix_non_call,0.966205,0,infer,63,physiological,positive
63,5,adjusted_fix_non_call,1.0134994,0,infer,63,physiological,positive
63,6,adjusted_fix_non_call,1.0349243333333331,0,infer,63,physiological,positive
63,7,adjusted_fix_non_call,0.4948025,2,infer,63,physiological,positive
63,8,adjusted_fix_non_call,0.861538,0,infer,63,physiological,positive
63,9,adjusted_fix_non_call,1.0228922,0,infer,63,physiological,positive
63,10,adjusted_fix_non_call,0.7715924999999999,1,infer,63,physiological,positive
63,11,adjusted_fix_non_call,0.9522716666666668,0,infer,63,physiological,positive
63,12,adjusted_fix_non_call,0.8503906000000001,0,infer,63,physiological,positive
63,13,adjusted_fix_non_call,1.2158498333333332,0,infer,63,physiological,positive
63,14,adjusted_fix_non_call,0.885714,0,infer,63,physiological,positive
63,15,adjusted_fix_non_call,1.093919,0,infer,63,physiological,positive
63,16,adjusted_fix_non_call,0.8746015000000001,0,infer,63,physiological,positive
63,17,adjusted_fix_non_call,1.1431371666666668,0,infer,63,physiological,positive
63,18,adjusted_fix_non_call,0.732591,0,infer,63,physiological,positive
63,19,adjusted_fix_non_call,1.0191305000000002,0,infer,63,physiological,positive
63,20,adjusted_fix_non_call,0.730991,0,infer,63,physiological,positive
63,21,adjusted_fix_non_call,0.391156,0,infer,63,physiological,positive
63,22,adjusted_fix_non_call,0.911691625,0,infer,63,physiological,positive
63,23,adjusted_fix_non_call,1.181611875,0,infer,63,physiological,positive
63,24,adjusted_fix_non_call,0.598169,0,infer,63,physiological,positive
63,25,adjusted_fix_non_call,0.5372645,0,infer,63,physiological,positive
63,26,adjusted_fix_non_call,0.8219965,0,infer,63,physiological,positive
63,27,adjusted_fix_non_call,0.801951,0,infer,63,physiological,positive
63,28,adjusted_fix_non_call,0.83075965,0,infer,63,physiological,positive
63,29,adjusted_fix_non_call,1.109165,0,infer,63,physiological,positive
63,30,adjusted_fix_non_call,0.8427250000000001,0,infer,63,physiological,positive
63,31,adjusted_fix_non_call,1.1445605,0,infer,63,physiological,positive
63,32,adjusted_fix_non_call,0.70555325,0,infer,63,physiological,positive
63,33,adjusted_fix_non_call,0.71997575,0,infer,63,physiological,positive
63,34,adjusted_fix_non_call,0.9550685555555556,0,infer,63,physiological,positive
63,35,adjusted_fix_non_call,0.7918085714285714,0,infer,63,physiological,positive
63,36,adjusted_fix_non_call,0.5424632857142857,0,infer,63,physiological,positive
63,37,adjusted_fix_non_call,0.92464825,0,infer,63,physiological,positive
63,38,adjusted_fix_non_call,0.8842275,0,infer,63,physiological,positive
63,39,adjusted_fix_non_call,0.6225907142857142,0,infer,63,physiological,positive
63,40,adjusted_fix_non_call,0.7490825714285714,0,infer,63,physiological,positive
63,41,adjusted_fix_non_call,0.0,0,infer,63,physiological,positive
63,42,adjusted_fix_non_call,0.0,0,infer,63,physiological,positive
63,43,adjusted_fix_non_call,0.0,0,infer,63,physiological,positive
63,44,adjusted_fix_non_call,0.0,0,infer,63,physiological,positive
63,45,adjusted_fix_non_call,0.0,0,infer,63,physiological,positive
63,46,adjusted_fix_non_call,0.0,0,infer,63,physiological,positive
63,47,adjusted_fix_non_call,0.0,0,infer,63,physiological,positive
63,48,adjusted_fix_non_call,0.0,0,infer,63,physiological,positive
63,49,adjusted_fix_non_call,0.0,0,infer,63,physiological,positive
63,50,adjusted_fix_non_call,0.0,0,infer,63,physiological,positive
63,51,adjusted_fix_non_call,0.0,0,infer,63,physiological,positive
63,52,adjusted_fix_non_call,0.0,0,infer,63,physiological,positive
63,53,adjusted_fix_non_call,0.0,0,infer,63,physiological,positive
63,54,adjusted_fix_non_call,0.0,0,infer,63,physiological,positive
63,55,adjusted_fix_non_call,0.0,0,infer,63,physiological,positive
63,56,adjusted_fix_non_call,0.0,0,infer,63,physiological,positive
63,57,adjusted_fix_non_call,0.0,0,infer,63,physiological,positive
63,58,adjusted_fix_non_call,0.0,0,infer,63,physiological,positive
63,59,adjusted_fix_non_call,0.0,0,infer,63,physiological,positive
63,60,adjusted_fix_non_call,0.0,0,infer,63,physiological,positive
63,61,adjusted_fix_non_call,0.0,0,infer,63,physiological,positive
63,62,adjusted_fix_non_call,0.0,0,infer,63,physiological,positive
63,63,adjusted_fix_non_call,0.0,0,infer,63,physiological,positive
63,64,adjusted_fix_non_call,0.0,0,infer,63,physiological,positive
9_gc,1,gap_accuracy,0.3958333333333333,0,infer,9_gc,correctness,negative
9_gc,2,gap_accuracy,0.2740740740740741,0,infer,9_gc,correctness,negative
9_gc,3,gap_accuracy,0.5,0,infer,9_gc,correctness,negative
9_gc,4,gap_accuracy,0.5238095238095238,0,infer,9_gc,correctness,negative
9_gc,5,gap_accuracy,0.4830917874396134,0,infer,9_gc,correctness,negative
9_gc,6,gap_accuracy,0.4021164021164021,0,infer,9_gc,correctness,negative
9_gc,7,gap_accuracy,0.369047619047619,0,infer,9_gc,correctness,negative
9_gc,8,gap_accuracy,0.3666666666666667,0,infer,9_gc,correctness,negative
9_gc,9,gap_accuracy,0.4682539682539682,0,infer,9_gc,correctness,negative
9_gc,10,gap_accuracy,0.5253623188405797,0,infer,9_gc,correctness,negative
9_gc,1,readability_level_before,2.8125,0,infer,9_gc,rating,negative
9_gc,2,readability_level_before,2.6,0,infer,9_gc,rating,negative
9_gc,3,readability_level_before,2.6,0,infer,9_gc,rating,negative
9_gc,4,readability_level_before,2.4285714285714284,0,infer,9_gc,rating,negative
9_gc,5,readability_level_before,3.347826086956522,0,infer,9_gc,rating,negative
9_gc,6,readability_level_before,3.0,0,infer,9_gc,rating,negative
9_gc,7,readability_level_before,2.7857142857142856,0,infer,9_gc,rating,negative
9_gc,8,readability_level_before,2.933333333333333,0,infer,9_gc,rating,negative
9_gc,9,readability_level_before,3.380952380952381,0,infer,9_gc,rating,negative
9_gc,10,readability_level_before,3.130434782608696,0,infer,9_gc,rating,negative
9_gc,1,readability_level_ba,2.59375,0,infer,9_gc,rating,negative
9_gc,2,readability_level_ba,2.433333333333333,0,infer,9_gc,rating,negative
9_gc,3,readability_level_ba,2.566666666666667,0,infer,9_gc,rating,negative
9_gc,4,readability_level_ba,2.5,0,infer,9_gc,rating,negative
9_gc,5,readability_level_ba,3.1739130434782608,0,infer,9_gc,rating,negative
9_gc,6,readability_level_ba,2.9285714285714284,0,infer,9_gc,rating,negative
9_gc,7,readability_level_ba,2.5357142857142856,0,infer,9_gc,rating,negative
9_gc,8,readability_level_ba,2.9,0,infer,9_gc,rating,negative
9_gc,9,readability_level_ba,3.380952380952381,0,infer,9_gc,rating,negative
9_gc,10,readability_level_ba,3.065217391304348,0,infer,9_gc,rating,negative
9_gc,1,time_to_read_complete,137.36374999999998,0,infer,9_gc,time,positive
9_gc,2,time_to_read_complete,123.19,0,infer,9_gc,time,positive
9_gc,3,time_to_read_complete,212.6206666666667,0,infer,9_gc,time,positive
9_gc,4,time_to_read_complete,202.57285714285717,0,infer,9_gc,time,positive
9_gc,5,time_to_read_complete,165.18,0,infer,9_gc,time,positive
9_gc,6,time_to_read_complete,197.07452380952375,0,infer,9_gc,time,positive
9_gc,7,time_to_read_complete,123.02642857142855,0,infer,9_gc,time,positive
9_gc,8,time_to_read_complete,533.914,0,infer,9_gc,time,positive
9_gc,9,time_to_read_complete,126.68928571428567,0,infer,9_gc,time,positive
9_gc,10,time_to_read_complete,124.6817391304348,0,infer,9_gc,time,positive
9_bc,1,gap_accuracy,0.3840579710144927,0,infer,9_bc,correctness,negative
9_bc,2,gap_accuracy,0.4074074074074074,0,infer,9_bc,correctness,negative
9_bc,3,gap_accuracy,0.611111111111111,0,infer,9_bc,correctness,negative
9_bc,4,gap_accuracy,0.5052083333333334,0,infer,9_bc,correctness,negative
9_bc,5,gap_accuracy,0.4126984126984127,0,infer,9_bc,correctness,negative
9_bc,6,gap_accuracy,0.3703703703703703,0,infer,9_bc,correctness,negative
9_bc,7,gap_accuracy,0.4895833333333333,0,infer,9_bc,correctness,negative
9_bc,8,gap_accuracy,0.4444444444444445,0,infer,9_bc,correctness,negative
9_bc,9,gap_accuracy,0.3666666666666666,0,infer,9_bc,correctness,negative
9_bc,10,gap_accuracy,0.3928571428571428,0,infer,9_bc,correctness,negative
9_bc,1,readability_level_before,2.739130434782609,0,infer,9_bc,rating,negative
9_bc,2,readability_level_before,3.0,0,infer,9_bc,rating,negative
9_bc,3,readability_level_before,2.6,0,infer,9_bc,rating,negative
9_bc,4,readability_level_before,2.0,0,infer,9_bc,rating,negative
9_bc,5,readability_level_before,2.642857142857143,0,infer,9_bc,rating,negative
9_bc,6,readability_level_before,2.333333333333333,0,infer,9_bc,rating,negative
9_bc,7,readability_level_before,2.9375,0,infer,9_bc,rating,negative
9_bc,8,readability_level_before,3.0,0,infer,9_bc,rating,negative
9_bc,9,readability_level_before,2.4,0,infer,9_bc,rating,negative
9_bc,10,readability_level_before,2.9285714285714284,0,infer,9_bc,rating,negative
9_bc,1,readability_level_ba,2.717391304347826,0,infer,9_bc,rating,negative
9_bc,2,readability_level_ba,2.857142857142857,0,infer,9_bc,rating,negative
9_bc,3,readability_level_ba,2.533333333333333,0,infer,9_bc,rating,negative
9_bc,4,readability_level_ba,1.96875,0,infer,9_bc,rating,negative
9_bc,5,readability_level_ba,2.4642857142857144,0,infer,9_bc,rating,negative
9_bc,6,readability_level_ba,2.1,0,infer,9_bc,rating,negative
9_bc,7,readability_level_ba,2.8125,0,infer,9_bc,rating,negative
9_bc,8,readability_level_ba,2.9,0,infer,9_bc,rating,negative
9_bc,9,readability_level_ba,2.5,0,infer,9_bc,rating,negative
9_bc,10,readability_level_ba,2.75,0,infer,9_bc,rating,negative
9_bc,1,time_to_read_complete,143.56804347826088,0,infer,9_bc,time,positive
9_bc,2,time_to_read_complete,134.24785714285716,0,infer,9_bc,time,positive
9_bc,3,time_to_read_complete,161.128,0,infer,9_bc,time,positive
9_bc,4,time_to_read_complete,188.781875,0,infer,9_bc,time,positive
9_bc,5,time_to_read_complete,184.0017857142857,0,infer,9_bc,time,positive
9_bc,6,time_to_read_complete,224.497,0,infer,9_bc,time,positive
9_bc,7,time_to_read_complete,106.005625,0,infer,9_bc,time,positive
9_bc,8,time_to_read_complete,111.08466666666664,0,infer,9_bc,time,positive
9_bc,9,time_to_read_complete,102.94033333333331,0,infer,9_bc,time,positive
9_bc,10,time_to_read_complete,200.44,0,infer,9_bc,time,positive
9_nc,1,gap_accuracy,0.380952380952381,0,infer,9_nc,correctness,negative
9_nc,2,gap_accuracy,0.3259259259259259,0,infer,9_nc,correctness,negative
9_nc,3,gap_accuracy,0.6507936507936508,0,infer,9_nc,correctness,negative
9_nc,4,gap_accuracy,0.5253623188405797,0,infer,9_nc,correctness,negative
9_nc,5,gap_accuracy,0.4583333333333333,0,infer,9_nc,correctness,negative
9_nc,6,gap_accuracy,0.2814814814814814,0,infer,9_nc,correctness,negative
9_nc,7,gap_accuracy,0.4347826086956521,0,infer,9_nc,correctness,negative
9_nc,8,gap_accuracy,0.5158730158730158,0,infer,9_nc,correctness,negative
9_nc,9,gap_accuracy,0.2777777777777778,0,infer,9_nc,correctness,negative
9_nc,10,gap_accuracy,0.4635416666666667,0,infer,9_nc,correctness,negative
9_nc,1,readability_level_before,2.7142857142857144,0,infer,9_nc,rating,negative
9_nc,2,readability_level_before,2.466666666666667,0,infer,9_nc,rating,negative
9_nc,3,readability_level_before,2.2857142857142856,0,infer,9_nc,rating,negative
9_nc,4,readability_level_before,2.347826086956522,0,infer,9_nc,rating,negative
9_nc,5,readability_level_before,2.25,0,infer,9_nc,rating,negative
9_nc,6,readability_level_before,2.7333333333333334,0,infer,9_nc,rating,negative
9_nc,7,readability_level_before,2.3043478260869565,0,infer,9_nc,rating,negative
9_nc,8,readability_level_before,2.6666666666666665,0,infer,9_nc,rating,negative
9_nc,9,readability_level_before,2.933333333333333,0,infer,9_nc,rating,negative
9_nc,10,readability_level_before,2.75,0,infer,9_nc,rating,negative
9_nc,1,readability_level_ba,2.642857142857143,0,infer,9_nc,rating,negative
9_nc,2,readability_level_ba,2.333333333333333,0,infer,9_nc,rating,negative
9_nc,3,readability_level_ba,2.261904761904762,0,infer,9_nc,rating,negative
9_nc,4,readability_level_ba,2.3043478260869565,0,infer,9_nc,rating,negative
9_nc,5,readability_level_ba,2.25,0,infer,9_nc,rating,negative
9_nc,6,readability_level_ba,2.533333333333333,0,infer,9_nc,rating,negative
9_nc,7,readability_level_ba,2.1956521739130435,0,infer,9_nc,rating,negative
9_nc,8,readability_level_ba,2.571428571428572,0,infer,9_nc,rating,negative
9_nc,9,readability_level_ba,2.966666666666667,0,infer,9_nc,rating,negative
9_nc,10,readability_level_ba,2.65625,0,infer,9_nc,rating,negative
9_nc,1,time_to_read_complete,97.71571428571428,0,infer,9_nc,time,positive
9_nc,2,time_to_read_complete,131.76166666666668,0,infer,9_nc,time,positive
9_nc,3,time_to_read_complete,180.75071428571428,0,infer,9_nc,time,positive
9_nc,4,time_to_read_complete,191.89021739130436,0,infer,9_nc,time,positive
9_nc,5,time_to_read_complete,155.11781249999996,0,infer,9_nc,time,positive
9_nc,6,time_to_read_complete,114.97499999999998,0,infer,9_nc,time,positive
9_nc,7,time_to_read_complete,166.80847826086958,0,infer,9_nc,time,positive
9_nc,8,time_to_read_complete,134.88285714285712,0,infer,9_nc,time,positive
9_nc,9,time_to_read_complete,81.70666666666666,0,infer,9_nc,time,positive
9_nc,10,time_to_read_complete,115.8690625,0,infer,9_nc,time,positive
f,1,perc_correct_output,39.47368421052632,1,infer,f,correctness,negative
f,2,perc_correct_output,89.47368421052632,0,infer,f,correctness,negative
f,3,perc_correct_output,78.94736842105263,0,infer,f,correctness,negative
f,4,perc_correct_output,47.368421052631575,0,infer,f,correctness,negative
f,5,perc_correct_output,52.63157894736842,0,infer,f,correctness,negative
f,6,perc_correct_output,100.0,0,infer,f,correctness,negative
f,7,perc_correct_output,78.94736842105263,0,infer,f,correctness,negative
f,8,perc_correct_output,61.11111111111112,0,infer,f,correctness,negative
f,9,perc_correct_output,66.66666666666666,0,infer,f,correctness,negative
f,10,perc_correct_output,88.88888888888889,0,infer,f,correctness,negative
f,11,perc_correct_output,94.73684210526316,0,infer,f,correctness,negative
f,12,perc_correct_output,84.21052631578947,0,infer,f,correctness,negative
f,13,perc_correct_output,78.94736842105263,0,infer,f,correctness,negative
f,14,perc_correct_output,68.42105263157895,0,infer,f,correctness,negative
f,15,perc_correct_output,18.0,0,infer,f,correctness,negative
f,16,perc_correct_output,0.0,0,infer,f,correctness,negative
f,1,brain_deact_31,-2.248355733,1,infer,f,physiological,negative
f,2,brain_deact_31,-2.137145163,0,infer,f,physiological,negative
f,3,brain_deact_31,-1.921303548,0,infer,f,physiological,negative
f,4,brain_deact_31,-1.831843539,0,infer,f,physiological,negative
f,5,brain_deact_31,-1.93865049,0,infer,f,physiological,negative
f,6,brain_deact_31,-2.063537981,0,infer,f,physiological,negative
f,7,brain_deact_31,-1.730000171,0,infer,f,physiological,negative
f,8,brain_deact_31,-2.103988089,0,infer,f,physiological,negative
f,9,brain_deact_31,-2.034462625,0,infer,f,physiological,negative
f,10,brain_deact_31,-2.180495768,0,infer,f,physiological,negative
f,11,brain_deact_31,-1.936397923,0,infer,f,physiological,negative
f,12,brain_deact_31,-1.545885531,0,infer,f,physiological,negative
f,13,brain_deact_31,-1.835985696,0,infer,f,physiological,negative
f,14,brain_deact_31,-1.897029609,0,infer,f,physiological,negative
f,15,brain_deact_31,-2.115286243,0,infer,f,physiological,negative
f,16,brain_deact_31,-1.729084884,0,infer,f,physiological,negative
f,1,brain_deact_32,-1.774586165,1,infer,f,physiological,negative
f,2,brain_deact_32,-1.91559082,0,infer,f,physiological,negative
f,3,brain_deact_32,-1.495832442,0,infer,f,physiological,negative
f,4,brain_deact_32,-1.46374886,0,infer,f,physiological,negative
f,5,brain_deact_32,-1.526649428,0,infer,f,physiological,negative
f,6,brain_deact_32,-1.848531743,0,infer,f,physiological,negative
f,7,brain_deact_32,-1.236600384,0,infer,f,physiological,negative
f,8,brain_deact_32,-1.565782627,0,infer,f,physiological,negative
f,9,brain_deact_32,-1.699418305,0,infer,f,physiological,negative
f,10,brain_deact_32,-1.907988566,0,infer,f,physiological,negative
f,11,brain_deact_32,-1.45635117,0,infer,f,physiological,negative
f,12,brain_deact_32,-1.37916458,0,infer,f,physiological,negative
f,13,brain_deact_32,-1.458877878,0,infer,f,physiological,negative
f,14,brain_deact_32,-1.6700936,0,infer,f,physiological,negative
f,15,brain_deact_32,-1.820133117,0,infer,f,physiological,negative
f,16,brain_deact_32,-1.241652874,0,infer,f,physiological,negative
f,1,complexity_level,46.6,1,infer,f,rating,positive
f,2,complexity_level,73.73684210526316,0,infer,f,rating,positive
f,3,complexity_level,38.578947368421055,0,infer,f,rating,positive
f,4,complexity_level,25.88888888888889,0,infer,f,rating,positive
f,5,complexity_level,61.42105263157895,0,infer,f,rating,positive
f,6,complexity_level,74.57894736842105,0,infer,f,rating,positive
f,7,complexity_level,0.0,0,infer,f,rating,positive
f,8,complexity_level,44.73684210526316,0,infer,f,rating,positive
f,9,complexity_level,45.44444444444444,0,infer,f,rating,positive
f,10,complexity_level,57.5,0,infer,f,rating,positive
f,11,complexity_level,33.31578947368421,0,infer,f,rating,positive
f,12,complexity_level,25.944444444444443,0,infer,f,rating,positive
f,13,complexity_level,47.22222222222222,0,infer,f,rating,positive
f,14,complexity_level,44.44444444444444,0,infer,f,rating,positive
f,15,complexity_level,47.22222222222222,0,infer,f,rating,positive
f,16,complexity_level,150.0,0,infer,f,rating,positive
f,1,time_to_understand,48.275447368421055,1,infer,f,time,positive
f,2,time_to_understand,30.38747368421053,0,infer,f,time,positive
f,3,time_to_understand,41.40668421052632,0,infer,f,time,positive
f,4,time_to_understand,50.024,0,infer,f,time,positive
f,5,time_to_understand,45.99226315789474,0,infer,f,time,positive
f,6,time_to_understand,21.517,0,infer,f,time,positive
f,7,time_to_understand,38.38831578947369,0,infer,f,time,positive
f,8,time_to_understand,43.33011111111111,0,infer,f,time,positive
f,9,time_to_understand,42.33516666666665,0,infer,f,time,positive
f,10,time_to_understand,27.647555555555552,0,infer,f,time,positive
f,11,time_to_understand,22.280263157894737,0,infer,f,time,positive
f,12,time_to_understand,35.582526315789465,0,infer,f,time,positive
f,13,time_to_understand,33.25842105263157,0,infer,f,time,positive
f,14,time_to_understand,40.122473684210526,0,infer,f,time,positive
f,15,time_to_understand,445.544,0,infer,f,time,positive
f,16,time_to_understand,0.0,0,infer,f,time,positive
1,1,correct_output_rating,1.2195121951219512,1,openjml,1,correctness,negative
1,2,correct_output_rating,1.951219512195122,1,openjml,1,correctness,negative
1,3,correct_output_rating,1.4878048780487805,1,openjml,1,correctness,negative
1,4,correct_output_rating,1.4878048780487805,3,openjml,1,correctness,negative
1,5,correct_output_rating,1.4390243902439024,4,openjml,1,correctness,negative
1,6,correct_output_rating,1.7804878048780488,2,openjml,1,correctness,negative
1,7,correct_output_rating,1.804878048780488,1,openjml,1,correctness,negative
1,8,correct_output_rating,1.4634146341463414,2,openjml,1,correctness,negative
1,9,correct_output_rating,1.853658536585366,1,openjml,1,correctness,negative
1,10,correct_output_rating,1.8780487804878048,0,openjml,1,correctness,negative
1,11,correct_output_rating,1.6341463414634143,1,openjml,1,correctness,negative
1,12,correct_output_rating,1.853658536585366,0,openjml,1,correctness,negative
1,13,correct_output_rating,2.0,0,openjml,1,correctness,negative
1,14,correct_output_rating,1.902439024390244,0,openjml,1,correctness,negative
1,15,correct_output_rating,0.7804878048780488,0,openjml,1,correctness,negative
1,16,correct_output_rating,1.951219512195122,0,openjml,1,correctness,negative
1,17,correct_output_rating,1.6585365853658536,0,openjml,1,correctness,negative
1,18,correct_output_rating,1.3902439024390243,2,openjml,1,correctness,negative
1,19,correct_output_rating,1.3902439024390243,2,openjml,1,correctness,negative
1,20,correct_output_rating,1.3902439024390243,0,openjml,1,correctness,negative
1,21,correct_output_rating,1.3902439024390243,5,openjml,1,correctness,negative
1,22,correct_output_rating,1.3902439024390243,0,openjml,1,correctness,negative
1,23,correct_output_rating,1.829268292682927,3,openjml,1,correctness,negative
1,1,output_difficulty,3.1707317073170733,1,openjml,1,rating,negative
1,2,output_difficulty,2.975609756097561,1,openjml,1,rating,negative
1,3,output_difficulty,2.3902439024390243,1,openjml,1,rating,negative
1,4,output_difficulty,2.414634146341464,3,openjml,1,rating,negative
1,5,output_difficulty,1.975609756097561,4,openjml,1,rating,negative
1,6,output_difficulty,3.1219512195121952,2,openjml,1,rating,negative
1,7,output_difficulty,3.2195121951219514,1,openjml,1,rating,negative
1,8,output_difficulty,2.3902439024390243,2,openjml,1,rating,negative
1,9,output_difficulty,3.1707317073170733,1,openjml,1,rating,negative
1,10,output_difficulty,3.634146341463415,0,openjml,1,rating,negative
1,11,output_difficulty,3.097560975609756,1,openjml,1,rating,negative
1,12,output_difficulty,3.341463414634146,0,openjml,1,rating,negative
1,13,output_difficulty,3.731707317073171,0,openjml,1,rating,negative
1,14,output_difficulty,3.4878048780487805,0,openjml,1,rating,negative
1,15,output_difficulty,1.0731707317073171,0,openjml,1,rating,negative
1,16,output_difficulty,3.7804878048780486,0,openjml,1,rating,negative
1,17,output_difficulty,3.048780487804878,0,openjml,1,rating,negative
1,18,output_difficulty,2.317073170731707,2,openjml,1,rating,negative
1,19,output_difficulty,1.902439024390244,2,openjml,1,rating,negative
1,20,output_difficulty,3.1951219512195124,0,openjml,1,rating,negative
1,21,output_difficulty,2.4878048780487805,5,openjml,1,rating,negative
1,22,output_difficulty,2.3902439024390243,0,openjml,1,rating,negative
1,23,output_difficulty,3.414634146341464,3,openjml,1,rating,negative
1,1,time_to_give_output,68.01441463414633,1,openjml,1,time,positive
1,2,time_to_give_output,100.26741463414632,1,openjml,1,time,positive
1,3,time_to_give_output,132.46873170731706,1,openjml,1,time,positive
1,4,time_to_give_output,154.64156097560976,3,openjml,1,time,positive
1,5,time_to_give_output,211.48453658536584,4,openjml,1,time,positive
1,6,time_to_give_output,70.5109512195122,2,openjml,1,time,positive
1,7,time_to_give_output,66.04860975609758,1,openjml,1,time,positive
1,8,time_to_give_output,104.82602439024387,2,openjml,1,time,positive
1,9,time_to_give_output,65.42085365853657,1,openjml,1,time,positive
1,10,time_to_give_output,42.58580487804878,0,openjml,1,time,positive
1,11,time_to_give_output,65.47378048780489,1,openjml,1,time,positive
1,12,time_to_give_output,59.81002439024391,0,openjml,1,time,positive
1,13,time_to_give_output,37.42529268292683,0,openjml,1,time,positive
1,14,time_to_give_output,48.39470731707317,0,openjml,1,time,positive
1,15,time_to_give_output,355.3091707317073,0,openjml,1,time,positive
1,16,time_to_give_output,20.50239024390244,0,openjml,1,time,positive
1,17,time_to_give_output,99.98841463414637,0,openjml,1,time,positive
1,18,time_to_give_output,132.07892682926828,2,openjml,1,time,positive
1,19,time_to_give_output,145.2398292682927,2,openjml,1,time,positive
1,20,time_to_give_output,80.62182926829269,0,openjml,1,time,positive
1,21,time_to_give_output,89.93921951219512,5,openjml,1,time,positive
1,22,time_to_give_output,86.29456097560976,0,openjml,1,time,positive
1,23,time_to_give_output,54.50070731707317,3,openjml,1,time,positive
2,1,brain_deact_31ant,-0.456862813,1,openjml,2,physiological,negative
2,2,brain_deact_31ant,-0.627872625,1,openjml,2,physiological,negative
2,3,brain_deact_31ant,-0.569892688,1,openjml,2,physiological,negative
2,4,brain_deact_31ant,-0.724818625,2,openjml,2,physiological,negative
2,5,brain_deact_31ant,-0.461402625,0,openjml,2,physiological,negative
2,6,brain_deact_31ant,-0.573933125,1,openjml,2,physiological,negative
2,7,brain_deact_31ant,-0.400142063,0,openjml,2,physiological,negative
2,8,brain_deact_31ant,-0.6289035,0,openjml,2,physiological,negative
2,9,brain_deact_31ant,-0.512648188,0,openjml,2,physiological,negative
2,10,brain_deact_31ant,-0.8140095,0,openjml,2,physiological,negative
2,11,brain_deact_31ant,-0.799689,5,openjml,2,physiological,negative
2,12,brain_deact_31ant,-0.754594875,0,openjml,2,physiological,negative
2,1,brain_deact_31post,-0.680167625,1,openjml,2,physiological,negative
2,2,brain_deact_31post,-0.58754025,1,openjml,2,physiological,negative
2,3,brain_deact_31post,-0.484311125,1,openjml,2,physiological,negative
2,4,brain_deact_31post,-0.755176125,2,openjml,2,physiological,negative
2,5,brain_deact_31post,-0.504249125,0,openjml,2,physiological,negative
2,6,brain_deact_31post,-0.531375313,1,openjml,2,physiological,negative
2,7,brain_deact_31post,-0.452398375,0,openjml,2,physiological,negative
2,8,brain_deact_31post,-0.787476813,0,openjml,2,physiological,negative
2,9,brain_deact_31post,-0.474544625,0,openjml,2,physiological,negative
2,10,brain_deact_31post,-0.827268563,0,openjml,2,physiological,negative
2,11,brain_deact_31post,-0.825552875,5,openjml,2,physiological,negative
2,12,brain_deact_31post,-0.743071875,0,openjml,2,physiological,negative
2,1,brain_deact_32,-0.567438063,1,openjml,2,physiological,negative
2,2,brain_deact_32,-0.760412688,1,openjml,2,physiological,negative
2,3,brain_deact_32,-0.80337975,1,openjml,2,physiological,negative
2,4,brain_deact_32,-0.853813313,2,openjml,2,physiological,negative
2,5,brain_deact_32,-0.534999375,0,openjml,2,physiological,negative
2,6,brain_deact_32,-0.833937188,1,openjml,2,physiological,negative
2,7,brain_deact_32,-0.44148875,0,openjml,2,physiological,negative
2,8,brain_deact_32,-0.687596375,0,openjml,2,physiological,negative
2,9,brain_deact_32,-0.513088813,0,openjml,2,physiological,negative
2,10,brain_deact_32,-1.045516125,0,openjml,2,physiological,negative
2,11,brain_deact_32,-1.065309875,5,openjml,2,physiological,negative
2,12,brain_deact_32,-0.810991375,0,openjml,2,physiological,negative
2,1,time_to_understand,277998.6875,1,openjml,2,time,positive
2,2,time_to_understand,379138.5,1,openjml,2,time,positive
2,3,time_to_understand,282050.625,1,openjml,2,time,positive
2,4,time_to_understand,328751.1875,2,openjml,2,time,positive
2,5,time_to_understand,228106.875,0,openjml,2,time,positive
2,6,time_to_understand,256201.1875,1,openjml,2,time,positive
2,7,time_to_understand,173291.875,0,openjml,2,time,positive
2,8,time_to_understand,253121.6875,0,openjml,2,time,positive
2,9,time_to_understand,368599.625,0,openjml,2,time,positive
2,10,time_to_understand,288200.0,0,openjml,2,time,positive
2,11,time_to_understand,513357.5625,5,openjml,2,time,positive
2,12,time_to_understand,432204.875,0,openjml,2,time,positive
3,1,readability_level,2.99,0,openjml,3,rating,negative
3,2,readability_level,3.74,2,openjml,3,rating,negative
3,3,readability_level,2.69,7,openjml,3,rating,negative
3,4,readability_level,4.03,0,openjml,3,rating,negative
3,5,readability_level,4.18,1,openjml,3,rating,negative
3,6,readability_level,2.18,0,openjml,3,rating,negative
3,7,readability_level,3.62,0,openjml,3,rating,negative
3,8,readability_level,2.86,1,openjml,3,rating,negative
3,9,readability_level,4.13,1,openjml,3,rating,negative
3,10,readability_level,3.35,1,openjml,3,rating,negative
3,11,readability_level,3.64,0,openjml,3,rating,negative
3,12,readability_level,3.53,1,openjml,3,rating,negative
3,13,readability_level,3.03,0,openjml,3,rating,negative
3,14,readability_level,4.05,2,openjml,3,rating,negative
3,15,readability_level,1.82,2,openjml,3,rating,negative
3,16,readability_level,2.9,0,openjml,3,rating,negative
3,17,readability_level,3.74,1,openjml,3,rating,negative
3,18,readability_level,2.46,15,openjml,3,rating,negative
3,19,readability_level,3.56,0,openjml,3,rating,negative
3,20,readability_level,3.26,0,openjml,3,rating,negative
3,21,readability_level,3.73,0,openjml,3,rating,negative
3,22,readability_level,2.73,15,openjml,3,rating,negative
3,23,readability_level,3.94,15,openjml,3,rating,negative
3,24,readability_level,3.48,0,openjml,3,rating,negative
3,25,readability_level,2.09,15,openjml,3,rating,negative
3,26,readability_level,2.37,15,openjml,3,rating,negative
3,27,readability_level,3.76,4,openjml,3,rating,negative
3,28,readability_level,2.86,0,openjml,3,rating,negative
3,29,readability_level,3.96,0,openjml,3,rating,negative
3,30,readability_level,2.78,1,openjml,3,rating,negative
3,31,readability_level,3.27,1,openjml,3,rating,negative
3,32,readability_level,4.22,1,openjml,3,rating,negative
3,33,readability_level,4.02,0,openjml,3,rating,negative
3,34,readability_level,4.35,0,openjml,3,rating,negative
3,35,readability_level,2.0,1,openjml,3,rating,negative
3,36,readability_level,2.52,15,openjml,3,rating,negative
3,37,readability_level,2.57,15,openjml,3,rating,negative
3,38,readability_level,2.77,15,openjml,3,rating,negative
3,39,readability_level,2.96,15,openjml,3,rating,negative
3,40,readability_level,2.9,1,openjml,3,rating,negative
3,41,readability_level,2.41,0,openjml,3,rating,negative
3,42,readability_level,3.08,0,openjml,3,rating,negative
3,43,readability_level,3.28,0,openjml,3,rating,negative
3,44,readability_level,4.07,0,openjml,3,rating,negative
3,45,readability_level,3.84,15,openjml,3,rating,negative
3,46,readability_level,3.76,15,openjml,3,rating,negative
3,47,readability_level,3.88,15,openjml,3,rating,negative
3,48,readability_level,3.93,4,openjml,3,rating,negative
3,49,readability_level,4.05,15,openjml,3,rating,negative
3,50,readability_level,4.16,0,openjml,3,rating,negative
3,51,readability_level,3.92,0,openjml,3,rating,negative
3,52,readability_level,2.63,15,openjml,3,rating,negative
3,53,readability_level,2.72,3,openjml,3,rating,negative
3,54,readability_level,3.6,0,openjml,3,rating,negative
3,55,readability_level,2.71,0,openjml,3,rating,negative
3,56,readability_level,3.61,2,openjml,3,rating,negative
3,57,readability_level,3.6,15,openjml,3,rating,negative
3,58,readability_level,2.4,15,openjml,3,rating,negative
3,59,readability_level,3.83,1,openjml,3,rating,negative
3,60,readability_level,3.88,1,openjml,3,rating,negative
3,61,readability_level,3.77,15,openjml,3,rating,negative
3,62,readability_level,3.47,15,openjml,3,rating,negative
3,63,readability_level,2.64,1,openjml,3,rating,negative
3,64,readability_level,3.59,15,openjml,3,rating,negative
3,65,readability_level,3.2,1,openjml,3,rating,negative
3,66,readability_level,2.59,15,openjml,3,rating,negative
3,67,readability_level,4.02,0,openjml,3,rating,negative
3,68,readability_level,3.35,0,openjml,3,rating,negative
3,69,readability_level,2.92,15,openjml,3,rating,negative
3,70,readability_level,2.39,2,openjml,3,rating,negative
3,71,readability_level,3.69,0,openjml,3,rating,negative
3,72,readability_level,2.86,15,openjml,3,rating,negative
3,73,readability_level,3.38,0,openjml,3,rating,negative
3,74,readability_level,3.82,2,openjml,3,rating,negative
3,75,readability_level,3.39,1,openjml,3,rating,negative
3,76,readability_level,3.49,15,openjml,3,rating,negative
3,77,readability_level,2.72,15,openjml,3,rating,negative
3,78,readability_level,2.28,1,openjml,3,rating,negative
3,79,readability_level,3.34,15,openjml,3,rating,negative
3,80,readability_level,4.15,1,openjml,3,rating,negative
3,81,readability_level,3.93,15,openjml,3,rating,negative
3,82,readability_level,4.0,15,openjml,3,rating,negative
3,83,readability_level,2.76,15,openjml,3,rating,negative
3,84,readability_level,3.94,0,openjml,3,rating,negative
3,85,readability_level,3.61,15,openjml,3,rating,negative
3,86,readability_level,2.62,0,openjml,3,rating,negative
3,87,readability_level,2.87,1,openjml,3,rating,negative
3,88,readability_level,3.23,0,openjml,3,rating,negative
3,89,readability_level,4.28,15,openjml,3,rating,negative
3,90,readability_level,3.35,15,openjml,3,rating,negative
3,91,readability_level,2.08,0,openjml,3,rating,negative
3,92,readability_level,3.36,1,openjml,3,rating,negative
3,93,readability_level,2.36,15,openjml,3,rating,negative
3,94,readability_level,4.07,15,openjml,3,rating,negative
3,95,readability_level,3.18,15,openjml,3,rating,negative
3,96,readability_level,3.81,0,openjml,3,rating,negative
3,97,readability_level,2.9,15,openjml,3,rating,negative
3,98,readability_level,3.0,15,openjml,3,rating,negative
3,99,readability_level,2.95,0,openjml,3,rating,negative
3,100,readability_level,2.12,15,openjml,3,rating,negative
6,1,correct_verif_questions,0.3703703703703704,105,openjml,6,correctness,negative
6,2,correct_verif_questions,0.4074074074074073,14,openjml,6,correctness,negative
6,3,correct_verif_questions,0.4166666666666667,77,openjml,6,correctness,negative
6,4,correct_verif_questions,0.4074074074074075,28,openjml,6,correctness,negative
6,5,correct_verif_questions,0.5925925925925927,12,openjml,6,correctness,negative
6,6,correct_verif_questions,0.4444444444444443,0,openjml,6,correctness,negative
6,7,correct_verif_questions,0.4444444444444445,0,openjml,6,correctness,negative
6,8,correct_verif_questions,0.2962962962962963,0,openjml,6,correctness,negative
6,9,correct_verif_questions,0.5185185185185186,0,openjml,6,correctness,negative
6,10,correct_verif_questions,0.4814814814814815,0,openjml,6,correctness,negative
6,11,correct_verif_questions,0.1851851851851851,0,openjml,6,correctness,negative
6,12,correct_verif_questions,0.5185185185185186,0,openjml,6,correctness,negative
6,13,correct_verif_questions,0.4074074074074073,0,openjml,6,correctness,negative
6,14,correct_verif_questions,0.2592592592592592,0,openjml,6,correctness,negative
6,15,correct_verif_questions,0.4074074074074075,0,openjml,6,correctness,negative
6,16,correct_verif_questions,0.2222222222222222,0,openjml,6,correctness,negative
6,17,correct_verif_questions,0.4444444444444444,0,openjml,6,correctness,negative
6,18,correct_verif_questions,0.2962962962962963,0,openjml,6,correctness,negative
6,19,correct_verif_questions,0.6296296296296299,0,openjml,6,correctness,negative
6,20,correct_verif_questions,0.7407407407407408,0,openjml,6,correctness,negative
6,21,correct_verif_questions,0.074074074074074,0,openjml,6,correctness,negative
6,22,correct_verif_questions,0.1111111111111111,0,openjml,6,correctness,negative
6,23,correct_verif_questions,0.5925925925925926,0,openjml,6,correctness,negative
6,24,correct_verif_questions,0.5185185185185186,0,openjml,6,correctness,negative
6,25,correct_verif_questions,0.5925925925925928,0,openjml,6,correctness,negative
6,26,correct_verif_questions,0.2592592592592593,0,openjml,6,correctness,negative
6,27,correct_verif_questions,0.7407407407407408,0,openjml,6,correctness,negative
6,28,correct_verif_questions,0.3703703703703704,0,openjml,6,correctness,negative
6,29,correct_verif_questions,0.4074074074074074,0,openjml,6,correctness,negative
6,30,correct_verif_questions,0.2592592592592591,0,openjml,6,correctness,negative
6,31,correct_verif_questions,0.777777777777778,0,openjml,6,correctness,negative
6,32,correct_verif_questions,0.777777777777778,0,openjml,6,correctness,negative
6,33,correct_verif_questions,0.5555555555555556,0,openjml,6,correctness,negative
6,34,correct_verif_questions,0.4814814814814816,0,openjml,6,correctness,negative
6,35,correct_verif_questions,0.3703703703703703,0,openjml,6,correctness,negative
6,36,correct_verif_questions,0.5555555555555556,0,openjml,6,correctness,negative
6,37,correct_verif_questions,0.7407407407407409,0,openjml,6,correctness,negative
6,38,correct_verif_questions,0.4444444444444444,0,openjml,6,correctness,negative
6,39,correct_verif_questions,0.4814814814814815,0,openjml,6,correctness,negative
6,40,correct_verif_questions,0.2592592592592591,0,openjml,6,correctness,negative
6,41,correct_verif_questions,0.3333333333333335,0,openjml,6,correctness,negative
6,42,correct_verif_questions,0.2083333333333333,0,openjml,6,correctness,negative
6,43,correct_verif_questions,0.5416666666666667,0,openjml,6,correctness,negative
6,44,correct_verif_questions,0.2916666666666667,0,openjml,6,correctness,negative
6,45,correct_verif_questions,0.4166666666666668,0,openjml,6,correctness,negative
6,46,correct_verif_questions,0.7037037037037038,0,openjml,6,correctness,negative
6,47,correct_verif_questions,0.4444444444444444,0,openjml,6,correctness,negative
6,48,correct_verif_questions,0.8148148148148149,0,openjml,6,correctness,negative
6,49,correct_verif_questions,0.4074074074074073,0,openjml,6,correctness,negative
6,50,correct_verif_questions,0.3333333333333334,0,openjml,6,correctness,negative
6,1,binary_understandability,0.5555555555555556,105,openjml,6,rating,negative
6,2,binary_understandability,0.8888888888888888,14,openjml,6,rating,negative
6,3,binary_understandability,0.625,77,openjml,6,rating,negative
6,4,binary_understandability,0.6666666666666666,28,openjml,6,rating,negative
6,5,binary_understandability,0.7777777777777778,12,openjml,6,rating,negative
6,6,binary_understandability,0.8888888888888888,0,openjml,6,rating,negative
6,7,binary_understandability,0.7777777777777778,0,openjml,6,rating,negative
6,8,binary_understandability,0.5555555555555556,0,openjml,6,rating,negative
6,9,binary_understandability,0.7777777777777778,0,openjml,6,rating,negative
6,10,binary_understandability,0.7777777777777778,0,openjml,6,rating,negative
6,11,binary_understandability,0.5555555555555556,0,openjml,6,rating,negative
6,12,binary_understandability,0.6666666666666666,0,openjml,6,rating,negative
6,13,binary_understandability,0.6666666666666666,0,openjml,6,rating,negative
6,14,binary_understandability,0.5555555555555556,0,openjml,6,rating,negative
6,15,binary_understandability,0.6666666666666666,0,openjml,6,rating,negative
6,16,binary_understandability,0.4444444444444444,0,openjml,6,rating,negative
6,17,binary_understandability,0.6666666666666666,0,openjml,6,rating,negative
6,18,binary_understandability,0.4444444444444444,0,openjml,6,rating,negative
6,19,binary_understandability,0.8888888888888888,0,openjml,6,rating,negative
6,20,binary_understandability,0.8888888888888888,0,openjml,6,rating,negative
6,21,binary_understandability,0.2222222222222222,0,openjml,6,rating,negative
6,22,binary_understandability,0.2222222222222222,0,openjml,6,rating,negative
6,23,binary_understandability,0.8888888888888888,0,openjml,6,rating,negative
6,24,binary_understandability,0.6666666666666666,0,openjml,6,rating,negative
6,25,binary_understandability,0.7777777777777778,0,openjml,6,rating,negative
6,26,binary_understandability,0.4444444444444444,0,openjml,6,rating,negative
6,27,binary_understandability,0.7777777777777778,0,openjml,6,rating,negative
6,28,binary_understandability,0.4444444444444444,0,openjml,6,rating,negative
6,29,binary_understandability,0.5555555555555556,0,openjml,6,rating,negative
6,30,binary_understandability,0.6666666666666666,0,openjml,6,rating,negative
6,31,binary_understandability,1.0,0,openjml,6,rating,negative
6,32,binary_understandability,1.0,0,openjml,6,rating,negative
6,33,binary_understandability,0.8888888888888888,0,openjml,6,rating,negative
6,34,binary_understandability,0.6666666666666666,0,openjml,6,rating,negative
6,35,binary_understandability,0.6666666666666666,0,openjml,6,rating,negative
6,36,binary_understandability,0.7777777777777778,0,openjml,6,rating,negative
6,37,binary_understandability,1.0,0,openjml,6,rating,negative
6,38,binary_understandability,0.6666666666666666,0,openjml,6,rating,negative
6,39,binary_understandability,0.7777777777777778,0,openjml,6,rating,negative
6,40,binary_understandability,0.6666666666666666,0,openjml,6,rating,negative
6,41,binary_understandability,0.5,0,openjml,6,rating,negative
6,42,binary_understandability,0.375,0,openjml,6,rating,negative
6,43,binary_understandability,0.875,0,openjml,6,rating,negative
6,44,binary_understandability,0.625,0,openjml,6,rating,negative
6,45,binary_understandability,0.75,0,openjml,6,rating,negative
6,46,binary_understandability,1.0,0,openjml,6,rating,negative
6,47,binary_understandability,0.7777777777777778,0,openjml,6,rating,negative
6,48,binary_understandability,1.0,0,openjml,6,rating,negative
6,49,binary_understandability,0.7777777777777778,0,openjml,6,rating,negative
6,50,binary_understandability,0.5555555555555556,0,openjml,6,rating,negative
6,1,time_to_understand,74.4,105,openjml,6,time,positive
6,2,time_to_understand,73.75,14,openjml,6,time,positive
6,3,time_to_understand,59.8,77,openjml,6,time,positive
6,4,time_to_understand,60.5,28,openjml,6,time,positive
6,5,time_to_understand,66.14285714285714,12,openjml,6,time,positive
6,6,time_to_understand,82.625,0,openjml,6,time,positive
6,7,time_to_understand,257.42857142857144,0,openjml,6,time,positive
6,8,time_to_understand,81.4,0,openjml,6,time,positive
6,9,time_to_understand,170.28571428571428,0,openjml,6,time,positive
6,10,time_to_understand,153.57142857142858,0,openjml,6,time,positive
6,11,time_to_understand,241.4,0,openjml,6,time,positive
6,12,time_to_understand,62.333333333333336,0,openjml,6,time,positive
6,13,time_to_understand,53.66666666666666,0,openjml,6,time,positive
6,14,time_to_understand,94.2,0,openjml,6,time,positive
6,15,time_to_understand,113.66666666666669,0,openjml,6,time,positive
6,16,time_to_understand,202.25,0,openjml,6,time,positive
6,17,time_to_understand,237.33333333333331,0,openjml,6,time,positive
6,18,time_to_understand,151.5,0,openjml,6,time,positive
6,19,time_to_understand,435.5,0,openjml,6,time,positive
6,20,time_to_understand,102.5,0,openjml,6,time,positive
6,21,time_to_understand,172.5,0,openjml,6,time,positive
6,22,time_to_understand,28.0,0,openjml,6,time,positive
6,23,time_to_understand,264.25,0,openjml,6,time,positive
6,24,time_to_understand,163.5,0,openjml,6,time,positive
6,25,time_to_understand,48.85714285714285,0,openjml,6,time,positive
6,26,time_to_understand,57.5,0,openjml,6,time,positive
6,27,time_to_understand,144.71428571428572,0,openjml,6,time,positive
6,28,time_to_understand,270.25,0,openjml,6,time,positive
6,29,time_to_understand,51.6,0,openjml,6,time,positive
6,30,time_to_understand,159.5,0,openjml,6,time,positive
6,31,time_to_understand,50.888888888888886,0,openjml,6,time,positive
6,32,time_to_understand,83.55555555555556,0,openjml,6,time,positive
6,33,time_to_understand,122.125,0,openjml,6,time,positive
6,34,time_to_understand,82.5,0,openjml,6,time,positive
6,35,time_to_understand,83.33333333333333,0,openjml,6,time,positive
6,36,time_to_understand,74.57142857142857,0,openjml,6,time,positive
6,37,time_to_understand,238.44444444444449,0,openjml,6,time,positive
6,38,time_to_understand,66.16666666666667,0,openjml,6,time,positive
6,39,time_to_understand,101.85714285714286,0,openjml,6,time,positive
6,40,time_to_understand,247.0,0,openjml,6,time,positive
6,41,time_to_understand,195.5,0,openjml,6,time,positive
6,42,time_to_understand,318.0,0,openjml,6,time,positive
6,43,time_to_understand,47.85714285714285,0,openjml,6,time,positive
6,44,time_to_understand,391.0,0,openjml,6,time,positive
6,45,time_to_understand,162.16666666666666,0,openjml,6,time,positive
6,46,time_to_understand,55.66666666666666,0,openjml,6,time,positive
6,47,time_to_understand,85.42857142857143,0,openjml,6,time,positive
6,48,time_to_understand,117.88888888888889,0,openjml,6,time,positive
6,49,time_to_understand,85.57142857142857,0,openjml,6,time,positive
6,50,time_to_understand,238.0,0,openjml,6,time,positive
63,1,adjusted_gaze_sig,0.9762631428571428,22,openjml,63,physiological,positive
63,2,adjusted_gaze_sig,0.8230961666666666,65,openjml,63,physiological,positive
63,3,adjusted_gaze_sig,0.5625836166666667,61,openjml,63,physiological,positive
63,4,adjusted_gaze_sig,0.89375,48,openjml,63,physiological,positive
63,5,adjusted_gaze_sig,2.6371384000000004,23,openjml,63,physiological,positive
63,6,adjusted_gaze_sig,0.743938,62,openjml,63,physiological,positive
63,7,adjusted_gaze_sig,0.22781025,23,openjml,63,physiological,positive
63,8,adjusted_gaze_sig,0.296709,45,openjml,63,physiological,positive
63,9,adjusted_gaze_sig,0.9081988,21,openjml,63,physiological,positive
63,10,adjusted_gaze_sig,1.328576,12,openjml,63,physiological,positive
63,11,adjusted_gaze_sig,1.2333020000000003,45,openjml,63,physiological,positive
63,12,adjusted_gaze_sig,0.62354116,65,openjml,63,physiological,positive
63,13,adjusted_gaze_sig,7.25147,40,openjml,63,physiological,positive
63,14,adjusted_gaze_sig,0.0,20,openjml,63,physiological,positive
63,15,adjusted_gaze_sig,0.6652165666666668,21,openjml,63,physiological,positive
63,16,adjusted_gaze_sig,0.5481481666666667,20,openjml,63,physiological,positive
63,17,adjusted_gaze_sig,1.0767303333333331,0,openjml,63,physiological,positive
63,18,adjusted_gaze_sig,1.75984745,0,openjml,63,physiological,positive
63,19,adjusted_gaze_sig,0.362847,0,openjml,63,physiological,positive
63,20,adjusted_gaze_sig,0.0,0,openjml,63,physiological,positive
63,21,adjusted_gaze_sig,0.0,0,openjml,63,physiological,positive
63,22,adjusted_gaze_sig,0.5865469125,0,openjml,63,physiological,positive
63,23,adjusted_gaze_sig,0.413850625,0,openjml,63,physiological,positive
63,24,adjusted_gaze_sig,0.9035215,0,openjml,63,physiological,positive
63,25,adjusted_gaze_sig,0.98207,0,openjml,63,physiological,positive
63,26,adjusted_gaze_sig,0.123751,0,openjml,63,physiological,positive
63,27,adjusted_gaze_sig,0.0,0,openjml,63,physiological,positive
63,28,adjusted_gaze_sig,0.393362,0,openjml,63,physiological,positive
63,29,adjusted_gaze_sig,0.322672,0,openjml,63,physiological,positive
63,30,adjusted_gaze_sig,1.1762729,0,openjml,63,physiological,positive
63,31,adjusted_gaze_sig,0.56380175,0,openjml,63,physiological,positive
63,32,adjusted_gaze_sig,0.867282125,0,openjml,63,physiological,positive
63,33,adjusted_gaze_sig,1.227694,0,openjml,63,physiological,positive
63,34,adjusted_gaze_sig,1.1920696666666664,0,openjml,63,physiological,positive
63,35,adjusted_gaze_sig,0.5767354142857143,0,openjml,63,physiological,positive
63,36,adjusted_gaze_sig,0.6708358571428573,0,openjml,63,physiological,positive
63,37,adjusted_gaze_sig,0.7713289999999999,0,openjml,63,physiological,positive
63,38,adjusted_gaze_sig,1.1950006666666666,0,openjml,63,physiological,positive
63,39,adjusted_gaze_sig,1.5442762857142858,0,openjml,63,physiological,positive
63,40,adjusted_gaze_sig,1.0439151428571427,0,openjml,63,physiological,positive
63,41,adjusted_gaze_sig,0.0,0,openjml,63,physiological,positive
63,42,adjusted_gaze_sig,0.0,0,openjml,63,physiological,positive
63,43,adjusted_gaze_sig,0.0,0,openjml,63,physiological,positive
63,44,adjusted_gaze_sig,0.0,0,openjml,63,physiological,positive
63,45,adjusted_gaze_sig,0.0,0,openjml,63,physiological,positive
63,46,adjusted_gaze_sig,0.0,0,openjml,63,physiological,positive
63,47,adjusted_gaze_sig,0.0,0,openjml,63,physiological,positive
63,48,adjusted_gaze_sig,0.0,0,openjml,63,physiological,positive
63,49,adjusted_gaze_sig,0.0,0,openjml,63,physiological,positive
63,50,adjusted_gaze_sig,0.0,0,openjml,63,physiological,positive
63,51,adjusted_gaze_sig,0.0,0,openjml,63,physiological,positive
63,52,adjusted_gaze_sig,0.0,0,openjml,63,physiological,positive
63,53,adjusted_gaze_sig,0.0,0,openjml,63,physiological,positive
63,54,adjusted_gaze_sig,0.0,0,openjml,63,physiological,positive
63,55,adjusted_gaze_sig,0.0,0,openjml,63,physiological,positive
63,56,adjusted_gaze_sig,0.0,0,openjml,63,physiological,positive
63,57,adjusted_gaze_sig,0.0,0,openjml,63,physiological,positive
63,58,adjusted_gaze_sig,0.0,0,openjml,63,physiological,positive
63,59,adjusted_gaze_sig,0.0,0,openjml,63,physiological,positive
63,60,adjusted_gaze_sig,0.0,0,openjml,63,physiological,positive
63,61,adjusted_gaze_sig,0.0,0,openjml,63,physiological,positive
63,62,adjusted_gaze_sig,0.0,0,openjml,63,physiological,positive
63,63,adjusted_gaze_sig,0.0,0,openjml,63,physiological,positive
63,64,adjusted_gaze_sig,0.0,0,openjml,63,physiological,positive
63,1,adjusted_gaze_non_sig,1.0012627142857142,22,openjml,63,physiological,positive
63,2,adjusted_gaze_non_sig,1.035382,65,openjml,63,physiological,positive
63,3,adjusted_gaze_non_sig,1.0388815000000002,61,openjml,63,physiological,positive
63,4,adjusted_gaze_non_sig,1.0066405,48,openjml,63,physiological,positive
63,5,adjusted_gaze_non_sig,0.8035439999999999,23,openjml,63,physiological,positive
63,6,adjusted_gaze_non_sig,1.0221293333333332,62,openjml,63,physiological,positive
63,7,adjusted_gaze_non_sig,1.198565,23,openjml,63,physiological,positive
63,8,adjusted_gaze_non_sig,1.18869,45,openjml,63,physiological,positive
63,9,adjusted_gaze_non_sig,1.008346,21,openjml,63,physiological,positive
63,10,adjusted_gaze_non_sig,0.94700475,12,openjml,63,physiological,positive
63,11,adjusted_gaze_non_sig,0.9611160000000002,45,openjml,63,physiological,positive
63,12,adjusted_gaze_non_sig,1.0597564,65,openjml,63,physiological,positive
63,13,adjusted_gaze_non_sig,0.5688641666666666,40,openjml,63,physiological,positive
63,14,adjusted_gaze_non_sig,1.06452,20,openjml,63,physiological,positive
63,15,adjusted_gaze_non_sig,1.0464055,21,openjml,63,physiological,positive
63,16,adjusted_gaze_non_sig,1.0779053333333335,20,openjml,63,physiological,positive
63,17,adjusted_gaze_non_sig,0.9531083333333332,0,openjml,63,physiological,positive
63,18,adjusted_gaze_non_sig,0.9831165,0,openjml,63,physiological,positive
63,19,adjusted_gaze_non_sig,1.03982,0,openjml,63,physiological,positive
63,20,adjusted_gaze_non_sig,1.13636,0,openjml,63,physiological,positive
63,21,adjusted_gaze_non_sig,1.35294,0,openjml,63,physiological,positive
63,22,adjusted_gaze_non_sig,1.036127625,0,openjml,63,physiological,positive
63,23,adjusted_gaze_non_sig,1.183171625,0,openjml,63,physiological,positive
63,24,adjusted_gaze_non_sig,1.00470625,0,openjml,63,physiological,positive
63,25,adjusted_gaze_non_sig,1.0016315,0,openjml,63,physiological,positive
63,26,adjusted_gaze_non_sig,1.1402,0,openjml,63,physiological,positive
63,27,adjusted_gaze_non_sig,1.075,0,openjml,63,physiological,positive
63,28,adjusted_gaze_non_sig,1.07137,0,openjml,63,physiological,positive
63,29,adjusted_gaze_non_sig,1.079685,0,openjml,63,physiological,positive
63,30,adjusted_gaze_non_sig,0.9843317500000002,0,openjml,63,physiological,positive
63,31,adjusted_gaze_non_sig,1.049248625,0,openjml,63,physiological,positive
63,32,adjusted_gaze_non_sig,1.00717325,0,openjml,63,physiological,positive
63,33,adjusted_gaze_non_sig,0.988017,0,openjml,63,physiological,positive
63,34,adjusted_gaze_non_sig,0.9819933333333332,0,openjml,63,physiological,positive
63,35,adjusted_gaze_non_sig,1.0423244285714286,0,openjml,63,physiological,positive
63,36,adjusted_gaze_non_sig,1.0173247142857142,0,openjml,63,physiological,positive
63,37,adjusted_gaze_non_sig,1.024625,0,openjml,63,physiological,positive
63,38,adjusted_gaze_non_sig,0.98172,0,openjml,63,physiological,positive
63,39,adjusted_gaze_non_sig,0.9333551428571428,0,openjml,63,physiological,positive
63,40,adjusted_gaze_non_sig,0.9987081428571428,0,openjml,63,physiological,positive
63,41,adjusted_gaze_non_sig,0.0,0,openjml,63,physiological,positive
63,42,adjusted_gaze_non_sig,0.0,0,openjml,63,physiological,positive
63,43,adjusted_gaze_non_sig,0.0,0,openjml,63,physiological,positive
63,44,adjusted_gaze_non_sig,0.0,0,openjml,63,physiological,positive
63,45,adjusted_gaze_non_sig,0.0,0,openjml,63,physiological,positive
63,46,adjusted_gaze_non_sig,0.0,0,openjml,63,physiological,positive
63,47,adjusted_gaze_non_sig,0.0,0,openjml,63,physiological,positive
63,48,adjusted_gaze_non_sig,0.0,0,openjml,63,physiological,positive
63,49,adjusted_gaze_non_sig,0.0,0,openjml,63,physiological,positive
63,50,adjusted_gaze_non_sig,0.0,0,openjml,63,physiological,positive
63,51,adjusted_gaze_non_sig,0.0,0,openjml,63,physiological,positive
63,52,adjusted_gaze_non_sig,0.0,0,openjml,63,physiological,positive
63,53,adjusted_gaze_non_sig,0.0,0,openjml,63,physiological,positive
63,54,adjusted_gaze_non_sig,0.0,0,openjml,63,physiological,positive
63,55,adjusted_gaze_non_sig,0.0,0,openjml,63,physiological,positive
63,56,adjusted_gaze_non_sig,0.0,0,openjml,63,physiological,positive
63,57,adjusted_gaze_non_sig,0.0,0,openjml,63,physiological,positive
63,58,adjusted_gaze_non_sig,0.0,0,openjml,63,physiological,positive
63,59,adjusted_gaze_non_sig,0.0,0,openjml,63,physiological,positive
63,60,adjusted_gaze_non_sig,0.0,0,openjml,63,physiological,positive
63,61,adjusted_gaze_non_sig,0.0,0,openjml,63,physiological,positive
63,62,adjusted_gaze_non_sig,0.0,0,openjml,63,physiological,positive
63,63,adjusted_gaze_non_sig,0.0,0,openjml,63,physiological,positive
63,64,adjusted_gaze_non_sig,0.0,0,openjml,63,physiological,positive
63,1,adjusted_fix_sig,0.5704825714285715,22,openjml,63,physiological,positive
63,2,adjusted_fix_sig,0.6598746666666667,65,openjml,63,physiological,positive
63,3,adjusted_fix_sig,0.3057458333333333,61,openjml,63,physiological,positive
63,4,adjusted_fix_sig,0.425,48,openjml,63,physiological,positive
63,5,adjusted_fix_sig,2.9051914,23,openjml,63,physiological,positive
63,6,adjusted_fix_sig,0.8669013333333334,62,openjml,63,physiological,positive
63,7,adjusted_fix_sig,0.10787605,23,openjml,63,physiological,positive
63,8,adjusted_fix_sig,0.241187,45,openjml,63,physiological,positive
63,9,adjusted_fix_sig,0.6465266,21,openjml,63,physiological,positive
63,10,adjusted_fix_sig,1.10297925,12,openjml,63,physiological,positive
63,11,adjusted_fix_sig,1.2598273333333332,45,openjml,63,physiological,positive
63,12,adjusted_fix_sig,0.5756184,65,openjml,63,physiological,positive
63,13,adjusted_fix_sig,6.436988833333333,40,openjml,63,physiological,positive
63,14,adjusted_fix_sig,0.0,20,openjml,63,physiological,positive
63,15,adjusted_fix_sig,0.6469865333333333,21,openjml,63,physiological,positive
63,16,adjusted_fix_sig,0.6525656666666667,20,openjml,63,physiological,positive
63,17,adjusted_fix_sig,1.0895208333333335,0,openjml,63,physiological,positive
63,18,adjusted_fix_sig,1.61501335,0,openjml,63,physiological,positive
63,19,adjusted_fix_sig,0.468504,0,openjml,63,physiological,positive
63,20,adjusted_fix_sig,0.0,0,openjml,63,physiological,positive
63,21,adjusted_fix_sig,0.0,0,openjml,63,physiological,positive
63,22,adjusted_fix_sig,0.369805775,0,openjml,63,physiological,positive
63,23,adjusted_fix_sig,0.3446160625,0,openjml,63,physiological,positive
63,24,adjusted_fix_sig,0.782111025,0,openjml,63,physiological,positive
63,25,adjusted_fix_sig,0.6956899999999999,0,openjml,63,physiological,positive
63,26,adjusted_fix_sig,0.0788045,0,openjml,63,physiological,positive
63,27,adjusted_fix_sig,0.0,0,openjml,63,physiological,positive
63,28,adjusted_fix_sig,0.95,0,openjml,63,physiological,positive
63,29,adjusted_fix_sig,0.319328,0,openjml,63,physiological,positive
63,30,adjusted_fix_sig,1.070199575,0,openjml,63,physiological,positive
63,31,adjusted_fix_sig,0.359252225,0,openjml,63,physiological,positive
63,32,adjusted_fix_sig,0.7660482500000001,0,openjml,63,physiological,positive
63,33,adjusted_fix_sig,1.44020525,0,openjml,63,physiological,positive
63,34,adjusted_fix_sig,0.8920514444444445,0,openjml,63,physiological,positive
63,35,adjusted_fix_sig,0.6372011142857142,0,openjml,63,physiological,positive
63,36,adjusted_fix_sig,0.5316787142857143,0,openjml,63,physiological,positive
63,37,adjusted_fix_sig,0.828344,0,openjml,63,physiological,positive
63,38,adjusted_fix_sig,0.5885861666666666,0,openjml,63,physiological,positive
63,39,adjusted_fix_sig,0.7586309714285715,0,openjml,63,physiological,positive
63,40,adjusted_fix_sig,0.9255011428571428,0,openjml,63,physiological,positive
63,41,adjusted_fix_sig,0.0,0,openjml,63,physiological,positive
63,42,adjusted_fix_sig,0.0,0,openjml,63,physiological,positive
63,43,adjusted_fix_sig,0.0,0,openjml,63,physiological,positive
63,44,adjusted_fix_sig,0.0,0,openjml,63,physiological,positive
63,45,adjusted_fix_sig,0.0,0,openjml,63,physiological,positive
63,46,adjusted_fix_sig,0.0,0,openjml,63,physiological,positive
63,47,adjusted_fix_sig,0.0,0,openjml,63,physiological,positive
63,48,adjusted_fix_sig,0.0,0,openjml,63,physiological,positive
63,49,adjusted_fix_sig,0.0,0,openjml,63,physiological,positive
63,50,adjusted_fix_sig,0.0,0,openjml,63,physiological,positive
63,51,adjusted_fix_sig,0.0,0,openjml,63,physiological,positive
63,52,adjusted_fix_sig,0.0,0,openjml,63,physiological,positive
63,53,adjusted_fix_sig,0.0,0,openjml,63,physiological,positive
63,54,adjusted_fix_sig,0.0,0,openjml,63,physiological,positive
63,55,adjusted_fix_sig,0.0,0,openjml,63,physiological,positive
63,56,adjusted_fix_sig,0.0,0,openjml,63,physiological,positive
63,57,adjusted_fix_sig,0.0,0,openjml,63,physiological,positive
63,58,adjusted_fix_sig,0.0,0,openjml,63,physiological,positive
63,59,adjusted_fix_sig,0.0,0,openjml,63,physiological,positive
63,60,adjusted_fix_sig,0.0,0,openjml,63,physiological,positive
63,61,adjusted_fix_sig,0.0,0,openjml,63,physiological,positive
63,62,adjusted_fix_sig,0.0,0,openjml,63,physiological,positive
63,63,adjusted_fix_sig,0.0,0,openjml,63,physiological,positive
63,64,adjusted_fix_sig,0.0,0,openjml,63,physiological,positive
63,1,adjusted_fix_non_sig,1.022847142857143,22,openjml,63,physiological,positive
63,2,adjusted_fix_non_sig,1.0680243333333332,65,openjml,63,physiological,positive
63,3,adjusted_fix_non_sig,1.06171,61,openjml,63,physiological,positive
63,4,adjusted_fix_non_sig,1.03594,48,openjml,63,physiological,positive
63,5,adjusted_fix_non_sig,0.7713774,23,openjml,63,physiological,positive
63,6,adjusted_fix_non_sig,1.0115040000000002,62,openjml,63,physiological,positive
63,7,adjusted_fix_non_sig,1.2294025,23,openjml,63,physiological,positive
63,8,adjusted_fix_non_sig,1.20358,45,openjml,63,physiological,positive
63,9,adjusted_fix_non_sig,1.0321358,21,openjml,63,physiological,positive
63,10,adjusted_fix_non_sig,0.98339175,12,openjml,63,physiological,positive
63,11,adjusted_fix_non_sig,0.9566937333333334,45,openjml,63,physiological,positive
63,12,adjusted_fix_non_sig,1.067363,65,openjml,63,physiological,positive
63,13,adjusted_fix_non_sig,0.6250355,40,openjml,63,physiological,positive
63,14,adjusted_fix_non_sig,1.06452,20,openjml,63,physiological,positive
63,15,adjusted_fix_non_sig,1.0489339999999998,21,openjml,63,physiological,positive
63,16,adjusted_fix_non_sig,1.0599005,20,openjml,63,physiological,positive
63,17,adjusted_fix_non_sig,0.9452923333333332,0,openjml,63,physiological,positive
63,18,adjusted_fix_non_sig,0.986333,0,openjml,63,physiological,positive
63,19,adjusted_fix_non_sig,1.03322,0,openjml,63,physiological,positive
63,20,adjusted_fix_non_sig,1.13636,0,openjml,63,physiological,positive
63,21,adjusted_fix_non_sig,1.35294,0,openjml,63,physiological,positive
63,22,adjusted_fix_non_sig,1.0550675,0,openjml,63,physiological,positive
63,23,adjusted_fix_non_sig,1.2048075,0,openjml,63,physiological,positive
63,24,adjusted_fix_non_sig,1.01062975,0,openjml,63,physiological,positive
63,25,adjusted_fix_non_sig,1.027663,0,openjml,63,physiological,positive
63,26,adjusted_fix_non_sig,1.14739,0,openjml,63,physiological,positive
63,27,adjusted_fix_non_sig,1.075,0,openjml,63,physiological,positive
63,28,adjusted_fix_non_sig,1.005884,0,openjml,63,physiological,positive
63,29,adjusted_fix_non_sig,1.0800800000000002,0,openjml,63,physiological,positive
63,30,adjusted_fix_non_sig,0.99375925,0,openjml,63,physiological,positive
63,31,adjusted_fix_non_sig,1.07234375,0,openjml,63,physiological,positive
63,32,adjusted_fix_non_sig,1.01264575,0,openjml,63,physiological,positive
63,33,adjusted_fix_non_sig,0.976830625,0,openjml,63,physiological,positive
63,34,adjusted_fix_non_sig,1.01012,0,openjml,63,physiological,positive
63,35,adjusted_fix_non_sig,1.036279857142857,0,openjml,63,physiological,positive
63,36,adjusted_fix_non_sig,1.0246478571428572,0,openjml,63,physiological,positive
63,37,adjusted_fix_non_sig,1.0184845,0,openjml,63,physiological,positive
63,38,adjusted_fix_non_sig,1.0385704999999998,0,openjml,63,physiological,positive
63,39,adjusted_fix_non_sig,1.0295549999999998,0,openjml,63,physiological,positive
63,40,adjusted_fix_non_sig,1.0021907142857145,0,openjml,63,physiological,positive
63,41,adjusted_fix_non_sig,0.0,0,openjml,63,physiological,positive
63,42,adjusted_fix_non_sig,0.0,0,openjml,63,physiological,positive
63,43,adjusted_fix_non_sig,0.0,0,openjml,63,physiological,positive
63,44,adjusted_fix_non_sig,0.0,0,openjml,63,physiological,positive
63,45,adjusted_fix_non_sig,0.0,0,openjml,63,physiological,positive
63,46,adjusted_fix_non_sig,0.0,0,openjml,63,physiological,positive
63,47,adjusted_fix_non_sig,0.0,0,openjml,63,physiological,positive
63,48,adjusted_fix_non_sig,0.0,0,openjml,63,physiological,positive
63,49,adjusted_fix_non_sig,0.0,0,openjml,63,physiological,positive
63,50,adjusted_fix_non_sig,0.0,0,openjml,63,physiological,positive
63,51,adjusted_fix_non_sig,0.0,0,openjml,63,physiological,positive
63,52,adjusted_fix_non_sig,0.0,0,openjml,63,physiological,positive
63,53,adjusted_fix_non_sig,0.0,0,openjml,63,physiological,positive
63,54,adjusted_fix_non_sig,0.0,0,openjml,63,physiological,positive
63,55,adjusted_fix_non_sig,0.0,0,openjml,63,physiological,positive
63,56,adjusted_fix_non_sig,0.0,0,openjml,63,physiological,positive
63,57,adjusted_fix_non_sig,0.0,0,openjml,63,physiological,positive
63,58,adjusted_fix_non_sig,0.0,0,openjml,63,physiological,positive
63,59,adjusted_fix_non_sig,0.0,0,openjml,63,physiological,positive
63,60,adjusted_fix_non_sig,0.0,0,openjml,63,physiological,positive
63,61,adjusted_fix_non_sig,0.0,0,openjml,63,physiological,positive
63,62,adjusted_fix_non_sig,0.0,0,openjml,63,physiological,positive
63,63,adjusted_fix_non_sig,0.0,0,openjml,63,physiological,positive
63,64,adjusted_fix_non_sig,0.0,0,openjml,63,physiological,positive
63,1,adjusted_gaze_flow,0.8939634285714285,22,openjml,63,physiological,positive
63,2,adjusted_gaze_flow,1.590968333333333,65,openjml,63,physiological,positive
63,3,adjusted_gaze_flow,1.4814991666666668,61,openjml,63,physiological,positive
63,4,adjusted_gaze_flow,0.8340995,48,openjml,63,physiological,positive
63,5,adjusted_gaze_flow,0.8475556666666666,23,openjml,63,physiological,positive
63,6,adjusted_gaze_flow,1.78484475,62,openjml,63,physiological,positive
63,7,adjusted_gaze_flow,0.0,23,openjml,63,physiological,positive
63,8,adjusted_gaze_flow,1.467374,45,openjml,63,physiological,positive
63,9,adjusted_gaze_flow,1.788082775,21,openjml,63,physiological,positive
63,10,adjusted_gaze_flow,1.1948017333333332,12,openjml,63,physiological,positive
63,11,adjusted_gaze_flow,1.4922766,45,openjml,63,physiological,positive
63,12,adjusted_gaze_flow,0.5471588333333334,65,openjml,63,physiological,positive
63,13,adjusted_gaze_flow,0.271832,40,openjml,63,physiological,positive
63,14,adjusted_gaze_flow,1.4582316666666666,20,openjml,63,physiological,positive
63,15,adjusted_gaze_flow,1.6839356666666665,21,openjml,63,physiological,positive
63,16,adjusted_gaze_flow,0.6687440000000001,20,openjml,63,physiological,positive
63,17,adjusted_gaze_flow,0.91335,0,openjml,63,physiological,positive
63,18,adjusted_gaze_flow,1.309525,0,openjml,63,physiological,positive
63,19,adjusted_gaze_flow,2.64243,0,openjml,63,physiological,positive
63,20,adjusted_gaze_flow,0.584649,0,openjml,63,physiological,positive
63,21,adjusted_gaze_flow,0.953450875,0,openjml,63,physiological,positive
63,22,adjusted_gaze_flow,1.2158466250000002,0,openjml,63,physiological,positive
63,23,adjusted_gaze_flow,0.664894375,0,openjml,63,physiological,positive
63,24,adjusted_gaze_flow,0.399041,0,openjml,63,physiological,positive
63,25,adjusted_gaze_flow,1.2139950000000002,0,openjml,63,physiological,positive
63,26,adjusted_gaze_flow,1.396597,0,openjml,63,physiological,positive
63,27,adjusted_gaze_flow,0.59716,0,openjml,63,physiological,positive
63,28,adjusted_gaze_flow,0.737054,0,openjml,63,physiological,positive
63,29,adjusted_gaze_flow,1.049636,0,openjml,63,physiological,positive
63,30,adjusted_gaze_flow,2.0015175000000003,0,openjml,63,physiological,positive
63,31,adjusted_gaze_flow,0.910566875,0,openjml,63,physiological,positive
63,32,adjusted_gaze_flow,1.62674875,0,openjml,63,physiological,positive
63,33,adjusted_gaze_flow,0.8239138888888888,0,openjml,63,physiological,positive
63,34,adjusted_gaze_flow,0.9286387142857144,0,openjml,63,physiological,positive
63,35,adjusted_gaze_flow,1.2251139999999998,0,openjml,63,physiological,positive
63,36,adjusted_gaze_flow,1.3266493333333331,0,openjml,63,physiological,positive
63,37,adjusted_gaze_flow,0.841827,0,openjml,63,physiological,positive
63,38,adjusted_gaze_flow,0.7460811428571429,0,openjml,63,physiological,positive
63,39,adjusted_gaze_flow,0.0,0,openjml,63,physiological,positive
63,40,adjusted_gaze_flow,0.0,0,openjml,63,physiological,positive
63,41,adjusted_gaze_flow,0.0,0,openjml,63,physiological,positive
63,42,adjusted_gaze_flow,0.0,0,openjml,63,physiological,positive
63,43,adjusted_gaze_flow,0.0,0,openjml,63,physiological,positive
63,44,adjusted_gaze_flow,0.0,0,openjml,63,physiological,positive
63,45,adjusted_gaze_flow,0.0,0,openjml,63,physiological,positive
63,46,adjusted_gaze_flow,0.0,0,openjml,63,physiological,positive
63,47,adjusted_gaze_flow,0.0,0,openjml,63,physiological,positive
63,48,adjusted_gaze_flow,0.0,0,openjml,63,physiological,positive
63,49,adjusted_gaze_flow,0.0,0,openjml,63,physiological,positive
63,50,adjusted_gaze_flow,0.0,0,openjml,63,physiological,positive
63,51,adjusted_gaze_flow,0.0,0,openjml,63,physiological,positive
63,52,adjusted_gaze_flow,0.0,0,openjml,63,physiological,positive
63,53,adjusted_gaze_flow,0.0,0,openjml,63,physiological,positive
63,54,adjusted_gaze_flow,0.0,0,openjml,63,physiological,positive
63,55,adjusted_gaze_flow,0.0,0,openjml,63,physiological,positive
63,56,adjusted_gaze_flow,0.0,0,openjml,63,physiological,positive
63,57,adjusted_gaze_flow,0.0,0,openjml,63,physiological,positive
63,58,adjusted_gaze_flow,0.0,0,openjml,63,physiological,positive
63,59,adjusted_gaze_flow,0.0,0,openjml,63,physiological,positive
63,60,adjusted_gaze_flow,0.0,0,openjml,63,physiological,positive
63,61,adjusted_gaze_flow,0.0,0,openjml,63,physiological,positive
63,62,adjusted_gaze_flow,0.0,0,openjml,63,physiological,positive
63,63,adjusted_gaze_flow,0.0,0,openjml,63,physiological,positive
63,64,adjusted_gaze_flow,0.0,0,openjml,63,physiological,positive
63,1,adjusted_gaze_non_flow,1.0452225714285714,22,openjml,63,physiological,positive
63,2,adjusted_gaze_non_flow,0.8153225000000001,65,openjml,63,physiological,positive
63,3,adjusted_gaze_non_flow,0.9060483333333332,61,openjml,63,physiological,positive
63,4,adjusted_gaze_non_flow,1.1235435,48,openjml,63,physiological,positive
63,5,adjusted_gaze_non_flow,1.2018866666666668,23,openjml,63,physiological,positive
63,6,adjusted_gaze_non_flow,0.96075875,62,openjml,63,physiological,positive
63,7,adjusted_gaze_non_flow,1.02222,23,openjml,63,physiological,positive
63,8,adjusted_gaze_non_flow,0.8504400000000001,45,openjml,63,physiological,positive
63,9,adjusted_gaze_non_flow,0.97748425,21,openjml,63,physiological,positive
63,10,adjusted_gaze_non_flow,0.9503439333333332,12,openjml,63,physiological,positive
63,11,adjusted_gaze_non_flow,0.9097498,45,openjml,63,physiological,positive
63,12,adjusted_gaze_non_flow,1.1378205,65,openjml,63,physiological,positive
63,13,adjusted_gaze_non_flow,1.21845,40,openjml,63,physiological,positive
63,14,adjusted_gaze_non_flow,0.7639411666666667,20,openjml,63,physiological,positive
63,15,adjusted_gaze_non_flow,0.9316063333333332,21,openjml,63,physiological,positive
63,16,adjusted_gaze_non_flow,1.0451714999999997,20,openjml,63,physiological,positive
63,17,adjusted_gaze_non_flow,1.032905,0,openjml,63,physiological,positive
63,18,adjusted_gaze_non_flow,0.850228,0,openjml,63,physiological,positive
63,19,adjusted_gaze_non_flow,0.850688,0,openjml,63,physiological,positive
63,20,adjusted_gaze_non_flow,1.06558,0,openjml,63,physiological,positive
63,21,adjusted_gaze_non_flow,1.01070075,0,openjml,63,physiological,positive
63,22,adjusted_gaze_non_flow,0.987782125,0,openjml,63,physiological,positive
63,23,adjusted_gaze_non_flow,1.5445462499999998,0,openjml,63,physiological,positive
63,24,adjusted_gaze_non_flow,1.115565,0,openjml,63,physiological,positive
63,25,adjusted_gaze_non_flow,0.940281,0,openjml,63,physiological,positive
63,26,adjusted_gaze_non_flow,0.9228835,0,openjml,63,physiological,positive
63,27,adjusted_gaze_non_flow,1.1272135,0,openjml,63,physiological,positive
63,28,adjusted_gaze_non_flow,1.08452,0,openjml,63,physiological,positive
63,29,adjusted_gaze_non_flow,0.9702205,0,openjml,63,physiological,positive
63,30,adjusted_gaze_non_flow,0.788140625,0,openjml,63,physiological,positive
63,31,adjusted_gaze_non_flow,1.050549375,0,openjml,63,physiological,positive
63,32,adjusted_gaze_non_flow,0.87032775,0,openjml,63,physiological,positive
63,33,adjusted_gaze_non_flow,1.344346888888889,0,openjml,63,physiological,positive
63,34,adjusted_gaze_non_flow,1.0558482857142857,0,openjml,63,physiological,positive
63,35,adjusted_gaze_non_flow,0.938953125,0,openjml,63,physiological,positive
63,36,adjusted_gaze_non_flow,0.9216045,0,openjml,63,physiological,positive
63,37,adjusted_gaze_non_flow,1.036784,0,openjml,63,physiological,positive
63,38,adjusted_gaze_non_flow,1.0149342857142856,0,openjml,63,physiological,positive
63,39,adjusted_gaze_non_flow,0.0,0,openjml,63,physiological,positive
63,40,adjusted_gaze_non_flow,0.0,0,openjml,63,physiological,positive
63,41,adjusted_gaze_non_flow,0.0,0,openjml,63,physiological,positive
63,42,adjusted_gaze_non_flow,0.0,0,openjml,63,physiological,positive
63,43,adjusted_gaze_non_flow,0.0,0,openjml,63,physiological,positive
63,44,adjusted_gaze_non_flow,0.0,0,openjml,63,physiological,positive
63,45,adjusted_gaze_non_flow,0.0,0,openjml,63,physiological,positive
63,46,adjusted_gaze_non_flow,0.0,0,openjml,63,physiological,positive
63,47,adjusted_gaze_non_flow,0.0,0,openjml,63,physiological,positive
63,48,adjusted_gaze_non_flow,0.0,0,openjml,63,physiological,positive
63,49,adjusted_gaze_non_flow,0.0,0,openjml,63,physiological,positive
63,50,adjusted_gaze_non_flow,0.0,0,openjml,63,physiological,positive
63,51,adjusted_gaze_non_flow,0.0,0,openjml,63,physiological,positive
63,52,adjusted_gaze_non_flow,0.0,0,openjml,63,physiological,positive
63,53,adjusted_gaze_non_flow,0.0,0,openjml,63,physiological,positive
63,54,adjusted_gaze_non_flow,0.0,0,openjml,63,physiological,positive
63,55,adjusted_gaze_non_flow,0.0,0,openjml,63,physiological,positive
63,56,adjusted_gaze_non_flow,0.0,0,openjml,63,physiological,positive
63,57,adjusted_gaze_non_flow,0.0,0,openjml,63,physiological,positive
63,58,adjusted_gaze_non_flow,0.0,0,openjml,63,physiological,positive
63,59,adjusted_gaze_non_flow,0.0,0,openjml,63,physiological,positive
63,60,adjusted_gaze_non_flow,0.0,0,openjml,63,physiological,positive
63,61,adjusted_gaze_non_flow,0.0,0,openjml,63,physiological,positive
63,62,adjusted_gaze_non_flow,0.0,0,openjml,63,physiological,positive
63,63,adjusted_gaze_non_flow,0.0,0,openjml,63,physiological,positive
63,64,adjusted_gaze_non_flow,0.0,0,openjml,63,physiological,positive
63,1,adjusted_fix_flow,0.8996162857142859,22,openjml,63,physiological,positive
63,2,adjusted_fix_flow,1.550205,65,openjml,63,physiological,positive
63,3,adjusted_fix_flow,1.4372716666666667,61,openjml,63,physiological,positive
63,4,adjusted_fix_flow,0.831264,48,openjml,63,physiological,positive
63,5,adjusted_fix_flow,0.9216433333333334,23,openjml,63,physiological,positive
63,6,adjusted_fix_flow,2.34856925,62,openjml,63,physiological,positive
63,7,adjusted_fix_flow,0.0,23,openjml,63,physiological,positive
63,8,adjusted_fix_flow,1.495002,45,openjml,63,physiological,positive
63,9,adjusted_fix_flow,1.79808875,21,openjml,63,physiological,positive
63,10,adjusted_fix_flow,1.243632,12,openjml,63,physiological,positive
63,11,adjusted_fix_flow,1.6806484000000002,45,openjml,63,physiological,positive
63,12,adjusted_fix_flow,0.7300476666666667,65,openjml,63,physiological,positive
63,13,adjusted_fix_flow,0.236364,40,openjml,63,physiological,positive
63,14,adjusted_fix_flow,1.486476666666667,20,openjml,63,physiological,positive
63,15,adjusted_fix_flow,1.6561683333333337,21,openjml,63,physiological,positive
63,16,adjusted_fix_flow,0.9332985,20,openjml,63,physiological,positive
63,17,adjusted_fix_flow,0.979863,0,openjml,63,physiological,positive
63,18,adjusted_fix_flow,1.44657,0,openjml,63,physiological,positive
63,19,adjusted_fix_flow,2.64935,0,openjml,63,physiological,positive
63,20,adjusted_fix_flow,0.698413,0,openjml,63,physiological,positive
63,21,adjusted_fix_flow,0.998019125,0,openjml,63,physiological,positive
63,22,adjusted_fix_flow,1.414336375,0,openjml,63,physiological,positive
63,23,adjusted_fix_flow,0.64260675,0,openjml,63,physiological,positive
63,24,adjusted_fix_flow,0.525893,0,openjml,63,physiological,positive
63,25,adjusted_fix_flow,1.39352,0,openjml,63,physiological,positive
63,26,adjusted_fix_flow,1.5599625,0,openjml,63,physiological,positive
63,27,adjusted_fix_flow,0.520835,0,openjml,63,physiological,positive
63,28,adjusted_fix_flow,0.814161,0,openjml,63,physiological,positive
63,29,adjusted_fix_flow,1.0257467500000002,0,openjml,63,physiological,positive
63,30,adjusted_fix_flow,2.060645,0,openjml,63,physiological,positive
63,31,adjusted_fix_flow,1.028306,0,openjml,63,physiological,positive
63,32,adjusted_fix_flow,1.5692050000000002,0,openjml,63,physiological,positive
63,33,adjusted_fix_flow,0.8923857777777777,0,openjml,63,physiological,positive
63,34,adjusted_fix_flow,0.8557254285714286,0,openjml,63,physiological,positive
63,35,adjusted_fix_flow,1.340073,0,openjml,63,physiological,positive
63,36,adjusted_fix_flow,1.4290046666666665,0,openjml,63,physiological,positive
63,37,adjusted_fix_flow,1.0569911428571428,0,openjml,63,physiological,positive
63,38,adjusted_fix_flow,0.7603277142857143,0,openjml,63,physiological,positive
63,39,adjusted_fix_flow,0.0,0,openjml,63,physiological,positive
63,40,adjusted_fix_flow,0.0,0,openjml,63,physiological,positive
63,41,adjusted_fix_flow,0.0,0,openjml,63,physiological,positive
63,42,adjusted_fix_flow,0.0,0,openjml,63,physiological,positive
63,43,adjusted_fix_flow,0.0,0,openjml,63,physiological,positive
63,44,adjusted_fix_flow,0.0,0,openjml,63,physiological,positive
63,45,adjusted_fix_flow,0.0,0,openjml,63,physiological,positive
63,46,adjusted_fix_flow,0.0,0,openjml,63,physiological,positive
63,47,adjusted_fix_flow,0.0,0,openjml,63,physiological,positive
63,48,adjusted_fix_flow,0.0,0,openjml,63,physiological,positive
63,49,adjusted_fix_flow,0.0,0,openjml,63,physiological,positive
63,50,adjusted_fix_flow,0.0,0,openjml,63,physiological,positive
63,51,adjusted_fix_flow,0.0,0,openjml,63,physiological,positive
63,52,adjusted_fix_flow,0.0,0,openjml,63,physiological,positive
63,53,adjusted_fix_flow,0.0,0,openjml,63,physiological,positive
63,54,adjusted_fix_flow,0.0,0,openjml,63,physiological,positive
63,55,adjusted_fix_flow,0.0,0,openjml,63,physiological,positive
63,56,adjusted_fix_flow,0.0,0,openjml,63,physiological,positive
63,57,adjusted_fix_flow,0.0,0,openjml,63,physiological,positive
63,58,adjusted_fix_flow,0.0,0,openjml,63,physiological,positive
63,59,adjusted_fix_flow,0.0,0,openjml,63,physiological,positive
63,60,adjusted_fix_flow,0.0,0,openjml,63,physiological,positive
63,61,adjusted_fix_flow,0.0,0,openjml,63,physiological,positive
63,62,adjusted_fix_flow,0.0,0,openjml,63,physiological,positive
63,63,adjusted_fix_flow,0.0,0,openjml,63,physiological,positive
63,64,adjusted_fix_flow,0.0,0,openjml,63,physiological,positive
63,1,adjusted_fix_non_flow,1.0428102857142858,22,openjml,63,physiological,positive
63,2,adjusted_fix_non_flow,0.8280616666666666,65,openjml,63,physiological,positive
63,3,adjusted_fix_non_flow,0.914679,61,openjml,63,physiological,positive
63,4,adjusted_fix_non_flow,1.125655,48,openjml,63,physiological,positive
63,5,adjusted_fix_non_flow,1.10377,23,openjml,63,physiological,positive
63,6,adjusted_fix_non_flow,0.932572,62,openjml,63,physiological,positive
63,7,adjusted_fix_non_flow,1.02222,23,openjml,63,physiological,positive
63,8,adjusted_fix_non_flow,0.8415996,45,openjml,63,physiological,positive
63,9,adjusted_fix_non_flow,0.97719675,21,openjml,63,physiological,positive
63,10,adjusted_fix_non_flow,0.9378979333333334,12,openjml,63,physiological,positive
63,11,adjusted_fix_non_flow,0.8752138,45,openjml,63,physiological,positive
63,12,adjusted_fix_non_flow,1.0821593333333333,65,openjml,63,physiological,positive
63,13,adjusted_fix_non_flow,1.22909,40,openjml,63,physiological,positive
63,14,adjusted_fix_non_flow,0.7493910833333334,20,openjml,63,physiological,positive
63,15,adjusted_fix_non_flow,0.9343831666666668,21,openjml,63,physiological,positive
63,16,adjusted_fix_non_flow,1.0090931666666665,20,openjml,63,physiological,positive
63,17,adjusted_fix_non_flow,1.0076465,0,openjml,63,physiological,positive
63,18,adjusted_fix_non_flow,0.7839175,0,openjml,63,physiological,positive
63,19,adjusted_fix_non_flow,0.850059,0,openjml,63,physiological,positive
63,20,adjusted_fix_non_flow,1.04762,0,openjml,63,physiological,positive
63,21,adjusted_fix_non_flow,1.000455375,0,openjml,63,physiological,positive
63,22,adjusted_fix_non_flow,0.97654725,0,openjml,63,physiological,positive
63,23,adjusted_fix_non_flow,1.580765,0,openjml,63,physiological,positive
63,24,adjusted_fix_non_flow,1.091175,0,openjml,63,physiological,positive
63,25,adjusted_fix_non_flow,0.8901805,0,openjml,63,physiological,positive
63,26,adjusted_fix_non_flow,0.8911195,0,openjml,63,physiological,positive
63,27,adjusted_fix_non_flow,1.151316,0,openjml,63,physiological,positive
63,28,adjusted_fix_non_flow,1.05973,0,openjml,63,physiological,positive
63,29,adjusted_fix_non_flow,0.9845515,0,openjml,63,physiological,positive
63,30,adjusted_fix_non_flow,0.775632375,0,openjml,63,physiological,positive
63,31,adjusted_fix_non_flow,0.984001125,0,openjml,63,physiological,positive
63,32,adjusted_fix_non_flow,0.8822336249999999,0,openjml,63,physiological,positive
63,33,adjusted_fix_non_flow,1.2104448888888888,0,openjml,63,physiological,positive
63,34,adjusted_fix_non_flow,1.1129104285714284,0,openjml,63,physiological,positive
63,35,adjusted_fix_non_flow,0.90777625,0,openjml,63,physiological,positive
63,36,adjusted_fix_non_flow,0.8970391666666666,0,openjml,63,physiological,positive
63,37,adjusted_fix_non_flow,0.9867467142857144,0,openjml,63,physiological,positive
63,38,adjusted_fix_non_flow,1.014098142857143,0,openjml,63,physiological,positive
63,39,adjusted_fix_non_flow,0.0,0,openjml,63,physiological,positive
63,40,adjusted_fix_non_flow,0.0,0,openjml,63,physiological,positive
63,41,adjusted_fix_non_flow,0.0,0,openjml,63,physiological,positive
63,42,adjusted_fix_non_flow,0.0,0,openjml,63,physiological,positive
63,43,adjusted_fix_non_flow,0.0,0,openjml,63,physiological,positive
63,44,adjusted_fix_non_flow,0.0,0,openjml,63,physiological,positive
63,45,adjusted_fix_non_flow,0.0,0,openjml,63,physiological,positive
63,46,adjusted_fix_non_flow,0.0,0,openjml,63,physiological,positive
63,47,adjusted_fix_non_flow,0.0,0,openjml,63,physiological,positive
63,48,adjusted_fix_non_flow,0.0,0,openjml,63,physiological,positive
63,49,adjusted_fix_non_flow,0.0,0,openjml,63,physiological,positive
63,50,adjusted_fix_non_flow,0.0,0,openjml,63,physiological,positive
63,51,adjusted_fix_non_flow,0.0,0,openjml,63,physiological,positive
63,52,adjusted_fix_non_flow,0.0,0,openjml,63,physiological,positive
63,53,adjusted_fix_non_flow,0.0,0,openjml,63,physiological,positive
63,54,adjusted_fix_non_flow,0.0,0,openjml,63,physiological,positive
63,55,adjusted_fix_non_flow,0.0,0,openjml,63,physiological,positive
63,56,adjusted_fix_non_flow,0.0,0,openjml,63,physiological,positive
63,57,adjusted_fix_non_flow,0.0,0,openjml,63,physiological,positive
63,58,adjusted_fix_non_flow,0.0,0,openjml,63,physiological,positive
63,59,adjusted_fix_non_flow,0.0,0,openjml,63,physiological,positive
63,60,adjusted_fix_non_flow,0.0,0,openjml,63,physiological,positive
63,61,adjusted_fix_non_flow,0.0,0,openjml,63,physiological,positive
63,62,adjusted_fix_non_flow,0.0,0,openjml,63,physiological,positive
63,63,adjusted_fix_non_flow,0.0,0,openjml,63,physiological,positive
63,64,adjusted_fix_non_flow,0.0,0,openjml,63,physiological,positive
63,1,adjusted_gaze_call,1.3207982857142857,22,openjml,63,physiological,positive
63,2,adjusted_gaze_call,1.3130311666666667,65,openjml,63,physiological,positive
63,3,adjusted_gaze_call,0.9968253333333332,61,openjml,63,physiological,positive
63,4,adjusted_gaze_call,1.031472,48,openjml,63,physiological,positive
63,5,adjusted_gaze_call,1.1174448,23,openjml,63,physiological,positive
63,6,adjusted_gaze_call,0.7654860000000001,62,openjml,63,physiological,positive
63,7,adjusted_gaze_call,1.4630325000000002,23,openjml,63,physiological,positive
63,8,adjusted_gaze_call,1.26103,45,openjml,63,physiological,positive
63,9,adjusted_gaze_call,0.9923812,21,openjml,63,physiological,positive
63,10,adjusted_gaze_call,1.145975,12,openjml,63,physiological,positive
63,11,adjusted_gaze_call,1.0657764,45,openjml,63,physiological,positive
63,12,adjusted_gaze_call,1.363254,65,openjml,63,physiological,positive
63,13,adjusted_gaze_call,0.7502295000000001,40,openjml,63,physiological,positive
63,14,adjusted_gaze_call,1.23122,20,openjml,63,physiological,positive
63,15,adjusted_gaze_call,0.7226378333333335,21,openjml,63,physiological,positive
63,16,adjusted_gaze_call,1.1199156666666668,20,openjml,63,physiological,positive
63,17,adjusted_gaze_call,0.7965374333333334,0,openjml,63,physiological,positive
63,18,adjusted_gaze_call,1.49011,0,openjml,63,physiological,positive
63,19,adjusted_gaze_call,1.1109274999999998,0,openjml,63,physiological,positive
63,20,adjusted_gaze_call,1.48593,0,openjml,63,physiological,positive
63,21,adjusted_gaze_call,2.22419,0,openjml,63,physiological,positive
63,22,adjusted_gaze_call,1.171768,0,openjml,63,physiological,positive
63,23,adjusted_gaze_call,0.570859375,0,openjml,63,physiological,positive
63,24,adjusted_gaze_call,1.9959475,0,openjml,63,physiological,positive
63,25,adjusted_gaze_call,1.577285,0,openjml,63,physiological,positive
63,26,adjusted_gaze_call,1.76128,0,openjml,63,physiological,positive
63,27,adjusted_gaze_call,2.319255,0,openjml,63,physiological,positive
63,28,adjusted_gaze_call,1.192862,0,openjml,63,physiological,positive
63,29,adjusted_gaze_call,0.969181,0,openjml,63,physiological,positive
63,30,adjusted_gaze_call,1.1555195,0,openjml,63,physiological,positive
63,31,adjusted_gaze_call,0.8852586250000001,0,openjml,63,physiological,positive
63,32,adjusted_gaze_call,2.61380875,0,openjml,63,physiological,positive
63,33,adjusted_gaze_call,1.329637375,0,openjml,63,physiological,positive
63,34,adjusted_gaze_call,1.6969304444444444,0,openjml,63,physiological,positive
63,35,adjusted_gaze_call,1.2604557142857142,0,openjml,63,physiological,positive
63,36,adjusted_gaze_call,1.387386857142857,0,openjml,63,physiological,positive
63,37,adjusted_gaze_call,1.166334625,0,openjml,63,physiological,positive
63,38,adjusted_gaze_call,1.15456,0,openjml,63,physiological,positive
63,39,adjusted_gaze_call,1.4981557142857145,0,openjml,63,physiological,positive
63,40,adjusted_gaze_call,1.1509637142857143,0,openjml,63,physiological,positive
63,41,adjusted_gaze_call,0.0,0,openjml,63,physiological,positive
63,42,adjusted_gaze_call,0.0,0,openjml,63,physiological,positive
63,43,adjusted_gaze_call,0.0,0,openjml,63,physiological,positive
63,44,adjusted_gaze_call,0.0,0,openjml,63,physiological,positive
63,45,adjusted_gaze_call,0.0,0,openjml,63,physiological,positive
63,46,adjusted_gaze_call,0.0,0,openjml,63,physiological,positive
63,47,adjusted_gaze_call,0.0,0,openjml,63,physiological,positive
63,48,adjusted_gaze_call,0.0,0,openjml,63,physiological,positive
63,49,adjusted_gaze_call,0.0,0,openjml,63,physiological,positive
63,50,adjusted_gaze_call,0.0,0,openjml,63,physiological,positive
63,51,adjusted_gaze_call,0.0,0,openjml,63,physiological,positive
63,52,adjusted_gaze_call,0.0,0,openjml,63,physiological,positive
63,53,adjusted_gaze_call,0.0,0,openjml,63,physiological,positive
63,54,adjusted_gaze_call,0.0,0,openjml,63,physiological,positive
63,55,adjusted_gaze_call,0.0,0,openjml,63,physiological,positive
63,56,adjusted_gaze_call,0.0,0,openjml,63,physiological,positive
63,57,adjusted_gaze_call,0.0,0,openjml,63,physiological,positive
63,58,adjusted_gaze_call,0.0,0,openjml,63,physiological,positive
63,59,adjusted_gaze_call,0.0,0,openjml,63,physiological,positive
63,60,adjusted_gaze_call,0.0,0,openjml,63,physiological,positive
63,61,adjusted_gaze_call,0.0,0,openjml,63,physiological,positive
63,62,adjusted_gaze_call,0.0,0,openjml,63,physiological,positive
63,63,adjusted_gaze_call,0.0,0,openjml,63,physiological,positive
63,64,adjusted_gaze_call,0.0,0,openjml,63,physiological,positive
63,1,adjusted_gaze_non_call,0.839600857142857,22,openjml,63,physiological,positive
63,2,adjusted_gaze_non_call,0.9373936666666666,65,openjml,63,physiological,positive
63,3,adjusted_gaze_non_call,1.0035863333333337,61,openjml,63,physiological,positive
63,4,adjusted_gaze_non_call,0.979227,48,openjml,63,physiological,positive
63,5,adjusted_gaze_non_call,0.942865,23,openjml,63,physiological,positive
63,6,adjusted_gaze_non_call,1.031691,62,openjml,63,physiological,positive
63,7,adjusted_gaze_non_call,0.4443625,23,openjml,63,physiological,positive
63,8,adjusted_gaze_non_call,0.738974,45,openjml,63,physiological,positive
63,9,adjusted_gaze_non_call,1.0106646,21,openjml,63,physiological,positive
63,10,adjusted_gaze_non_call,0.84543875,12,openjml,63,physiological,positive
63,11,adjusted_gaze_non_call,0.9446091333333332,45,openjml,63,physiological,positive
63,12,adjusted_gaze_non_call,0.7430656000000001,65,openjml,63,physiological,positive
63,13,adjusted_gaze_non_call,1.2664225,40,openjml,63,physiological,positive
63,14,adjusted_gaze_non_call,0.867872,20,openjml,63,physiological,positive
63,15,adjusted_gaze_non_call,1.1158608333333335,21,openjml,63,physiological,positive
63,16,adjusted_gaze_non_call,0.854389,20,openjml,63,physiological,positive
63,17,adjusted_gaze_non_call,1.0915588333333333,0,openjml,63,physiological,positive
63,18,adjusted_gaze_non_call,0.6707650000000001,0,openjml,63,physiological,positive
63,19,adjusted_gaze_non_call,0.9096125,0,openjml,63,physiological,positive
63,20,adjusted_gaze_non_call,0.670265,0,openjml,63,physiological,positive
63,21,adjusted_gaze_non_call,0.21302,0,openjml,63,physiological,positive
63,22,adjusted_gaze_non_call,0.87458125,0,openjml,63,physiological,positive
63,23,adjusted_gaze_non_call,1.146536625,0,openjml,63,physiological,positive
63,24,adjusted_gaze_non_call,0.61447175,0,openjml,63,physiological,positive
63,25,adjusted_gaze_non_call,0.6943794999999999,0,openjml,63,physiological,positive
63,26,adjusted_gaze_non_call,0.7281135,0,openjml,63,physiological,positive
63,27,adjusted_gaze_non_call,0.72705,0,openjml,63,physiological,positive
63,28,adjusted_gaze_non_call,0.78570685,0,openjml,63,physiological,positive
63,29,adjusted_gaze_non_call,1.018761,0,openjml,63,physiological,positive
63,30,adjusted_gaze_non_call,0.88336025,0,openjml,63,physiological,positive
63,31,adjusted_gaze_non_call,1.15035125,0,openjml,63,physiological,positive
63,32,adjusted_gaze_non_call,0.6772382499999999,0,openjml,63,physiological,positive
63,33,adjusted_gaze_non_call,0.7802422499999999,0,openjml,63,physiological,positive
63,34,adjusted_gaze_non_call,0.9502195555555556,0,openjml,63,physiological,positive
63,35,adjusted_gaze_non_call,0.8511685714285714,0,openjml,63,physiological,positive
63,36,adjusted_gaze_non_call,0.567039,0,openjml,63,physiological,positive
63,37,adjusted_gaze_non_call,0.8995065,0,openjml,63,physiological,positive
63,38,adjusted_gaze_non_call,0.8754933333333333,0,openjml,63,physiological,positive
63,39,adjusted_gaze_non_call,0.6419508571428573,0,openjml,63,physiological,positive
63,40,adjusted_gaze_non_call,0.7052595714285713,0,openjml,63,physiological,positive
63,41,adjusted_gaze_non_call,0.0,0,openjml,63,physiological,positive
63,42,adjusted_gaze_non_call,0.0,0,openjml,63,physiological,positive
63,43,adjusted_gaze_non_call,0.0,0,openjml,63,physiological,positive
63,44,adjusted_gaze_non_call,0.0,0,openjml,63,physiological,positive
63,45,adjusted_gaze_non_call,0.0,0,openjml,63,physiological,positive
63,46,adjusted_gaze_non_call,0.0,0,openjml,63,physiological,positive
63,47,adjusted_gaze_non_call,0.0,0,openjml,63,physiological,positive
63,48,adjusted_gaze_non_call,0.0,0,openjml,63,physiological,positive
63,49,adjusted_gaze_non_call,0.0,0,openjml,63,physiological,positive
63,50,adjusted_gaze_non_call,0.0,0,openjml,63,physiological,positive
63,51,adjusted_gaze_non_call,0.0,0,openjml,63,physiological,positive
63,52,adjusted_gaze_non_call,0.0,0,openjml,63,physiological,positive
63,53,adjusted_gaze_non_call,0.0,0,openjml,63,physiological,positive
63,54,adjusted_gaze_non_call,0.0,0,openjml,63,physiological,positive
63,55,adjusted_gaze_non_call,0.0,0,openjml,63,physiological,positive
63,56,adjusted_gaze_non_call,0.0,0,openjml,63,physiological,positive
63,57,adjusted_gaze_non_call,0.0,0,openjml,63,physiological,positive
63,58,adjusted_gaze_non_call,0.0,0,openjml,63,physiological,positive
63,59,adjusted_gaze_non_call,0.0,0,openjml,63,physiological,positive
63,60,adjusted_gaze_non_call,0.0,0,openjml,63,physiological,positive
63,61,adjusted_gaze_non_call,0.0,0,openjml,63,physiological,positive
63,62,adjusted_gaze_non_call,0.0,0,openjml,63,physiological,positive
63,63,adjusted_gaze_non_call,0.0,0,openjml,63,physiological,positive
63,64,adjusted_gaze_non_call,0.0,0,openjml,63,physiological,positive
63,1,adjusted_fix_call,1.5315628571428572,22,openjml,63,physiological,positive
63,2,adjusted_fix_call,1.3597468333333331,65,openjml,63,physiological,positive
63,3,adjusted_fix_call,1.01612,61,openjml,63,physiological,positive
63,4,adjusted_fix_call,1.051205,48,openjml,63,physiological,positive
63,5,adjusted_fix_call,0.9722538,23,openjml,63,physiological,positive
63,6,adjusted_fix_call,0.741572,62,openjml,63,physiological,positive
63,7,adjusted_fix_call,1.4210000000000005,23,openjml,63,physiological,positive
63,8,adjusted_fix_call,1.13846,45,openjml,63,physiological,positive
63,9,adjusted_fix_call,0.9836478,21,openjml,63,physiological,positive
63,10,adjusted_fix_call,1.21572,12,openjml,63,physiological,positive
63,11,adjusted_fix_call,1.0566778666666667,45,openjml,63,physiological,positive
63,12,adjusted_fix_call,1.211518,65,openjml,63,physiological,positive
63,13,adjusted_fix_call,0.7976386666666667,40,openjml,63,physiological,positive
63,14,adjusted_fix_call,1.2,20,openjml,63,physiological,positive
63,15,adjusted_fix_call,0.7751625833333334,21,openjml,63,physiological,positive
63,16,adjusted_fix_call,1.103268666666667,20,openjml,63,physiological,positive
63,17,adjusted_fix_call,0.681917,0,openjml,63,physiological,positive
63,18,adjusted_fix_call,1.398075,0,openjml,63,physiological,positive
63,19,adjusted_fix_call,0.976522,0,openjml,63,physiological,positive
63,20,adjusted_fix_call,1.39643,0,openjml,63,physiological,positive
63,21,adjusted_fix_call,1.94709,0,openjml,63,physiological,positive
63,22,adjusted_fix_call,1.12094425,0,openjml,63,physiological,positive
63,23,adjusted_fix_call,0.4681375,0,openjml,63,physiological,positive
63,24,adjusted_fix_call,2.03806375,0,openjml,63,physiological,positive
63,25,adjusted_fix_call,1.87406,0,openjml,63,physiological,positive
63,26,adjusted_fix_call,1.49841,0,openjml,63,physiological,positive
63,27,adjusted_fix_call,1.957235,0,openjml,63,physiological,positive
63,28,adjusted_fix_call,1.152315,0,openjml,63,physiological,positive
63,29,adjusted_fix_call,0.820661,0,openjml,63,physiological,positive
63,30,adjusted_fix_call,1.2096975,0,openjml,63,physiological,positive
63,31,adjusted_fix_call,0.8896772499999999,0,openjml,63,physiological,positive
63,32,adjusted_fix_call,2.4722350000000004,0,openjml,63,physiological,positive
63,33,adjusted_fix_call,1.42003725,0,openjml,63,physiological,positive
63,34,adjusted_fix_call,1.629032222222222,0,openjml,63,physiological,positive
63,35,adjusted_fix_call,1.3643342857142855,0,openjml,63,physiological,positive
63,36,adjusted_fix_call,1.4093742857142857,0,openjml,63,physiological,positive
63,37,adjusted_fix_call,1.124723,0,openjml,63,physiological,positive
63,38,adjusted_fix_call,1.1437178333333335,0,openjml,63,physiological,positive
63,39,adjusted_fix_call,1.52509,0,openjml,63,physiological,positive
63,40,adjusted_fix_call,1.1285195714285714,0,openjml,63,physiological,positive
63,41,adjusted_fix_call,0.0,0,openjml,63,physiological,positive
63,42,adjusted_fix_call,0.0,0,openjml,63,physiological,positive
63,43,adjusted_fix_call,0.0,0,openjml,63,physiological,positive
63,44,adjusted_fix_call,0.0,0,openjml,63,physiological,positive
63,45,adjusted_fix_call,0.0,0,openjml,63,physiological,positive
63,46,adjusted_fix_call,0.0,0,openjml,63,physiological,positive
63,47,adjusted_fix_call,0.0,0,openjml,63,physiological,positive
63,48,adjusted_fix_call,0.0,0,openjml,63,physiological,positive
63,49,adjusted_fix_call,0.0,0,openjml,63,physiological,positive
63,50,adjusted_fix_call,0.0,0,openjml,63,physiological,positive
63,51,adjusted_fix_call,0.0,0,openjml,63,physiological,positive
63,52,adjusted_fix_call,0.0,0,openjml,63,physiological,positive
63,53,adjusted_fix_call,0.0,0,openjml,63,physiological,positive
63,54,adjusted_fix_call,0.0,0,openjml,63,physiological,positive
63,55,adjusted_fix_call,0.0,0,openjml,63,physiological,positive
63,56,adjusted_fix_call,0.0,0,openjml,63,physiological,positive
63,57,adjusted_fix_call,0.0,0,openjml,63,physiological,positive
63,58,adjusted_fix_call,0.0,0,openjml,63,physiological,positive
63,59,adjusted_fix_call,0.0,0,openjml,63,physiological,positive
63,60,adjusted_fix_call,0.0,0,openjml,63,physiological,positive
63,61,adjusted_fix_call,0.0,0,openjml,63,physiological,positive
63,62,adjusted_fix_call,0.0,0,openjml,63,physiological,positive
63,63,adjusted_fix_call,0.0,0,openjml,63,physiological,positive
63,64,adjusted_fix_call,0.0,0,openjml,63,physiological,positive
63,1,adjusted_fix_non_call,0.7342182857142856,22,openjml,63,physiological,positive
63,2,adjusted_fix_non_call,0.928051,65,openjml,63,physiological,positive
63,3,adjusted_fix_non_call,0.9817771666666668,61,openjml,63,physiological,positive
63,4,adjusted_fix_non_call,0.966205,48,openjml,63,physiological,positive
63,5,adjusted_fix_non_call,1.0134994,23,openjml,63,physiological,positive
63,6,adjusted_fix_non_call,1.0349243333333331,62,openjml,63,physiological,positive
63,7,adjusted_fix_non_call,0.4948025,23,openjml,63,physiological,positive
63,8,adjusted_fix_non_call,0.861538,45,openjml,63,physiological,positive
63,9,adjusted_fix_non_call,1.0228922,21,openjml,63,physiological,positive
63,10,adjusted_fix_non_call,0.7715924999999999,12,openjml,63,physiological,positive
63,11,adjusted_fix_non_call,0.9522716666666668,45,openjml,63,physiological,positive
63,12,adjusted_fix_non_call,0.8503906000000001,65,openjml,63,physiological,positive
63,13,adjusted_fix_non_call,1.2158498333333332,40,openjml,63,physiological,positive
63,14,adjusted_fix_non_call,0.885714,20,openjml,63,physiological,positive
63,15,adjusted_fix_non_call,1.093919,21,openjml,63,physiological,positive
63,16,adjusted_fix_non_call,0.8746015000000001,20,openjml,63,physiological,positive
63,17,adjusted_fix_non_call,1.1431371666666668,0,openjml,63,physiological,positive
63,18,adjusted_fix_non_call,0.732591,0,openjml,63,physiological,positive
63,19,adjusted_fix_non_call,1.0191305000000002,0,openjml,63,physiological,positive
63,20,adjusted_fix_non_call,0.730991,0,openjml,63,physiological,positive
63,21,adjusted_fix_non_call,0.391156,0,openjml,63,physiological,positive
63,22,adjusted_fix_non_call,0.911691625,0,openjml,63,physiological,positive
63,23,adjusted_fix_non_call,1.181611875,0,openjml,63,physiological,positive
63,24,adjusted_fix_non_call,0.598169,0,openjml,63,physiological,positive
63,25,adjusted_fix_non_call,0.5372645,0,openjml,63,physiological,positive
63,26,adjusted_fix_non_call,0.8219965,0,openjml,63,physiological,positive
63,27,adjusted_fix_non_call,0.801951,0,openjml,63,physiological,positive
63,28,adjusted_fix_non_call,0.83075965,0,openjml,63,physiological,positive
63,29,adjusted_fix_non_call,1.109165,0,openjml,63,physiological,positive
63,30,adjusted_fix_non_call,0.8427250000000001,0,openjml,63,physiological,positive
63,31,adjusted_fix_non_call,1.1445605,0,openjml,63,physiological,positive
63,32,adjusted_fix_non_call,0.70555325,0,openjml,63,physiological,positive
63,33,adjusted_fix_non_call,0.71997575,0,openjml,63,physiological,positive
63,34,adjusted_fix_non_call,0.9550685555555556,0,openjml,63,physiological,positive
63,35,adjusted_fix_non_call,0.7918085714285714,0,openjml,63,physiological,positive
63,36,adjusted_fix_non_call,0.5424632857142857,0,openjml,63,physiological,positive
63,37,adjusted_fix_non_call,0.92464825,0,openjml,63,physiological,positive
63,38,adjusted_fix_non_call,0.8842275,0,openjml,63,physiological,positive
63,39,adjusted_fix_non_call,0.6225907142857142,0,openjml,63,physiological,positive
63,40,adjusted_fix_non_call,0.7490825714285714,0,openjml,63,physiological,positive
63,41,adjusted_fix_non_call,0.0,0,openjml,63,physiological,positive
63,42,adjusted_fix_non_call,0.0,0,openjml,63,physiological,positive
63,43,adjusted_fix_non_call,0.0,0,openjml,63,physiological,positive
63,44,adjusted_fix_non_call,0.0,0,openjml,63,physiological,positive
63,45,adjusted_fix_non_call,0.0,0,openjml,63,physiological,positive
63,46,adjusted_fix_non_call,0.0,0,openjml,63,physiological,positive
63,47,adjusted_fix_non_call,0.0,0,openjml,63,physiological,positive
63,48,adjusted_fix_non_call,0.0,0,openjml,63,physiological,positive
63,49,adjusted_fix_non_call,0.0,0,openjml,63,physiological,positive
63,50,adjusted_fix_non_call,0.0,0,openjml,63,physiological,positive
63,51,adjusted_fix_non_call,0.0,0,openjml,63,physiological,positive
63,52,adjusted_fix_non_call,0.0,0,openjml,63,physiological,positive
63,53,adjusted_fix_non_call,0.0,0,openjml,63,physiological,positive
63,54,adjusted_fix_non_call,0.0,0,openjml,63,physiological,positive
63,55,adjusted_fix_non_call,0.0,0,openjml,63,physiological,positive
63,56,adjusted_fix_non_call,0.0,0,openjml,63,physiological,positive
63,57,adjusted_fix_non_call,0.0,0,openjml,63,physiological,positive
63,58,adjusted_fix_non_call,0.0,0,openjml,63,physiological,positive
63,59,adjusted_fix_non_call,0.0,0,openjml,63,physiological,positive
63,60,adjusted_fix_non_call,0.0,0,openjml,63,physiological,positive
63,61,adjusted_fix_non_call,0.0,0,openjml,63,physiological,positive
63,62,adjusted_fix_non_call,0.0,0,openjml,63,physiological,positive
63,63,adjusted_fix_non_call,0.0,0,openjml,63,physiological,positive
63,64,adjusted_fix_non_call,0.0,0,openjml,63,physiological,positive
9_gc,1,gap_accuracy,0.3958333333333333,5,openjml,9_gc,correctness,negative
9_gc,2,gap_accuracy,0.2740740740740741,5,openjml,9_gc,correctness,negative
9_gc,3,gap_accuracy,0.5,2,openjml,9_gc,correctness,negative
9_gc,4,gap_accuracy,0.5238095238095238,2,openjml,9_gc,correctness,negative
9_gc,5,gap_accuracy,0.4830917874396134,1,openjml,9_gc,correctness,negative
9_gc,6,gap_accuracy,0.4021164021164021,1,openjml,9_gc,correctness,negative
9_gc,7,gap_accuracy,0.369047619047619,1,openjml,9_gc,correctness,negative
9_gc,8,gap_accuracy,0.3666666666666667,1,openjml,9_gc,correctness,negative
9_gc,9,gap_accuracy,0.4682539682539682,2,openjml,9_gc,correctness,negative
9_gc,10,gap_accuracy,0.5253623188405797,2,openjml,9_gc,correctness,negative
9_gc,1,readability_level_before,2.8125,5,openjml,9_gc,rating,negative
9_gc,2,readability_level_before,2.6,5,openjml,9_gc,rating,negative
9_gc,3,readability_level_before,2.6,2,openjml,9_gc,rating,negative
9_gc,4,readability_level_before,2.4285714285714284,2,openjml,9_gc,rating,negative
9_gc,5,readability_level_before,3.347826086956522,1,openjml,9_gc,rating,negative
9_gc,6,readability_level_before,3.0,1,openjml,9_gc,rating,negative
9_gc,7,readability_level_before,2.7857142857142856,1,openjml,9_gc,rating,negative
9_gc,8,readability_level_before,2.933333333333333,1,openjml,9_gc,rating,negative
9_gc,9,readability_level_before,3.380952380952381,2,openjml,9_gc,rating,negative
9_gc,10,readability_level_before,3.130434782608696,2,openjml,9_gc,rating,negative
9_gc,1,readability_level_ba,2.59375,5,openjml,9_gc,rating,negative
9_gc,2,readability_level_ba,2.433333333333333,5,openjml,9_gc,rating,negative
9_gc,3,readability_level_ba,2.566666666666667,2,openjml,9_gc,rating,negative
9_gc,4,readability_level_ba,2.5,2,openjml,9_gc,rating,negative
9_gc,5,readability_level_ba,3.1739130434782608,1,openjml,9_gc,rating,negative
9_gc,6,readability_level_ba,2.9285714285714284,1,openjml,9_gc,rating,negative
9_gc,7,readability_level_ba,2.5357142857142856,1,openjml,9_gc,rating,negative
9_gc,8,readability_level_ba,2.9,1,openjml,9_gc,rating,negative
9_gc,9,readability_level_ba,3.380952380952381,2,openjml,9_gc,rating,negative
9_gc,10,readability_level_ba,3.065217391304348,2,openjml,9_gc,rating,negative
9_gc,1,time_to_read_complete,137.36374999999998,5,openjml,9_gc,time,positive
9_gc,2,time_to_read_complete,123.19,5,openjml,9_gc,time,positive
9_gc,3,time_to_read_complete,212.6206666666667,2,openjml,9_gc,time,positive
9_gc,4,time_to_read_complete,202.57285714285717,2,openjml,9_gc,time,positive
9_gc,5,time_to_read_complete,165.18,1,openjml,9_gc,time,positive
9_gc,6,time_to_read_complete,197.07452380952375,1,openjml,9_gc,time,positive
9_gc,7,time_to_read_complete,123.02642857142855,1,openjml,9_gc,time,positive
9_gc,8,time_to_read_complete,533.914,1,openjml,9_gc,time,positive
9_gc,9,time_to_read_complete,126.68928571428567,2,openjml,9_gc,time,positive
9_gc,10,time_to_read_complete,124.6817391304348,2,openjml,9_gc,time,positive
9_bc,1,gap_accuracy,0.3840579710144927,5,openjml,9_bc,correctness,negative
9_bc,2,gap_accuracy,0.4074074074074074,5,openjml,9_bc,correctness,negative
9_bc,3,gap_accuracy,0.611111111111111,2,openjml,9_bc,correctness,negative
9_bc,4,gap_accuracy,0.5052083333333334,2,openjml,9_bc,correctness,negative
9_bc,5,gap_accuracy,0.4126984126984127,1,openjml,9_bc,correctness,negative
9_bc,6,gap_accuracy,0.3703703703703703,1,openjml,9_bc,correctness,negative
9_bc,7,gap_accuracy,0.4895833333333333,1,openjml,9_bc,correctness,negative
9_bc,8,gap_accuracy,0.4444444444444445,1,openjml,9_bc,correctness,negative
9_bc,9,gap_accuracy,0.3666666666666666,2,openjml,9_bc,correctness,negative
9_bc,10,gap_accuracy,0.3928571428571428,2,openjml,9_bc,correctness,negative
9_bc,1,readability_level_before,2.739130434782609,5,openjml,9_bc,rating,negative
9_bc,2,readability_level_before,3.0,5,openjml,9_bc,rating,negative
9_bc,3,readability_level_before,2.6,2,openjml,9_bc,rating,negative
9_bc,4,readability_level_before,2.0,2,openjml,9_bc,rating,negative
9_bc,5,readability_level_before,2.642857142857143,1,openjml,9_bc,rating,negative
9_bc,6,readability_level_before,2.333333333333333,1,openjml,9_bc,rating,negative
9_bc,7,readability_level_before,2.9375,1,openjml,9_bc,rating,negative
9_bc,8,readability_level_before,3.0,1,openjml,9_bc,rating,negative
9_bc,9,readability_level_before,2.4,2,openjml,9_bc,rating,negative
9_bc,10,readability_level_before,2.9285714285714284,2,openjml,9_bc,rating,negative
9_bc,1,readability_level_ba,2.717391304347826,5,openjml,9_bc,rating,negative
9_bc,2,readability_level_ba,2.857142857142857,5,openjml,9_bc,rating,negative
9_bc,3,readability_level_ba,2.533333333333333,2,openjml,9_bc,rating,negative
9_bc,4,readability_level_ba,1.96875,2,openjml,9_bc,rating,negative
9_bc,5,readability_level_ba,2.4642857142857144,1,openjml,9_bc,rating,negative
9_bc,6,readability_level_ba,2.1,1,openjml,9_bc,rating,negative
9_bc,7,readability_level_ba,2.8125,1,openjml,9_bc,rating,negative
9_bc,8,readability_level_ba,2.9,1,openjml,9_bc,rating,negative
9_bc,9,readability_level_ba,2.5,2,openjml,9_bc,rating,negative
9_bc,10,readability_level_ba,2.75,2,openjml,9_bc,rating,negative
9_bc,1,time_to_read_complete,143.56804347826088,5,openjml,9_bc,time,positive
9_bc,2,time_to_read_complete,134.24785714285716,5,openjml,9_bc,time,positive
9_bc,3,time_to_read_complete,161.128,2,openjml,9_bc,time,positive
9_bc,4,time_to_read_complete,188.781875,2,openjml,9_bc,time,positive
9_bc,5,time_to_read_complete,184.0017857142857,1,openjml,9_bc,time,positive
9_bc,6,time_to_read_complete,224.497,1,openjml,9_bc,time,positive
9_bc,7,time_to_read_complete,106.005625,1,openjml,9_bc,time,positive
9_bc,8,time_to_read_complete,111.08466666666664,1,openjml,9_bc,time,positive
9_bc,9,time_to_read_complete,102.94033333333331,2,openjml,9_bc,time,positive
9_bc,10,time_to_read_complete,200.44,2,openjml,9_bc,time,positive
9_nc,1,gap_accuracy,0.380952380952381,5,openjml,9_nc,correctness,negative
9_nc,2,gap_accuracy,0.3259259259259259,5,openjml,9_nc,correctness,negative
9_nc,3,gap_accuracy,0.6507936507936508,2,openjml,9_nc,correctness,negative
9_nc,4,gap_accuracy,0.5253623188405797,2,openjml,9_nc,correctness,negative
9_nc,5,gap_accuracy,0.4583333333333333,1,openjml,9_nc,correctness,negative
9_nc,6,gap_accuracy,0.2814814814814814,1,openjml,9_nc,correctness,negative
9_nc,7,gap_accuracy,0.4347826086956521,1,openjml,9_nc,correctness,negative
9_nc,8,gap_accuracy,0.5158730158730158,1,openjml,9_nc,correctness,negative
9_nc,9,gap_accuracy,0.2777777777777778,2,openjml,9_nc,correctness,negative
9_nc,10,gap_accuracy,0.4635416666666667,2,openjml,9_nc,correctness,negative
9_nc,1,readability_level_before,2.7142857142857144,5,openjml,9_nc,rating,negative
9_nc,2,readability_level_before,2.466666666666667,5,openjml,9_nc,rating,negative
9_nc,3,readability_level_before,2.2857142857142856,2,openjml,9_nc,rating,negative
9_nc,4,readability_level_before,2.347826086956522,2,openjml,9_nc,rating,negative
9_nc,5,readability_level_before,2.25,1,openjml,9_nc,rating,negative
9_nc,6,readability_level_before,2.7333333333333334,1,openjml,9_nc,rating,negative
9_nc,7,readability_level_before,2.3043478260869565,1,openjml,9_nc,rating,negative
9_nc,8,readability_level_before,2.6666666666666665,1,openjml,9_nc,rating,negative
9_nc,9,readability_level_before,2.933333333333333,2,openjml,9_nc,rating,negative
9_nc,10,readability_level_before,2.75,2,openjml,9_nc,rating,negative
9_nc,1,readability_level_ba,2.642857142857143,5,openjml,9_nc,rating,negative
9_nc,2,readability_level_ba,2.333333333333333,5,openjml,9_nc,rating,negative
9_nc,3,readability_level_ba,2.261904761904762,2,openjml,9_nc,rating,negative
9_nc,4,readability_level_ba,2.3043478260869565,2,openjml,9_nc,rating,negative
9_nc,5,readability_level_ba,2.25,1,openjml,9_nc,rating,negative
9_nc,6,readability_level_ba,2.533333333333333,1,openjml,9_nc,rating,negative
9_nc,7,readability_level_ba,2.1956521739130435,1,openjml,9_nc,rating,negative
9_nc,8,readability_level_ba,2.571428571428572,1,openjml,9_nc,rating,negative
9_nc,9,readability_level_ba,2.966666666666667,2,openjml,9_nc,rating,negative
9_nc,10,readability_level_ba,2.65625,2,openjml,9_nc,rating,negative
9_nc,1,time_to_read_complete,97.71571428571428,5,openjml,9_nc,time,positive
9_nc,2,time_to_read_complete,131.76166666666668,5,openjml,9_nc,time,positive
9_nc,3,time_to_read_complete,180.75071428571428,2,openjml,9_nc,time,positive
9_nc,4,time_to_read_complete,191.89021739130436,2,openjml,9_nc,time,positive
9_nc,5,time_to_read_complete,155.11781249999996,1,openjml,9_nc,time,positive
9_nc,6,time_to_read_complete,114.97499999999998,1,openjml,9_nc,time,positive
9_nc,7,time_to_read_complete,166.80847826086958,1,openjml,9_nc,time,positive
9_nc,8,time_to_read_complete,134.88285714285712,1,openjml,9_nc,time,positive
9_nc,9,time_to_read_complete,81.70666666666666,2,openjml,9_nc,time,positive
9_nc,10,time_to_read_complete,115.8690625,2,openjml,9_nc,time,positive
f,1,perc_correct_output,39.47368421052632,4,openjml,f,correctness,negative
f,2,perc_correct_output,89.47368421052632,4,openjml,f,correctness,negative
f,3,perc_correct_output,78.94736842105263,2,openjml,f,correctness,negative
f,4,perc_correct_output,47.368421052631575,1,openjml,f,correctness,negative
f,5,perc_correct_output,52.63157894736842,1,openjml,f,correctness,negative
f,6,perc_correct_output,100.0,1,openjml,f,correctness,negative
f,7,perc_correct_output,78.94736842105263,0,openjml,f,correctness,negative
f,8,perc_correct_output,61.11111111111112,0,openjml,f,correctness,negative
f,9,perc_correct_output,66.66666666666666,1,openjml,f,correctness,negative
f,10,perc_correct_output,88.88888888888889,4,openjml,f,correctness,negative
f,11,perc_correct_output,94.73684210526316,2,openjml,f,correctness,negative
f,12,perc_correct_output,84.21052631578947,2,openjml,f,correctness,negative
f,13,perc_correct_output,78.94736842105263,2,openjml,f,correctness,negative
f,14,perc_correct_output,68.42105263157895,3,openjml,f,correctness,negative
f,15,perc_correct_output,18.0,4,openjml,f,correctness,negative
f,16,perc_correct_output,0.0,1,openjml,f,correctness,negative
f,1,brain_deact_31,-2.248355733,4,openjml,f,physiological,negative
f,2,brain_deact_31,-2.137145163,4,openjml,f,physiological,negative
f,3,brain_deact_31,-1.921303548,2,openjml,f,physiological,negative
f,4,brain_deact_31,-1.831843539,1,openjml,f,physiological,negative
f,5,brain_deact_31,-1.93865049,1,openjml,f,physiological,negative
f,6,brain_deact_31,-2.063537981,1,openjml,f,physiological,negative
f,7,brain_deact_31,-1.730000171,0,openjml,f,physiological,negative
f,8,brain_deact_31,-2.103988089,0,openjml,f,physiological,negative
f,9,brain_deact_31,-2.034462625,1,openjml,f,physiological,negative
f,10,brain_deact_31,-2.180495768,4,openjml,f,physiological,negative
f,11,brain_deact_31,-1.936397923,2,openjml,f,physiological,negative
f,12,brain_deact_31,-1.545885531,2,openjml,f,physiological,negative
f,13,brain_deact_31,-1.835985696,2,openjml,f,physiological,negative
f,14,brain_deact_31,-1.897029609,3,openjml,f,physiological,negative
f,15,brain_deact_31,-2.115286243,4,openjml,f,physiological,negative
f,16,brain_deact_31,-1.729084884,1,openjml,f,physiological,negative
f,1,brain_deact_32,-1.774586165,4,openjml,f,physiological,negative
f,2,brain_deact_32,-1.91559082,4,openjml,f,physiological,negative
f,3,brain_deact_32,-1.495832442,2,openjml,f,physiological,negative
f,4,brain_deact_32,-1.46374886,1,openjml,f,physiological,negative
f,5,brain_deact_32,-1.526649428,1,openjml,f,physiological,negative
f,6,brain_deact_32,-1.848531743,1,openjml,f,physiological,negative
f,7,brain_deact_32,-1.236600384,0,openjml,f,physiological,negative
f,8,brain_deact_32,-1.565782627,0,openjml,f,physiological,negative
f,9,brain_deact_32,-1.699418305,1,openjml,f,physiological,negative
f,10,brain_deact_32,-1.907988566,4,openjml,f,physiological,negative
f,11,brain_deact_32,-1.45635117,2,openjml,f,physiological,negative
f,12,brain_deact_32,-1.37916458,2,openjml,f,physiological,negative
f,13,brain_deact_32,-1.458877878,2,openjml,f,physiological,negative
f,14,brain_deact_32,-1.6700936,3,openjml,f,physiological,negative
f,15,brain_deact_32,-1.820133117,4,openjml,f,physiological,negative
f,16,brain_deact_32,-1.241652874,1,openjml,f,physiological,negative
f,1,complexity_level,46.6,4,openjml,f,rating,positive
f,2,complexity_level,73.73684210526316,4,openjml,f,rating,positive
f,3,complexity_level,38.578947368421055,2,openjml,f,rating,positive
f,4,complexity_level,25.88888888888889,1,openjml,f,rating,positive
f,5,complexity_level,61.42105263157895,1,openjml,f,rating,positive
f,6,complexity_level,74.57894736842105,1,openjml,f,rating,positive
f,7,complexity_level,0.0,0,openjml,f,rating,positive
f,8,complexity_level,44.73684210526316,0,openjml,f,rating,positive
f,9,complexity_level,45.44444444444444,1,openjml,f,rating,positive
f,10,complexity_level,57.5,4,openjml,f,rating,positive
f,11,complexity_level,33.31578947368421,2,openjml,f,rating,positive
f,12,complexity_level,25.944444444444443,2,openjml,f,rating,positive
f,13,complexity_level,47.22222222222222,2,openjml,f,rating,positive
f,14,complexity_level,44.44444444444444,3,openjml,f,rating,positive
f,15,complexity_level,47.22222222222222,4,openjml,f,rating,positive
f,16,complexity_level,150.0,1,openjml,f,rating,positive
f,1,time_to_understand,48.275447368421055,4,openjml,f,time,positive
f,2,time_to_understand,30.38747368421053,4,openjml,f,time,positive
f,3,time_to_understand,41.40668421052632,2,openjml,f,time,positive
f,4,time_to_understand,50.024,1,openjml,f,time,positive
f,5,time_to_understand,45.99226315789474,1,openjml,f,time,positive
f,6,time_to_understand,21.517,1,openjml,f,time,positive
f,7,time_to_understand,38.38831578947369,0,openjml,f,time,positive
f,8,time_to_understand,43.33011111111111,0,openjml,f,time,positive
f,9,time_to_understand,42.33516666666665,1,openjml,f,time,positive
f,10,time_to_understand,27.647555555555552,4,openjml,f,time,positive
f,11,time_to_understand,22.280263157894737,2,openjml,f,time,positive
f,12,time_to_understand,35.582526315789465,2,openjml,f,time,positive
f,13,time_to_understand,33.25842105263157,2,openjml,f,time,positive
f,14,time_to_understand,40.122473684210526,3,openjml,f,time,positive
f,15,time_to_understand,445.544,4,openjml,f,time,positive
f,16,time_to_understand,0.0,1,openjml,f,time,positive
