model,iteration,hyperparameters,target,tp_c,tn_c,fp_c,fn_c,tp_cw,tn_cw,fp_cw,fn_cw,precision_c,recall_c,f1_c,accuracy_c,precision_cw,recall_cw,f1_cw,accuracy_cw,auc_c,auc_cw,diff_precision,diff_recall,diff_f1,diff_accuracy,diff_auc,experiment,use_smote
logistic_regression,overall,"c - {'penalty': 'l1', 'random_state': 42, 'C': 100000000.0, 'solver': 'liblinear'}",ABU50,143,134,87,80,145,128,93,78,0.6217391304347826,0.6412556053811659,0.6313465783664458,0.6238738738738738,0.6092436974789915,0.6502242152466368,0.6290672451193058,0.6148648648648649,0.6236166007905137,0.6147233201581027,-0.012495432955791,0.0089686098654708,-0.00227933324714,-0.0090090090090089,-0.008893280632411,exp1-Kendals-ABU50,False
SVC,overall,"c - {'random_state': 42, 'C': 10, 'kernel': 'sigmoid'}",BD50,8,313,45,78,8,313,45,78,0.1509433962264151,0.0930232558139534,0.1151079136690647,0.722972972972973,0.1509433962264151,0.0930232558139534,0.1151079136690647,0.722972972972973,0.483015873015873,0.483015873015873,0.0,0.0,0.0,0.0,0.0,exp1-Kendals-BD50,False
SVC,overall,"cw - {'random_state': 42, 'C': 0.1, 'kernel': 'rbf'}",PBU,309,0,135,0,309,0,135,0,0.6959459459459459,1.0,0.8207171314741035,0.6959459459459459,0.6959459459459459,1.0,0.8207171314741035,0.6959459459459459,0.5,0.5,0.0,0.0,0.0,0.0,0.0,exp1-Kendals-PBU,False
