model,iteration,hyperparameters,target,tp_c,tn_c,fp_c,fn_c,tp_cw,tn_cw,fp_cw,fn_cw,precision_c,recall_c,f1_c,accuracy_c,precision_cw,recall_cw,f1_cw,accuracy_cw,auc_c,auc_cw,diff_precision,diff_recall,diff_f1,diff_accuracy,diff_auc,experiment,use_smote
logistic_regression,overall,"c - {'penalty': 'l1', 'C': 100000000.0, 'solver': 'liblinear', 'random_state': 42}",ABU50,143,134,87,80,145,128,93,78,0.6217391304347826,0.6412556053811659,0.6313465783664458,0.6238738738738738,0.6092436974789915,0.6502242152466368,0.6290672451193058,0.6148648648648649,0.6236166007905137,0.6147233201581027,-0.012495432955791,0.0089686098654708,-0.00227933324714,-0.0090090090090089,-0.008893280632411,exp1-Kendals-ABU50,True
randomForest_classifier,overall,"cw - {'random_state': 42, 'max_features': 0.5, 'max_depth': 6, 'n_estimators': 10, 'criterion': 'gini'}",BD50,54,236,122,32,51,225,133,35,0.3068181818181818,0.627906976744186,0.4122137404580153,0.6531531531531531,0.2771739130434782,0.5930232558139535,0.3777777777777777,0.6216216216216216,0.644265873015873,0.6113095238095239,-0.0296442687747035,-0.0348837209302325,-0.0344359626802375,-0.0315315315315315,-0.0329563492063491,exp1-Kendals-BD50,True
SVC,overall,"c - {'random_state': 42, 'C': 1, 'kernel': 'rbf'}",PBU,189,73,62,120,188,73,62,121,0.7529880478087649,0.6116504854368932,0.675,0.5900900900900901,0.752,0.6084142394822006,0.6726296958855098,0.5878378378378378,0.5776113671274962,0.5759984639016897,-0.0009880478087649,-0.0032362459546925,-0.0023703041144902,-0.0022522522522522,-0.0016129032258064,exp1-Kendals-PBU,True
