model,iteration,hyperparameters,target,tp_c,tn_c,fp_c,fn_c,tp_cw,tn_cw,fp_cw,fn_cw,precision_c,recall_c,f1_c,accuracy_c,precision_cw,recall_cw,f1_cw,accuracy_cw,auc_c,auc_cw,diff_precision,diff_recall,diff_f1,diff_accuracy,diff_auc,experiment,use_smote
SVC,overall,"c - {'C': 0.1, 'kernel': 'rbf', 'random_state': 42}",ABU50,148,123,98,75,148,123,98,75,0.6016260162601627,0.6636771300448431,0.6311300639658849,0.6103603603603603,0.6016260162601627,0.6636771300448431,0.6311300639658849,0.6103603603603603,0.6103754940711463,0.6103754940711463,0.0,0.0,0.0,0.0,0.0,exp1-Kendals-ABU50,True
randomForest_classifier,overall,"cw - {'criterion': 'gini', 'max_features': 0.5, 'max_depth': 5, 'random_state': 42, 'n_estimators': 10}",BD50,52,210,148,34,55,210,148,31,0.26,0.6046511627906976,0.3636363636363636,0.5900900900900901,0.270935960591133,0.6395348837209303,0.3806228373702422,0.5968468468468469,0.5945634920634919,0.6132738095238095,0.0109359605911329,0.0348837209302326,0.0169864737338785,0.0067567567567567,0.0187103174603175,exp1-Kendals-BD50,True
SVC,overall,"c - {'C': 0.1, 'kernel': 'rbf', 'random_state': 42}",PBU,194,57,78,115,200,55,80,109,0.7132352941176471,0.627831715210356,0.6678141135972461,0.5653153153153153,0.7142857142857143,0.6472491909385113,0.6791171477079796,0.5743243243243243,0.5258992083185632,0.5284337705305447,0.0010504201680672,0.0194174757281553,0.0113030341107335,0.009009009009009,0.0025345622119815,exp1-Kendals-PBU,True
