feature,wilcoxon_test
diff_f1,0.8909678368308573
diff_precision,0.005096702021003286
diff_recall,0.9878844932569949
diff_auc,0.05341199015764451
