model,iteration,hyperparameters,target,tp_c,tn_c,fp_c,fn_c,n_instances_c,n_positives_c,n_negatives_c,tp_cw,tn_cw,fp_cw,fn_cw,n_instances_cw,n_positives_cw,n_negatives_cw,precision_c,recall_c,f1_c,accuracy_c,precision_cw,recall_cw,f1_cw,accuracy_cw,auc_c,auc_cw,diff_precision,diff_recall,diff_f1,diff_accuracy,diff_auc,experiment,use_smote
bayes_network,overall,{'var_smoothing': 1e-09},BD50,62,165,193,24,444,86,358,63,163,195,23,444,86,358,0.2431372549019607,0.7209302325581395,0.3636363636363636,0.5112612612612613,0.2441860465116279,0.7325581395348837,0.3662790697674418,0.509009009009009,0.5900856117094725,0.5928829513025867,0.0010487916096671,0.0116279069767442,0.0026427061310781,-0.0022522522522522,0.0027973395931142,exp107-BD50-feature-set2-SMOTE,True
