dataset,snippet,metric,metric_value,#_of_warnings,tool
1,1,correct_output_rating,1.2195121951219512,1.0,all_tools
1,2,correct_output_rating,1.951219512195122,1.0,all_tools
1,3,correct_output_rating,1.4878048780487805,1.0,all_tools
1,4,correct_output_rating,1.4878048780487805,3.0,all_tools
1,5,correct_output_rating,1.4390243902439024,4.0,all_tools
1,6,correct_output_rating,1.7804878048780488,2.0,all_tools
1,7,correct_output_rating,1.8048780487804879,1.0,all_tools
1,8,correct_output_rating,1.4634146341463414,2.0,all_tools
1,9,correct_output_rating,1.853658536585366,1.0,all_tools
1,10,correct_output_rating,1.8780487804878048,0.0,all_tools
1,11,correct_output_rating,1.6341463414634145,1.0,all_tools
1,12,correct_output_rating,1.853658536585366,1.0,all_tools
1,13,correct_output_rating,2.0,0.0,all_tools
1,14,correct_output_rating,1.9024390243902438,3.0,all_tools
1,15,correct_output_rating,0.7804878048780488,9.0,all_tools
1,16,correct_output_rating,1.951219512195122,0.0,all_tools
1,17,correct_output_rating,1.6585365853658536,0.0,all_tools
1,18,correct_output_rating,1.3902439024390243,2.0,all_tools
1,19,correct_output_rating,1.3902439024390243,10.0,all_tools
1,20,correct_output_rating,1.3902439024390243,0.0,all_tools
1,21,correct_output_rating,1.3902439024390243,5.0,all_tools
1,22,correct_output_rating,1.3902439024390243,0.0,all_tools
1,23,correct_output_rating,1.829268292682927,3.0,all_tools
1,1,output_difficulty,3.1707317073170733,1.0,all_tools
1,2,output_difficulty,2.975609756097561,1.0,all_tools
1,3,output_difficulty,2.3902439024390243,1.0,all_tools
1,4,output_difficulty,2.4146341463414633,3.0,all_tools
1,5,output_difficulty,1.975609756097561,4.0,all_tools
1,6,output_difficulty,3.1219512195121952,2.0,all_tools
1,7,output_difficulty,3.2195121951219514,1.0,all_tools
1,8,output_difficulty,2.3902439024390243,2.0,all_tools
1,9,output_difficulty,3.1707317073170733,1.0,all_tools
1,10,output_difficulty,3.6341463414634148,0.0,all_tools
1,11,output_difficulty,3.097560975609756,1.0,all_tools
1,12,output_difficulty,3.341463414634146,1.0,all_tools
1,13,output_difficulty,3.731707317073171,0.0,all_tools
1,14,output_difficulty,3.4878048780487805,3.0,all_tools
1,15,output_difficulty,1.0731707317073171,9.0,all_tools
1,16,output_difficulty,3.7804878048780486,0.0,all_tools
1,17,output_difficulty,3.048780487804878,0.0,all_tools
1,18,output_difficulty,2.317073170731707,2.0,all_tools
1,19,output_difficulty,1.9024390243902438,10.0,all_tools
1,20,output_difficulty,3.1951219512195124,0.0,all_tools
1,21,output_difficulty,2.4878048780487805,5.0,all_tools
1,22,output_difficulty,2.3902439024390243,0.0,all_tools
1,23,output_difficulty,3.4146341463414633,3.0,all_tools
1,1,time_to_give_output,68.01441463414633,1.0,all_tools
1,2,time_to_give_output,100.26741463414633,1.0,all_tools
1,3,time_to_give_output,132.46873170731706,1.0,all_tools
1,4,time_to_give_output,154.64156097560976,3.0,all_tools
1,5,time_to_give_output,211.48453658536584,4.0,all_tools
1,6,time_to_give_output,70.5109512195122,2.0,all_tools
1,7,time_to_give_output,66.04860975609758,1.0,all_tools
1,8,time_to_give_output,104.82602439024389,2.0,all_tools
1,9,time_to_give_output,65.42085365853657,1.0,all_tools
1,10,time_to_give_output,42.58580487804878,0.0,all_tools
1,11,time_to_give_output,65.47378048780489,1.0,all_tools
1,12,time_to_give_output,59.81002439024391,1.0,all_tools
1,13,time_to_give_output,37.42529268292683,0.0,all_tools
1,14,time_to_give_output,48.39470731707317,3.0,all_tools
1,15,time_to_give_output,355.30917073170735,9.0,all_tools
1,16,time_to_give_output,20.50239024390244,0.0,all_tools
1,17,time_to_give_output,99.98841463414635,0.0,all_tools
1,18,time_to_give_output,132.07892682926828,2.0,all_tools
1,19,time_to_give_output,145.2398292682927,10.0,all_tools
1,20,time_to_give_output,80.62182926829269,0.0,all_tools
1,21,time_to_give_output,89.93921951219512,5.0,all_tools
1,22,time_to_give_output,86.29456097560976,0.0,all_tools
1,23,time_to_give_output,54.50070731707317,3.0,all_tools
2,1,brain_deact_31ant,-0.456862813,1.0,all_tools
2,2,brain_deact_31ant,-0.627872625,1.0,all_tools
2,3,brain_deact_31ant,-0.569892688,1.0,all_tools
2,4,brain_deact_31ant,-0.724818625,2.0,all_tools
2,5,brain_deact_31ant,-0.461402625,0.0,all_tools
2,6,brain_deact_31ant,-0.573933125,1.0,all_tools
2,7,brain_deact_31ant,-0.400142063,0.0,all_tools
2,8,brain_deact_31ant,-0.6289035,3.0,all_tools
2,9,brain_deact_31ant,-0.512648188,0.0,all_tools
2,10,brain_deact_31ant,-0.8140095,0.0,all_tools
2,11,brain_deact_31ant,-0.799689,5.0,all_tools
2,12,brain_deact_31ant,-0.754594875,0.0,all_tools
2,1,brain_deact_31post,-0.680167625,1.0,all_tools
2,2,brain_deact_31post,-0.58754025,1.0,all_tools
2,3,brain_deact_31post,-0.484311125,1.0,all_tools
2,4,brain_deact_31post,-0.755176125,2.0,all_tools
2,5,brain_deact_31post,-0.504249125,0.0,all_tools
2,6,brain_deact_31post,-0.531375313,1.0,all_tools
2,7,brain_deact_31post,-0.452398375,0.0,all_tools
2,8,brain_deact_31post,-0.787476813,3.0,all_tools
2,9,brain_deact_31post,-0.474544625,0.0,all_tools
2,10,brain_deact_31post,-0.827268563,0.0,all_tools
2,11,brain_deact_31post,-0.825552875,5.0,all_tools
2,12,brain_deact_31post,-0.743071875,0.0,all_tools
2,1,brain_deact_32,-0.567438063,1.0,all_tools
2,2,brain_deact_32,-0.760412688,1.0,all_tools
2,3,brain_deact_32,-0.80337975,1.0,all_tools
2,4,brain_deact_32,-0.853813313,2.0,all_tools
2,5,brain_deact_32,-0.534999375,0.0,all_tools
2,6,brain_deact_32,-0.833937188,1.0,all_tools
2,7,brain_deact_32,-0.44148875,0.0,all_tools
2,8,brain_deact_32,-0.687596375,3.0,all_tools
2,9,brain_deact_32,-0.513088813,0.0,all_tools
2,10,brain_deact_32,-1.045516125,0.0,all_tools
2,11,brain_deact_32,-1.065309875,5.0,all_tools
2,12,brain_deact_32,-0.810991375,0.0,all_tools
2,1,time_to_understand,277998.6875,1.0,all_tools
2,2,time_to_understand,379138.5,1.0,all_tools
2,3,time_to_understand,282050.625,1.0,all_tools
2,4,time_to_understand,328751.1875,2.0,all_tools
2,5,time_to_understand,228106.875,0.0,all_tools
2,6,time_to_understand,256201.1875,1.0,all_tools
2,7,time_to_understand,173291.875,0.0,all_tools
2,8,time_to_understand,253121.6875,3.0,all_tools
2,9,time_to_understand,368599.625,0.0,all_tools
2,10,time_to_understand,288200.0,0.0,all_tools
2,11,time_to_understand,513357.5625,5.0,all_tools
2,12,time_to_understand,432204.875,0.0,all_tools
3,1,readability_level,2.99,6.0,all_tools
3,2,readability_level,3.74,9.0,all_tools
3,3,readability_level,2.69,12.0,all_tools
3,4,readability_level,4.03,3.0,all_tools
3,5,readability_level,4.18,3.0,all_tools
3,6,readability_level,2.18,2.0,all_tools
3,7,readability_level,3.62,0.0,all_tools
3,8,readability_level,2.86,7.0,all_tools
3,9,readability_level,4.13,5.0,all_tools
3,10,readability_level,3.35,7.0,all_tools
3,11,readability_level,3.64,1.0,all_tools
3,12,readability_level,3.53,4.0,all_tools
3,13,readability_level,3.03,0.0,all_tools
3,14,readability_level,4.05,4.0,all_tools
3,15,readability_level,1.82,12.0,all_tools
3,16,readability_level,2.9,1.0,all_tools
3,17,readability_level,3.74,4.0,all_tools
3,18,readability_level,2.46,15.0,all_tools
3,19,readability_level,3.56,3.0,all_tools
3,20,readability_level,3.26,1.0,all_tools
3,21,readability_level,3.73,1.0,all_tools
3,22,readability_level,2.73,23.0,all_tools
3,23,readability_level,3.94,17.0,all_tools
3,24,readability_level,3.48,4.0,all_tools
3,25,readability_level,2.09,20.0,all_tools
3,26,readability_level,2.37,29.0,all_tools
3,27,readability_level,3.76,9.0,all_tools
3,28,readability_level,2.86,3.0,all_tools
3,29,readability_level,3.96,3.0,all_tools
3,30,readability_level,2.78,5.0,all_tools
3,31,readability_level,3.27,5.0,all_tools
3,32,readability_level,4.22,6.0,all_tools
3,33,readability_level,4.02,3.0,all_tools
3,34,readability_level,4.35,6.0,all_tools
3,35,readability_level,2.0,16.0,all_tools
3,36,readability_level,2.52,18.0,all_tools
3,37,readability_level,2.57,19.0,all_tools
3,38,readability_level,2.77,19.0,all_tools
3,39,readability_level,2.96,30.0,all_tools
3,40,readability_level,2.9,2.0,all_tools
3,41,readability_level,2.41,6.0,all_tools
3,42,readability_level,3.08,0.0,all_tools
3,43,readability_level,3.28,0.0,all_tools
3,44,readability_level,4.07,6.0,all_tools
3,45,readability_level,3.84,21.0,all_tools
3,46,readability_level,3.76,15.0,all_tools
3,47,readability_level,3.88,17.0,all_tools
3,48,readability_level,3.93,4.0,all_tools
3,49,readability_level,4.05,18.0,all_tools
3,50,readability_level,4.16,1.0,all_tools
3,51,readability_level,3.92,1.0,all_tools
3,52,readability_level,2.63,21.0,all_tools
3,53,readability_level,2.72,9.0,all_tools
3,54,readability_level,3.6,4.0,all_tools
3,55,readability_level,2.71,6.0,all_tools
3,56,readability_level,3.61,5.0,all_tools
3,57,readability_level,3.6,18.0,all_tools
3,58,readability_level,2.4,21.0,all_tools
3,59,readability_level,3.83,4.0,all_tools
3,60,readability_level,3.88,3.0,all_tools
3,61,readability_level,3.77,17.0,all_tools
3,62,readability_level,3.47,18.0,all_tools
3,63,readability_level,2.64,4.0,all_tools
3,64,readability_level,3.59,21.0,all_tools
3,65,readability_level,3.2,4.0,all_tools
3,66,readability_level,2.59,20.0,all_tools
3,67,readability_level,4.02,0.0,all_tools
3,68,readability_level,3.35,0.0,all_tools
3,69,readability_level,2.92,19.0,all_tools
3,70,readability_level,2.39,10.0,all_tools
3,71,readability_level,3.69,1.0,all_tools
3,72,readability_level,2.86,17.0,all_tools
3,73,readability_level,3.38,2.0,all_tools
3,74,readability_level,3.82,8.0,all_tools
3,75,readability_level,3.39,5.0,all_tools
3,76,readability_level,3.49,18.0,all_tools
3,77,readability_level,2.72,20.0,all_tools
3,78,readability_level,2.28,4.0,all_tools
3,79,readability_level,3.34,31.0,all_tools
3,80,readability_level,4.15,1.0,all_tools
3,81,readability_level,3.93,16.0,all_tools
3,82,readability_level,4.0,17.0,all_tools
3,83,readability_level,2.76,17.0,all_tools
3,84,readability_level,3.94,6.0,all_tools
3,85,readability_level,3.61,18.0,all_tools
3,86,readability_level,2.62,6.0,all_tools
3,87,readability_level,2.87,3.0,all_tools
3,88,readability_level,3.23,0.0,all_tools
3,89,readability_level,4.28,17.0,all_tools
3,90,readability_level,3.35,17.0,all_tools
3,91,readability_level,2.08,2.0,all_tools
3,92,readability_level,3.36,3.0,all_tools
3,93,readability_level,2.36,18.0,all_tools
3,94,readability_level,4.07,17.0,all_tools
3,95,readability_level,3.18,17.0,all_tools
3,96,readability_level,3.81,1.0,all_tools
3,97,readability_level,2.9,18.0,all_tools
3,98,readability_level,3.0,17.0,all_tools
3,99,readability_level,2.95,17.0,all_tools
3,100,readability_level,2.12,19.0,all_tools
6,1,correct_verif_questions,0.37037037037037046,257.0,all_tools
6,2,correct_verif_questions,0.40740740740740733,239.0,all_tools
6,3,correct_verif_questions,0.41666666666666674,172.0,all_tools
6,4,correct_verif_questions,0.40740740740740755,119.0,all_tools
6,5,correct_verif_questions,0.5925925925925927,46.0,all_tools
6,6,correct_verif_questions,0.44444444444444436,0.0,all_tools
6,7,correct_verif_questions,0.44444444444444453,0.0,all_tools
6,8,correct_verif_questions,0.29629629629629634,0.0,all_tools
6,9,correct_verif_questions,0.5185185185185186,0.0,all_tools
6,10,correct_verif_questions,0.48148148148148157,0.0,all_tools
6,11,correct_verif_questions,0.1851851851851851,0.0,all_tools
6,12,correct_verif_questions,0.5185185185185186,0.0,all_tools
6,13,correct_verif_questions,0.40740740740740733,0.0,all_tools
6,14,correct_verif_questions,0.25925925925925924,0.0,all_tools
6,15,correct_verif_questions,0.40740740740740755,0.0,all_tools
6,16,correct_verif_questions,0.2222222222222222,0.0,all_tools
6,17,correct_verif_questions,0.4444444444444444,0.0,all_tools
6,18,correct_verif_questions,0.29629629629629634,0.0,all_tools
6,19,correct_verif_questions,0.6296296296296299,0.0,all_tools
6,20,correct_verif_questions,0.7407407407407408,0.0,all_tools
6,21,correct_verif_questions,0.074074074074074,0.0,all_tools
6,22,correct_verif_questions,0.1111111111111111,0.0,all_tools
6,23,correct_verif_questions,0.5925925925925926,0.0,all_tools
6,24,correct_verif_questions,0.5185185185185186,0.0,all_tools
6,25,correct_verif_questions,0.5925925925925928,0.0,all_tools
6,26,correct_verif_questions,0.2592592592592593,0.0,all_tools
6,27,correct_verif_questions,0.7407407407407408,0.0,all_tools
6,28,correct_verif_questions,0.37037037037037046,0.0,all_tools
6,29,correct_verif_questions,0.40740740740740744,0.0,all_tools
6,30,correct_verif_questions,0.25925925925925913,0.0,all_tools
6,31,correct_verif_questions,0.777777777777778,0.0,all_tools
6,32,correct_verif_questions,0.777777777777778,0.0,all_tools
6,33,correct_verif_questions,0.5555555555555556,0.0,all_tools
6,34,correct_verif_questions,0.4814814814814816,0.0,all_tools
6,35,correct_verif_questions,0.37037037037037035,0.0,all_tools
6,36,correct_verif_questions,0.5555555555555556,0.0,all_tools
6,37,correct_verif_questions,0.7407407407407409,0.0,all_tools
6,38,correct_verif_questions,0.4444444444444444,0.0,all_tools
6,39,correct_verif_questions,0.48148148148148157,0.0,all_tools
6,40,correct_verif_questions,0.25925925925925913,0.0,all_tools
6,41,correct_verif_questions,0.3333333333333335,0.0,all_tools
6,42,correct_verif_questions,0.20833333333333337,0.0,all_tools
6,43,correct_verif_questions,0.5416666666666667,0.0,all_tools
6,44,correct_verif_questions,0.29166666666666674,0.0,all_tools
6,45,correct_verif_questions,0.41666666666666685,0.0,all_tools
6,46,correct_verif_questions,0.7037037037037038,0.0,all_tools
6,47,correct_verif_questions,0.4444444444444444,0.0,all_tools
6,48,correct_verif_questions,0.8148148148148149,0.0,all_tools
6,49,correct_verif_questions,0.40740740740740733,0.0,all_tools
6,50,correct_verif_questions,0.3333333333333334,0.0,all_tools
6,1,binary_understandability,0.5555555555555556,257.0,all_tools
6,2,binary_understandability,0.8888888888888888,239.0,all_tools
6,3,binary_understandability,0.625,172.0,all_tools
6,4,binary_understandability,0.6666666666666666,119.0,all_tools
6,5,binary_understandability,0.7777777777777778,46.0,all_tools
6,6,binary_understandability,0.8888888888888888,0.0,all_tools
6,7,binary_understandability,0.7777777777777778,0.0,all_tools
6,8,binary_understandability,0.5555555555555556,0.0,all_tools
6,9,binary_understandability,0.7777777777777778,0.0,all_tools
6,10,binary_understandability,0.7777777777777778,0.0,all_tools
6,11,binary_understandability,0.5555555555555556,0.0,all_tools
6,12,binary_understandability,0.6666666666666666,0.0,all_tools
6,13,binary_understandability,0.6666666666666666,0.0,all_tools
6,14,binary_understandability,0.5555555555555556,0.0,all_tools
6,15,binary_understandability,0.6666666666666666,0.0,all_tools
6,16,binary_understandability,0.4444444444444444,0.0,all_tools
6,17,binary_understandability,0.6666666666666666,0.0,all_tools
6,18,binary_understandability,0.4444444444444444,0.0,all_tools
6,19,binary_understandability,0.8888888888888888,0.0,all_tools
6,20,binary_understandability,0.8888888888888888,0.0,all_tools
6,21,binary_understandability,0.2222222222222222,0.0,all_tools
6,22,binary_understandability,0.2222222222222222,0.0,all_tools
6,23,binary_understandability,0.8888888888888888,0.0,all_tools
6,24,binary_understandability,0.6666666666666666,0.0,all_tools
6,25,binary_understandability,0.7777777777777778,0.0,all_tools
6,26,binary_understandability,0.4444444444444444,0.0,all_tools
6,27,binary_understandability,0.7777777777777778,0.0,all_tools
6,28,binary_understandability,0.4444444444444444,0.0,all_tools
6,29,binary_understandability,0.5555555555555556,0.0,all_tools
6,30,binary_understandability,0.6666666666666666,0.0,all_tools
6,31,binary_understandability,1.0,0.0,all_tools
6,32,binary_understandability,1.0,0.0,all_tools
6,33,binary_understandability,0.8888888888888888,0.0,all_tools
6,34,binary_understandability,0.6666666666666666,0.0,all_tools
6,35,binary_understandability,0.6666666666666666,0.0,all_tools
6,36,binary_understandability,0.7777777777777778,0.0,all_tools
6,37,binary_understandability,1.0,0.0,all_tools
6,38,binary_understandability,0.6666666666666666,0.0,all_tools
6,39,binary_understandability,0.7777777777777778,0.0,all_tools
6,40,binary_understandability,0.6666666666666666,0.0,all_tools
6,41,binary_understandability,0.5,0.0,all_tools
6,42,binary_understandability,0.375,0.0,all_tools
6,43,binary_understandability,0.875,0.0,all_tools
6,44,binary_understandability,0.625,0.0,all_tools
6,45,binary_understandability,0.75,0.0,all_tools
6,46,binary_understandability,1.0,0.0,all_tools
6,47,binary_understandability,0.7777777777777778,0.0,all_tools
6,48,binary_understandability,1.0,0.0,all_tools
6,49,binary_understandability,0.7777777777777778,0.0,all_tools
6,50,binary_understandability,0.5555555555555556,0.0,all_tools
6,1,time_to_understand,74.4,257.0,all_tools
6,2,time_to_understand,73.75,239.0,all_tools
6,3,time_to_understand,59.8,172.0,all_tools
6,4,time_to_understand,60.5,119.0,all_tools
6,5,time_to_understand,66.14285714285714,46.0,all_tools
6,6,time_to_understand,82.625,0.0,all_tools
6,7,time_to_understand,257.42857142857144,0.0,all_tools
6,8,time_to_understand,81.4,0.0,all_tools
6,9,time_to_understand,170.28571428571428,0.0,all_tools
6,10,time_to_understand,153.57142857142858,0.0,all_tools
6,11,time_to_understand,241.4,0.0,all_tools
6,12,time_to_understand,62.333333333333336,0.0,all_tools
6,13,time_to_understand,53.666666666666664,0.0,all_tools
6,14,time_to_understand,94.2,0.0,all_tools
6,15,time_to_understand,113.66666666666667,0.0,all_tools
6,16,time_to_understand,202.25,0.0,all_tools
6,17,time_to_understand,237.33333333333334,0.0,all_tools
6,18,time_to_understand,151.5,0.0,all_tools
6,19,time_to_understand,435.5,0.0,all_tools
6,20,time_to_understand,102.5,0.0,all_tools
6,21,time_to_understand,172.5,0.0,all_tools
6,22,time_to_understand,28.0,0.0,all_tools
6,23,time_to_understand,264.25,0.0,all_tools
6,24,time_to_understand,163.5,0.0,all_tools
6,25,time_to_understand,48.857142857142854,0.0,all_tools
6,26,time_to_understand,57.5,0.0,all_tools
6,27,time_to_understand,144.71428571428572,0.0,all_tools
6,28,time_to_understand,270.25,0.0,all_tools
6,29,time_to_understand,51.6,0.0,all_tools
6,30,time_to_understand,159.5,0.0,all_tools
6,31,time_to_understand,50.888888888888886,0.0,all_tools
6,32,time_to_understand,83.55555555555556,0.0,all_tools
6,33,time_to_understand,122.125,0.0,all_tools
6,34,time_to_understand,82.5,0.0,all_tools
6,35,time_to_understand,83.33333333333333,0.0,all_tools
6,36,time_to_understand,74.57142857142857,0.0,all_tools
6,37,time_to_understand,238.44444444444446,0.0,all_tools
6,38,time_to_understand,66.16666666666667,0.0,all_tools
6,39,time_to_understand,101.85714285714286,0.0,all_tools
6,40,time_to_understand,247.0,0.0,all_tools
6,41,time_to_understand,195.5,0.0,all_tools
6,42,time_to_understand,318.0,0.0,all_tools
6,43,time_to_understand,47.857142857142854,0.0,all_tools
6,44,time_to_understand,391.0,0.0,all_tools
6,45,time_to_understand,162.16666666666666,0.0,all_tools
6,46,time_to_understand,55.666666666666664,0.0,all_tools
6,47,time_to_understand,85.42857142857143,0.0,all_tools
6,48,time_to_understand,117.88888888888889,0.0,all_tools
6,49,time_to_understand,85.57142857142857,0.0,all_tools
6,50,time_to_understand,238.0,0.0,all_tools
63,1,adjusted_gaze_sig,0.9762631428571428,96.0,all_tools
63,2,adjusted_gaze_sig,0.8230961666666666,89.0,all_tools
63,3,adjusted_gaze_sig,0.5625836166666667,74.0,all_tools
63,4,adjusted_gaze_sig,0.89375,77.0,all_tools
63,5,adjusted_gaze_sig,2.6371384000000004,79.0,all_tools
63,6,adjusted_gaze_sig,0.743938,98.0,all_tools
63,7,adjusted_gaze_sig,0.22781025,39.0,all_tools
63,8,adjusted_gaze_sig,0.296709,71.0,all_tools
63,9,adjusted_gaze_sig,0.9081987999999999,34.0,all_tools
63,10,adjusted_gaze_sig,1.328576,35.0,all_tools
63,11,adjusted_gaze_sig,1.2333020000000003,57.0,all_tools
63,12,adjusted_gaze_sig,0.62354116,76.0,all_tools
63,13,adjusted_gaze_sig,7.25147,45.0,all_tools
63,14,adjusted_gaze_sig,0.0,45.0,all_tools
63,15,adjusted_gaze_sig,0.6652165666666668,26.0,all_tools
63,16,adjusted_gaze_sig,0.5481481666666667,22.0,all_tools
63,17,adjusted_gaze_sig,1.0767303333333333,0.0,all_tools
63,18,adjusted_gaze_sig,1.75984745,0.0,all_tools
63,19,adjusted_gaze_sig,0.362847,0.0,all_tools
63,20,adjusted_gaze_sig,0.0,0.0,all_tools
63,21,adjusted_gaze_sig,0.0,0.0,all_tools
63,22,adjusted_gaze_sig,0.5865469125,0.0,all_tools
63,23,adjusted_gaze_sig,0.413850625,0.0,all_tools
63,24,adjusted_gaze_sig,0.9035215000000001,0.0,all_tools
63,25,adjusted_gaze_sig,0.98207,0.0,all_tools
63,26,adjusted_gaze_sig,0.123751,0.0,all_tools
63,27,adjusted_gaze_sig,0.0,0.0,all_tools
63,28,adjusted_gaze_sig,0.393362,0.0,all_tools
63,29,adjusted_gaze_sig,0.322672,0.0,all_tools
63,30,adjusted_gaze_sig,1.1762729,0.0,all_tools
63,31,adjusted_gaze_sig,0.56380175,0.0,all_tools
63,32,adjusted_gaze_sig,0.867282125,0.0,all_tools
63,33,adjusted_gaze_sig,1.227694,0.0,all_tools
63,34,adjusted_gaze_sig,1.1920696666666664,0.0,all_tools
63,35,adjusted_gaze_sig,0.5767354142857143,0.0,all_tools
63,36,adjusted_gaze_sig,0.6708358571428573,0.0,all_tools
63,37,adjusted_gaze_sig,0.7713289999999999,0.0,all_tools
63,38,adjusted_gaze_sig,1.1950006666666666,0.0,all_tools
63,39,adjusted_gaze_sig,1.5442762857142858,0.0,all_tools
63,40,adjusted_gaze_sig,1.0439151428571427,0.0,all_tools
63,41,adjusted_gaze_sig,0.0,0.0,all_tools
63,42,adjusted_gaze_sig,0.0,0.0,all_tools
63,43,adjusted_gaze_sig,0.0,0.0,all_tools
63,44,adjusted_gaze_sig,0.0,0.0,all_tools
63,45,adjusted_gaze_sig,0.0,0.0,all_tools
63,46,adjusted_gaze_sig,0.0,0.0,all_tools
63,47,adjusted_gaze_sig,0.0,0.0,all_tools
63,48,adjusted_gaze_sig,0.0,0.0,all_tools
63,49,adjusted_gaze_sig,0.0,0.0,all_tools
63,50,adjusted_gaze_sig,0.0,0.0,all_tools
63,51,adjusted_gaze_sig,0.0,0.0,all_tools
63,52,adjusted_gaze_sig,0.0,0.0,all_tools
63,53,adjusted_gaze_sig,0.0,0.0,all_tools
63,54,adjusted_gaze_sig,0.0,0.0,all_tools
63,55,adjusted_gaze_sig,0.0,0.0,all_tools
63,56,adjusted_gaze_sig,0.0,0.0,all_tools
63,57,adjusted_gaze_sig,0.0,0.0,all_tools
63,58,adjusted_gaze_sig,0.0,0.0,all_tools
63,59,adjusted_gaze_sig,0.0,0.0,all_tools
63,60,adjusted_gaze_sig,0.0,0.0,all_tools
63,61,adjusted_gaze_sig,0.0,0.0,all_tools
63,62,adjusted_gaze_sig,0.0,0.0,all_tools
63,63,adjusted_gaze_sig,0.0,0.0,all_tools
63,64,adjusted_gaze_sig,0.0,0.0,all_tools
63,1,adjusted_gaze_non_sig,1.0012627142857142,96.0,all_tools
63,2,adjusted_gaze_non_sig,1.035382,89.0,all_tools
63,3,adjusted_gaze_non_sig,1.0388815000000002,74.0,all_tools
63,4,adjusted_gaze_non_sig,1.0066405,77.0,all_tools
63,5,adjusted_gaze_non_sig,0.8035439999999999,79.0,all_tools
63,6,adjusted_gaze_non_sig,1.0221293333333332,98.0,all_tools
63,7,adjusted_gaze_non_sig,1.1985649999999999,39.0,all_tools
63,8,adjusted_gaze_non_sig,1.18869,71.0,all_tools
63,9,adjusted_gaze_non_sig,1.008346,34.0,all_tools
63,10,adjusted_gaze_non_sig,0.94700475,35.0,all_tools
63,11,adjusted_gaze_non_sig,0.9611160000000002,57.0,all_tools
63,12,adjusted_gaze_non_sig,1.0597564,76.0,all_tools
63,13,adjusted_gaze_non_sig,0.5688641666666666,45.0,all_tools
63,14,adjusted_gaze_non_sig,1.06452,45.0,all_tools
63,15,adjusted_gaze_non_sig,1.0464055,26.0,all_tools
63,16,adjusted_gaze_non_sig,1.0779053333333335,22.0,all_tools
63,17,adjusted_gaze_non_sig,0.9531083333333333,0.0,all_tools
63,18,adjusted_gaze_non_sig,0.9831165000000001,0.0,all_tools
63,19,adjusted_gaze_non_sig,1.03982,0.0,all_tools
63,20,adjusted_gaze_non_sig,1.13636,0.0,all_tools
63,21,adjusted_gaze_non_sig,1.35294,0.0,all_tools
63,22,adjusted_gaze_non_sig,1.036127625,0.0,all_tools
63,23,adjusted_gaze_non_sig,1.183171625,0.0,all_tools
63,24,adjusted_gaze_non_sig,1.00470625,0.0,all_tools
63,25,adjusted_gaze_non_sig,1.0016315,0.0,all_tools
63,26,adjusted_gaze_non_sig,1.1402,0.0,all_tools
63,27,adjusted_gaze_non_sig,1.075,0.0,all_tools
63,28,adjusted_gaze_non_sig,1.07137,0.0,all_tools
63,29,adjusted_gaze_non_sig,1.079685,0.0,all_tools
63,30,adjusted_gaze_non_sig,0.9843317500000002,0.0,all_tools
63,31,adjusted_gaze_non_sig,1.049248625,0.0,all_tools
63,32,adjusted_gaze_non_sig,1.00717325,0.0,all_tools
63,33,adjusted_gaze_non_sig,0.988017,0.0,all_tools
63,34,adjusted_gaze_non_sig,0.9819933333333333,0.0,all_tools
63,35,adjusted_gaze_non_sig,1.0423244285714286,0.0,all_tools
63,36,adjusted_gaze_non_sig,1.0173247142857142,0.0,all_tools
63,37,adjusted_gaze_non_sig,1.024625,0.0,all_tools
63,38,adjusted_gaze_non_sig,0.98172,0.0,all_tools
63,39,adjusted_gaze_non_sig,0.9333551428571428,0.0,all_tools
63,40,adjusted_gaze_non_sig,0.9987081428571428,0.0,all_tools
63,41,adjusted_gaze_non_sig,0.0,0.0,all_tools
63,42,adjusted_gaze_non_sig,0.0,0.0,all_tools
63,43,adjusted_gaze_non_sig,0.0,0.0,all_tools
63,44,adjusted_gaze_non_sig,0.0,0.0,all_tools
63,45,adjusted_gaze_non_sig,0.0,0.0,all_tools
63,46,adjusted_gaze_non_sig,0.0,0.0,all_tools
63,47,adjusted_gaze_non_sig,0.0,0.0,all_tools
63,48,adjusted_gaze_non_sig,0.0,0.0,all_tools
63,49,adjusted_gaze_non_sig,0.0,0.0,all_tools
63,50,adjusted_gaze_non_sig,0.0,0.0,all_tools
63,51,adjusted_gaze_non_sig,0.0,0.0,all_tools
63,52,adjusted_gaze_non_sig,0.0,0.0,all_tools
63,53,adjusted_gaze_non_sig,0.0,0.0,all_tools
63,54,adjusted_gaze_non_sig,0.0,0.0,all_tools
63,55,adjusted_gaze_non_sig,0.0,0.0,all_tools
63,56,adjusted_gaze_non_sig,0.0,0.0,all_tools
63,57,adjusted_gaze_non_sig,0.0,0.0,all_tools
63,58,adjusted_gaze_non_sig,0.0,0.0,all_tools
63,59,adjusted_gaze_non_sig,0.0,0.0,all_tools
63,60,adjusted_gaze_non_sig,0.0,0.0,all_tools
63,61,adjusted_gaze_non_sig,0.0,0.0,all_tools
63,62,adjusted_gaze_non_sig,0.0,0.0,all_tools
63,63,adjusted_gaze_non_sig,0.0,0.0,all_tools
63,64,adjusted_gaze_non_sig,0.0,0.0,all_tools
63,1,adjusted_fix_sig,0.5704825714285715,96.0,all_tools
63,2,adjusted_fix_sig,0.6598746666666667,89.0,all_tools
63,3,adjusted_fix_sig,0.30574583333333333,74.0,all_tools
63,4,adjusted_fix_sig,0.425,77.0,all_tools
63,5,adjusted_fix_sig,2.9051914,79.0,all_tools
63,6,adjusted_fix_sig,0.8669013333333334,98.0,all_tools
63,7,adjusted_fix_sig,0.10787605,39.0,all_tools
63,8,adjusted_fix_sig,0.241187,71.0,all_tools
63,9,adjusted_fix_sig,0.6465266,34.0,all_tools
63,10,adjusted_fix_sig,1.10297925,35.0,all_tools
63,11,adjusted_fix_sig,1.2598273333333332,57.0,all_tools
63,12,adjusted_fix_sig,0.5756184,76.0,all_tools
63,13,adjusted_fix_sig,6.436988833333333,45.0,all_tools
63,14,adjusted_fix_sig,0.0,45.0,all_tools
63,15,adjusted_fix_sig,0.6469865333333333,26.0,all_tools
63,16,adjusted_fix_sig,0.6525656666666667,22.0,all_tools
63,17,adjusted_fix_sig,1.0895208333333335,0.0,all_tools
63,18,adjusted_fix_sig,1.61501335,0.0,all_tools
63,19,adjusted_fix_sig,0.468504,0.0,all_tools
63,20,adjusted_fix_sig,0.0,0.0,all_tools
63,21,adjusted_fix_sig,0.0,0.0,all_tools
63,22,adjusted_fix_sig,0.369805775,0.0,all_tools
63,23,adjusted_fix_sig,0.3446160625,0.0,all_tools
63,24,adjusted_fix_sig,0.782111025,0.0,all_tools
63,25,adjusted_fix_sig,0.6956899999999999,0.0,all_tools
63,26,adjusted_fix_sig,0.0788045,0.0,all_tools
63,27,adjusted_fix_sig,0.0,0.0,all_tools
63,28,adjusted_fix_sig,0.95,0.0,all_tools
63,29,adjusted_fix_sig,0.319328,0.0,all_tools
63,30,adjusted_fix_sig,1.070199575,0.0,all_tools
63,31,adjusted_fix_sig,0.359252225,0.0,all_tools
63,32,adjusted_fix_sig,0.7660482500000001,0.0,all_tools
63,33,adjusted_fix_sig,1.44020525,0.0,all_tools
63,34,adjusted_fix_sig,0.8920514444444445,0.0,all_tools
63,35,adjusted_fix_sig,0.6372011142857142,0.0,all_tools
63,36,adjusted_fix_sig,0.5316787142857143,0.0,all_tools
63,37,adjusted_fix_sig,0.828344,0.0,all_tools
63,38,adjusted_fix_sig,0.5885861666666666,0.0,all_tools
63,39,adjusted_fix_sig,0.7586309714285715,0.0,all_tools
63,40,adjusted_fix_sig,0.9255011428571428,0.0,all_tools
63,41,adjusted_fix_sig,0.0,0.0,all_tools
63,42,adjusted_fix_sig,0.0,0.0,all_tools
63,43,adjusted_fix_sig,0.0,0.0,all_tools
63,44,adjusted_fix_sig,0.0,0.0,all_tools
63,45,adjusted_fix_sig,0.0,0.0,all_tools
63,46,adjusted_fix_sig,0.0,0.0,all_tools
63,47,adjusted_fix_sig,0.0,0.0,all_tools
63,48,adjusted_fix_sig,0.0,0.0,all_tools
63,49,adjusted_fix_sig,0.0,0.0,all_tools
63,50,adjusted_fix_sig,0.0,0.0,all_tools
63,51,adjusted_fix_sig,0.0,0.0,all_tools
63,52,adjusted_fix_sig,0.0,0.0,all_tools
63,53,adjusted_fix_sig,0.0,0.0,all_tools
63,54,adjusted_fix_sig,0.0,0.0,all_tools
63,55,adjusted_fix_sig,0.0,0.0,all_tools
63,56,adjusted_fix_sig,0.0,0.0,all_tools
63,57,adjusted_fix_sig,0.0,0.0,all_tools
63,58,adjusted_fix_sig,0.0,0.0,all_tools
63,59,adjusted_fix_sig,0.0,0.0,all_tools
63,60,adjusted_fix_sig,0.0,0.0,all_tools
63,61,adjusted_fix_sig,0.0,0.0,all_tools
63,62,adjusted_fix_sig,0.0,0.0,all_tools
63,63,adjusted_fix_sig,0.0,0.0,all_tools
63,64,adjusted_fix_sig,0.0,0.0,all_tools
63,1,adjusted_fix_non_sig,1.022847142857143,96.0,all_tools
63,2,adjusted_fix_non_sig,1.0680243333333332,89.0,all_tools
63,3,adjusted_fix_non_sig,1.06171,74.0,all_tools
63,4,adjusted_fix_non_sig,1.03594,77.0,all_tools
63,5,adjusted_fix_non_sig,0.7713774,79.0,all_tools
63,6,adjusted_fix_non_sig,1.0115040000000002,98.0,all_tools
63,7,adjusted_fix_non_sig,1.2294025,39.0,all_tools
63,8,adjusted_fix_non_sig,1.20358,71.0,all_tools
63,9,adjusted_fix_non_sig,1.0321358,34.0,all_tools
63,10,adjusted_fix_non_sig,0.98339175,35.0,all_tools
63,11,adjusted_fix_non_sig,0.9566937333333334,57.0,all_tools
63,12,adjusted_fix_non_sig,1.067363,76.0,all_tools
63,13,adjusted_fix_non_sig,0.6250355,45.0,all_tools
63,14,adjusted_fix_non_sig,1.06452,45.0,all_tools
63,15,adjusted_fix_non_sig,1.0489339999999998,26.0,all_tools
63,16,adjusted_fix_non_sig,1.0599005000000001,22.0,all_tools
63,17,adjusted_fix_non_sig,0.9452923333333333,0.0,all_tools
63,18,adjusted_fix_non_sig,0.9863329999999999,0.0,all_tools
63,19,adjusted_fix_non_sig,1.03322,0.0,all_tools
63,20,adjusted_fix_non_sig,1.13636,0.0,all_tools
63,21,adjusted_fix_non_sig,1.35294,0.0,all_tools
63,22,adjusted_fix_non_sig,1.0550675,0.0,all_tools
63,23,adjusted_fix_non_sig,1.2048075,0.0,all_tools
63,24,adjusted_fix_non_sig,1.0106297499999999,0.0,all_tools
63,25,adjusted_fix_non_sig,1.027663,0.0,all_tools
63,26,adjusted_fix_non_sig,1.14739,0.0,all_tools
63,27,adjusted_fix_non_sig,1.075,0.0,all_tools
63,28,adjusted_fix_non_sig,1.005884,0.0,all_tools
63,29,adjusted_fix_non_sig,1.0800800000000002,0.0,all_tools
63,30,adjusted_fix_non_sig,0.99375925,0.0,all_tools
63,31,adjusted_fix_non_sig,1.07234375,0.0,all_tools
63,32,adjusted_fix_non_sig,1.01264575,0.0,all_tools
63,33,adjusted_fix_non_sig,0.9768306250000001,0.0,all_tools
63,34,adjusted_fix_non_sig,1.01012,0.0,all_tools
63,35,adjusted_fix_non_sig,1.036279857142857,0.0,all_tools
63,36,adjusted_fix_non_sig,1.0246478571428572,0.0,all_tools
63,37,adjusted_fix_non_sig,1.0184845,0.0,all_tools
63,38,adjusted_fix_non_sig,1.0385704999999998,0.0,all_tools
63,39,adjusted_fix_non_sig,1.0295549999999998,0.0,all_tools
63,40,adjusted_fix_non_sig,1.0021907142857143,0.0,all_tools
63,41,adjusted_fix_non_sig,0.0,0.0,all_tools
63,42,adjusted_fix_non_sig,0.0,0.0,all_tools
63,43,adjusted_fix_non_sig,0.0,0.0,all_tools
63,44,adjusted_fix_non_sig,0.0,0.0,all_tools
63,45,adjusted_fix_non_sig,0.0,0.0,all_tools
63,46,adjusted_fix_non_sig,0.0,0.0,all_tools
63,47,adjusted_fix_non_sig,0.0,0.0,all_tools
63,48,adjusted_fix_non_sig,0.0,0.0,all_tools
63,49,adjusted_fix_non_sig,0.0,0.0,all_tools
63,50,adjusted_fix_non_sig,0.0,0.0,all_tools
63,51,adjusted_fix_non_sig,0.0,0.0,all_tools
63,52,adjusted_fix_non_sig,0.0,0.0,all_tools
63,53,adjusted_fix_non_sig,0.0,0.0,all_tools
63,54,adjusted_fix_non_sig,0.0,0.0,all_tools
63,55,adjusted_fix_non_sig,0.0,0.0,all_tools
63,56,adjusted_fix_non_sig,0.0,0.0,all_tools
63,57,adjusted_fix_non_sig,0.0,0.0,all_tools
63,58,adjusted_fix_non_sig,0.0,0.0,all_tools
63,59,adjusted_fix_non_sig,0.0,0.0,all_tools
63,60,adjusted_fix_non_sig,0.0,0.0,all_tools
63,61,adjusted_fix_non_sig,0.0,0.0,all_tools
63,62,adjusted_fix_non_sig,0.0,0.0,all_tools
63,63,adjusted_fix_non_sig,0.0,0.0,all_tools
63,64,adjusted_fix_non_sig,0.0,0.0,all_tools
63,1,adjusted_gaze_flow,0.8939634285714285,96.0,all_tools
63,2,adjusted_gaze_flow,1.5909683333333333,89.0,all_tools
63,3,adjusted_gaze_flow,1.4814991666666668,74.0,all_tools
63,4,adjusted_gaze_flow,0.8340995,77.0,all_tools
63,5,adjusted_gaze_flow,0.8475556666666666,79.0,all_tools
63,6,adjusted_gaze_flow,1.78484475,98.0,all_tools
63,7,adjusted_gaze_flow,0.0,39.0,all_tools
63,8,adjusted_gaze_flow,1.467374,71.0,all_tools
63,9,adjusted_gaze_flow,1.7880827750000001,34.0,all_tools
63,10,adjusted_gaze_flow,1.1948017333333332,35.0,all_tools
63,11,adjusted_gaze_flow,1.4922766,57.0,all_tools
63,12,adjusted_gaze_flow,0.5471588333333334,76.0,all_tools
63,13,adjusted_gaze_flow,0.271832,45.0,all_tools
63,14,adjusted_gaze_flow,1.4582316666666666,45.0,all_tools
63,15,adjusted_gaze_flow,1.6839356666666665,26.0,all_tools
63,16,adjusted_gaze_flow,0.6687440000000001,22.0,all_tools
63,17,adjusted_gaze_flow,0.91335,0.0,all_tools
63,18,adjusted_gaze_flow,1.309525,0.0,all_tools
63,19,adjusted_gaze_flow,2.64243,0.0,all_tools
63,20,adjusted_gaze_flow,0.584649,0.0,all_tools
63,21,adjusted_gaze_flow,0.953450875,0.0,all_tools
63,22,adjusted_gaze_flow,1.2158466250000002,0.0,all_tools
63,23,adjusted_gaze_flow,0.664894375,0.0,all_tools
63,24,adjusted_gaze_flow,0.39904100000000003,0.0,all_tools
63,25,adjusted_gaze_flow,1.2139950000000002,0.0,all_tools
63,26,adjusted_gaze_flow,1.396597,0.0,all_tools
63,27,adjusted_gaze_flow,0.59716,0.0,all_tools
63,28,adjusted_gaze_flow,0.737054,0.0,all_tools
63,29,adjusted_gaze_flow,1.049636,0.0,all_tools
63,30,adjusted_gaze_flow,2.0015175000000003,0.0,all_tools
63,31,adjusted_gaze_flow,0.9105668750000001,0.0,all_tools
63,32,adjusted_gaze_flow,1.62674875,0.0,all_tools
63,33,adjusted_gaze_flow,0.8239138888888888,0.0,all_tools
63,34,adjusted_gaze_flow,0.9286387142857143,0.0,all_tools
63,35,adjusted_gaze_flow,1.2251139999999998,0.0,all_tools
63,36,adjusted_gaze_flow,1.3266493333333333,0.0,all_tools
63,37,adjusted_gaze_flow,0.841827,0.0,all_tools
63,38,adjusted_gaze_flow,0.7460811428571429,0.0,all_tools
63,39,adjusted_gaze_flow,0.0,0.0,all_tools
63,40,adjusted_gaze_flow,0.0,0.0,all_tools
63,41,adjusted_gaze_flow,0.0,0.0,all_tools
63,42,adjusted_gaze_flow,0.0,0.0,all_tools
63,43,adjusted_gaze_flow,0.0,0.0,all_tools
63,44,adjusted_gaze_flow,0.0,0.0,all_tools
63,45,adjusted_gaze_flow,0.0,0.0,all_tools
63,46,adjusted_gaze_flow,0.0,0.0,all_tools
63,47,adjusted_gaze_flow,0.0,0.0,all_tools
63,48,adjusted_gaze_flow,0.0,0.0,all_tools
63,49,adjusted_gaze_flow,0.0,0.0,all_tools
63,50,adjusted_gaze_flow,0.0,0.0,all_tools
63,51,adjusted_gaze_flow,0.0,0.0,all_tools
63,52,adjusted_gaze_flow,0.0,0.0,all_tools
63,53,adjusted_gaze_flow,0.0,0.0,all_tools
63,54,adjusted_gaze_flow,0.0,0.0,all_tools
63,55,adjusted_gaze_flow,0.0,0.0,all_tools
63,56,adjusted_gaze_flow,0.0,0.0,all_tools
63,57,adjusted_gaze_flow,0.0,0.0,all_tools
63,58,adjusted_gaze_flow,0.0,0.0,all_tools
63,59,adjusted_gaze_flow,0.0,0.0,all_tools
63,60,adjusted_gaze_flow,0.0,0.0,all_tools
63,61,adjusted_gaze_flow,0.0,0.0,all_tools
63,62,adjusted_gaze_flow,0.0,0.0,all_tools
63,63,adjusted_gaze_flow,0.0,0.0,all_tools
63,64,adjusted_gaze_flow,0.0,0.0,all_tools
63,1,adjusted_gaze_non_flow,1.0452225714285714,96.0,all_tools
63,2,adjusted_gaze_non_flow,0.8153225000000001,89.0,all_tools
63,3,adjusted_gaze_non_flow,0.9060483333333332,74.0,all_tools
63,4,adjusted_gaze_non_flow,1.1235435,77.0,all_tools
63,5,adjusted_gaze_non_flow,1.2018866666666668,79.0,all_tools
63,6,adjusted_gaze_non_flow,0.9607587500000001,98.0,all_tools
63,7,adjusted_gaze_non_flow,1.02222,39.0,all_tools
63,8,adjusted_gaze_non_flow,0.8504400000000001,71.0,all_tools
63,9,adjusted_gaze_non_flow,0.97748425,34.0,all_tools
63,10,adjusted_gaze_non_flow,0.9503439333333333,35.0,all_tools
63,11,adjusted_gaze_non_flow,0.9097497999999999,57.0,all_tools
63,12,adjusted_gaze_non_flow,1.1378205,76.0,all_tools
63,13,adjusted_gaze_non_flow,1.21845,45.0,all_tools
63,14,adjusted_gaze_non_flow,0.7639411666666667,45.0,all_tools
63,15,adjusted_gaze_non_flow,0.9316063333333333,26.0,all_tools
63,16,adjusted_gaze_non_flow,1.0451714999999997,22.0,all_tools
63,17,adjusted_gaze_non_flow,1.032905,0.0,all_tools
63,18,adjusted_gaze_non_flow,0.850228,0.0,all_tools
63,19,adjusted_gaze_non_flow,0.850688,0.0,all_tools
63,20,adjusted_gaze_non_flow,1.06558,0.0,all_tools
63,21,adjusted_gaze_non_flow,1.01070075,0.0,all_tools
63,22,adjusted_gaze_non_flow,0.9877821250000001,0.0,all_tools
63,23,adjusted_gaze_non_flow,1.5445462499999998,0.0,all_tools
63,24,adjusted_gaze_non_flow,1.1155650000000001,0.0,all_tools
63,25,adjusted_gaze_non_flow,0.940281,0.0,all_tools
63,26,adjusted_gaze_non_flow,0.9228835,0.0,all_tools
63,27,adjusted_gaze_non_flow,1.1272135,0.0,all_tools
63,28,adjusted_gaze_non_flow,1.08452,0.0,all_tools
63,29,adjusted_gaze_non_flow,0.9702204999999999,0.0,all_tools
63,30,adjusted_gaze_non_flow,0.788140625,0.0,all_tools
63,31,adjusted_gaze_non_flow,1.0505493750000001,0.0,all_tools
63,32,adjusted_gaze_non_flow,0.87032775,0.0,all_tools
63,33,adjusted_gaze_non_flow,1.344346888888889,0.0,all_tools
63,34,adjusted_gaze_non_flow,1.0558482857142857,0.0,all_tools
63,35,adjusted_gaze_non_flow,0.9389531249999999,0.0,all_tools
63,36,adjusted_gaze_non_flow,0.9216045,0.0,all_tools
63,37,adjusted_gaze_non_flow,1.036784,0.0,all_tools
63,38,adjusted_gaze_non_flow,1.0149342857142856,0.0,all_tools
63,39,adjusted_gaze_non_flow,0.0,0.0,all_tools
63,40,adjusted_gaze_non_flow,0.0,0.0,all_tools
63,41,adjusted_gaze_non_flow,0.0,0.0,all_tools
63,42,adjusted_gaze_non_flow,0.0,0.0,all_tools
63,43,adjusted_gaze_non_flow,0.0,0.0,all_tools
63,44,adjusted_gaze_non_flow,0.0,0.0,all_tools
63,45,adjusted_gaze_non_flow,0.0,0.0,all_tools
63,46,adjusted_gaze_non_flow,0.0,0.0,all_tools
63,47,adjusted_gaze_non_flow,0.0,0.0,all_tools
63,48,adjusted_gaze_non_flow,0.0,0.0,all_tools
63,49,adjusted_gaze_non_flow,0.0,0.0,all_tools
63,50,adjusted_gaze_non_flow,0.0,0.0,all_tools
63,51,adjusted_gaze_non_flow,0.0,0.0,all_tools
63,52,adjusted_gaze_non_flow,0.0,0.0,all_tools
63,53,adjusted_gaze_non_flow,0.0,0.0,all_tools
63,54,adjusted_gaze_non_flow,0.0,0.0,all_tools
63,55,adjusted_gaze_non_flow,0.0,0.0,all_tools
63,56,adjusted_gaze_non_flow,0.0,0.0,all_tools
63,57,adjusted_gaze_non_flow,0.0,0.0,all_tools
63,58,adjusted_gaze_non_flow,0.0,0.0,all_tools
63,59,adjusted_gaze_non_flow,0.0,0.0,all_tools
63,60,adjusted_gaze_non_flow,0.0,0.0,all_tools
63,61,adjusted_gaze_non_flow,0.0,0.0,all_tools
63,62,adjusted_gaze_non_flow,0.0,0.0,all_tools
63,63,adjusted_gaze_non_flow,0.0,0.0,all_tools
63,64,adjusted_gaze_non_flow,0.0,0.0,all_tools
63,1,adjusted_fix_flow,0.8996162857142859,96.0,all_tools
63,2,adjusted_fix_flow,1.550205,89.0,all_tools
63,3,adjusted_fix_flow,1.4372716666666667,74.0,all_tools
63,4,adjusted_fix_flow,0.831264,77.0,all_tools
63,5,adjusted_fix_flow,0.9216433333333334,79.0,all_tools
63,6,adjusted_fix_flow,2.3485692499999997,98.0,all_tools
63,7,adjusted_fix_flow,0.0,39.0,all_tools
63,8,adjusted_fix_flow,1.495002,71.0,all_tools
63,9,adjusted_fix_flow,1.79808875,34.0,all_tools
63,10,adjusted_fix_flow,1.243632,35.0,all_tools
63,11,adjusted_fix_flow,1.6806484000000002,57.0,all_tools
63,12,adjusted_fix_flow,0.7300476666666667,76.0,all_tools
63,13,adjusted_fix_flow,0.236364,45.0,all_tools
63,14,adjusted_fix_flow,1.4864766666666667,45.0,all_tools
63,15,adjusted_fix_flow,1.6561683333333335,26.0,all_tools
63,16,adjusted_fix_flow,0.9332984999999999,22.0,all_tools
63,17,adjusted_fix_flow,0.9798629999999999,0.0,all_tools
63,18,adjusted_fix_flow,1.44657,0.0,all_tools
63,19,adjusted_fix_flow,2.64935,0.0,all_tools
63,20,adjusted_fix_flow,0.698413,0.0,all_tools
63,21,adjusted_fix_flow,0.998019125,0.0,all_tools
63,22,adjusted_fix_flow,1.414336375,0.0,all_tools
63,23,adjusted_fix_flow,0.64260675,0.0,all_tools
63,24,adjusted_fix_flow,0.525893,0.0,all_tools
63,25,adjusted_fix_flow,1.39352,0.0,all_tools
63,26,adjusted_fix_flow,1.5599625,0.0,all_tools
63,27,adjusted_fix_flow,0.520835,0.0,all_tools
63,28,adjusted_fix_flow,0.814161,0.0,all_tools
63,29,adjusted_fix_flow,1.0257467500000002,0.0,all_tools
63,30,adjusted_fix_flow,2.060645,0.0,all_tools
63,31,adjusted_fix_flow,1.028306,0.0,all_tools
63,32,adjusted_fix_flow,1.5692050000000002,0.0,all_tools
63,33,adjusted_fix_flow,0.8923857777777777,0.0,all_tools
63,34,adjusted_fix_flow,0.8557254285714286,0.0,all_tools
63,35,adjusted_fix_flow,1.340073,0.0,all_tools
63,36,adjusted_fix_flow,1.4290046666666665,0.0,all_tools
63,37,adjusted_fix_flow,1.0569911428571428,0.0,all_tools
63,38,adjusted_fix_flow,0.7603277142857143,0.0,all_tools
63,39,adjusted_fix_flow,0.0,0.0,all_tools
63,40,adjusted_fix_flow,0.0,0.0,all_tools
63,41,adjusted_fix_flow,0.0,0.0,all_tools
63,42,adjusted_fix_flow,0.0,0.0,all_tools
63,43,adjusted_fix_flow,0.0,0.0,all_tools
63,44,adjusted_fix_flow,0.0,0.0,all_tools
63,45,adjusted_fix_flow,0.0,0.0,all_tools
63,46,adjusted_fix_flow,0.0,0.0,all_tools
63,47,adjusted_fix_flow,0.0,0.0,all_tools
63,48,adjusted_fix_flow,0.0,0.0,all_tools
63,49,adjusted_fix_flow,0.0,0.0,all_tools
63,50,adjusted_fix_flow,0.0,0.0,all_tools
63,51,adjusted_fix_flow,0.0,0.0,all_tools
63,52,adjusted_fix_flow,0.0,0.0,all_tools
63,53,adjusted_fix_flow,0.0,0.0,all_tools
63,54,adjusted_fix_flow,0.0,0.0,all_tools
63,55,adjusted_fix_flow,0.0,0.0,all_tools
63,56,adjusted_fix_flow,0.0,0.0,all_tools
63,57,adjusted_fix_flow,0.0,0.0,all_tools
63,58,adjusted_fix_flow,0.0,0.0,all_tools
63,59,adjusted_fix_flow,0.0,0.0,all_tools
63,60,adjusted_fix_flow,0.0,0.0,all_tools
63,61,adjusted_fix_flow,0.0,0.0,all_tools
63,62,adjusted_fix_flow,0.0,0.0,all_tools
63,63,adjusted_fix_flow,0.0,0.0,all_tools
63,64,adjusted_fix_flow,0.0,0.0,all_tools
63,1,adjusted_fix_non_flow,1.0428102857142858,96.0,all_tools
63,2,adjusted_fix_non_flow,0.8280616666666666,89.0,all_tools
63,3,adjusted_fix_non_flow,0.9146789999999999,74.0,all_tools
63,4,adjusted_fix_non_flow,1.125655,77.0,all_tools
63,5,adjusted_fix_non_flow,1.10377,79.0,all_tools
63,6,adjusted_fix_non_flow,0.932572,98.0,all_tools
63,7,adjusted_fix_non_flow,1.02222,39.0,all_tools
63,8,adjusted_fix_non_flow,0.8415996,71.0,all_tools
63,9,adjusted_fix_non_flow,0.9771967500000001,34.0,all_tools
63,10,adjusted_fix_non_flow,0.9378979333333334,35.0,all_tools
63,11,adjusted_fix_non_flow,0.8752138,57.0,all_tools
63,12,adjusted_fix_non_flow,1.0821593333333333,76.0,all_tools
63,13,adjusted_fix_non_flow,1.22909,45.0,all_tools
63,14,adjusted_fix_non_flow,0.7493910833333334,45.0,all_tools
63,15,adjusted_fix_non_flow,0.9343831666666667,26.0,all_tools
63,16,adjusted_fix_non_flow,1.0090931666666665,22.0,all_tools
63,17,adjusted_fix_non_flow,1.0076465,0.0,all_tools
63,18,adjusted_fix_non_flow,0.7839175,0.0,all_tools
63,19,adjusted_fix_non_flow,0.850059,0.0,all_tools
63,20,adjusted_fix_non_flow,1.04762,0.0,all_tools
63,21,adjusted_fix_non_flow,1.000455375,0.0,all_tools
63,22,adjusted_fix_non_flow,0.9765472500000001,0.0,all_tools
63,23,adjusted_fix_non_flow,1.580765,0.0,all_tools
63,24,adjusted_fix_non_flow,1.091175,0.0,all_tools
63,25,adjusted_fix_non_flow,0.8901805,0.0,all_tools
63,26,adjusted_fix_non_flow,0.8911195,0.0,all_tools
63,27,adjusted_fix_non_flow,1.151316,0.0,all_tools
63,28,adjusted_fix_non_flow,1.05973,0.0,all_tools
63,29,adjusted_fix_non_flow,0.9845515,0.0,all_tools
63,30,adjusted_fix_non_flow,0.775632375,0.0,all_tools
63,31,adjusted_fix_non_flow,0.9840011249999999,0.0,all_tools
63,32,adjusted_fix_non_flow,0.8822336249999999,0.0,all_tools
63,33,adjusted_fix_non_flow,1.2104448888888888,0.0,all_tools
63,34,adjusted_fix_non_flow,1.1129104285714284,0.0,all_tools
63,35,adjusted_fix_non_flow,0.9077762500000001,0.0,all_tools
63,36,adjusted_fix_non_flow,0.8970391666666666,0.0,all_tools
63,37,adjusted_fix_non_flow,0.9867467142857143,0.0,all_tools
63,38,adjusted_fix_non_flow,1.014098142857143,0.0,all_tools
63,39,adjusted_fix_non_flow,0.0,0.0,all_tools
63,40,adjusted_fix_non_flow,0.0,0.0,all_tools
63,41,adjusted_fix_non_flow,0.0,0.0,all_tools
63,42,adjusted_fix_non_flow,0.0,0.0,all_tools
63,43,adjusted_fix_non_flow,0.0,0.0,all_tools
63,44,adjusted_fix_non_flow,0.0,0.0,all_tools
63,45,adjusted_fix_non_flow,0.0,0.0,all_tools
63,46,adjusted_fix_non_flow,0.0,0.0,all_tools
63,47,adjusted_fix_non_flow,0.0,0.0,all_tools
63,48,adjusted_fix_non_flow,0.0,0.0,all_tools
63,49,adjusted_fix_non_flow,0.0,0.0,all_tools
63,50,adjusted_fix_non_flow,0.0,0.0,all_tools
63,51,adjusted_fix_non_flow,0.0,0.0,all_tools
63,52,adjusted_fix_non_flow,0.0,0.0,all_tools
63,53,adjusted_fix_non_flow,0.0,0.0,all_tools
63,54,adjusted_fix_non_flow,0.0,0.0,all_tools
63,55,adjusted_fix_non_flow,0.0,0.0,all_tools
63,56,adjusted_fix_non_flow,0.0,0.0,all_tools
63,57,adjusted_fix_non_flow,0.0,0.0,all_tools
63,58,adjusted_fix_non_flow,0.0,0.0,all_tools
63,59,adjusted_fix_non_flow,0.0,0.0,all_tools
63,60,adjusted_fix_non_flow,0.0,0.0,all_tools
63,61,adjusted_fix_non_flow,0.0,0.0,all_tools
63,62,adjusted_fix_non_flow,0.0,0.0,all_tools
63,63,adjusted_fix_non_flow,0.0,0.0,all_tools
63,64,adjusted_fix_non_flow,0.0,0.0,all_tools
63,1,adjusted_gaze_call,1.3207982857142857,96.0,all_tools
63,2,adjusted_gaze_call,1.3130311666666667,89.0,all_tools
63,3,adjusted_gaze_call,0.9968253333333333,74.0,all_tools
63,4,adjusted_gaze_call,1.031472,77.0,all_tools
63,5,adjusted_gaze_call,1.1174448,79.0,all_tools
63,6,adjusted_gaze_call,0.7654860000000001,98.0,all_tools
63,7,adjusted_gaze_call,1.4630325000000002,39.0,all_tools
63,8,adjusted_gaze_call,1.26103,71.0,all_tools
63,9,adjusted_gaze_call,0.9923811999999999,34.0,all_tools
63,10,adjusted_gaze_call,1.145975,35.0,all_tools
63,11,adjusted_gaze_call,1.0657764,57.0,all_tools
63,12,adjusted_gaze_call,1.363254,76.0,all_tools
63,13,adjusted_gaze_call,0.7502295000000001,45.0,all_tools
63,14,adjusted_gaze_call,1.23122,45.0,all_tools
63,15,adjusted_gaze_call,0.7226378333333335,26.0,all_tools
63,16,adjusted_gaze_call,1.1199156666666668,22.0,all_tools
63,17,adjusted_gaze_call,0.7965374333333334,0.0,all_tools
63,18,adjusted_gaze_call,1.49011,0.0,all_tools
63,19,adjusted_gaze_call,1.1109274999999998,0.0,all_tools
63,20,adjusted_gaze_call,1.48593,0.0,all_tools
63,21,adjusted_gaze_call,2.22419,0.0,all_tools
63,22,adjusted_gaze_call,1.171768,0.0,all_tools
63,23,adjusted_gaze_call,0.570859375,0.0,all_tools
63,24,adjusted_gaze_call,1.9959475000000002,0.0,all_tools
63,25,adjusted_gaze_call,1.577285,0.0,all_tools
63,26,adjusted_gaze_call,1.76128,0.0,all_tools
63,27,adjusted_gaze_call,2.319255,0.0,all_tools
63,28,adjusted_gaze_call,1.192862,0.0,all_tools
63,29,adjusted_gaze_call,0.9691810000000001,0.0,all_tools
63,30,adjusted_gaze_call,1.1555195,0.0,all_tools
63,31,adjusted_gaze_call,0.8852586250000001,0.0,all_tools
63,32,adjusted_gaze_call,2.61380875,0.0,all_tools
63,33,adjusted_gaze_call,1.329637375,0.0,all_tools
63,34,adjusted_gaze_call,1.6969304444444444,0.0,all_tools
63,35,adjusted_gaze_call,1.2604557142857142,0.0,all_tools
63,36,adjusted_gaze_call,1.387386857142857,0.0,all_tools
63,37,adjusted_gaze_call,1.166334625,0.0,all_tools
63,38,adjusted_gaze_call,1.15456,0.0,all_tools
63,39,adjusted_gaze_call,1.4981557142857145,0.0,all_tools
63,40,adjusted_gaze_call,1.1509637142857143,0.0,all_tools
63,41,adjusted_gaze_call,0.0,0.0,all_tools
63,42,adjusted_gaze_call,0.0,0.0,all_tools
63,43,adjusted_gaze_call,0.0,0.0,all_tools
63,44,adjusted_gaze_call,0.0,0.0,all_tools
63,45,adjusted_gaze_call,0.0,0.0,all_tools
63,46,adjusted_gaze_call,0.0,0.0,all_tools
63,47,adjusted_gaze_call,0.0,0.0,all_tools
63,48,adjusted_gaze_call,0.0,0.0,all_tools
63,49,adjusted_gaze_call,0.0,0.0,all_tools
63,50,adjusted_gaze_call,0.0,0.0,all_tools
63,51,adjusted_gaze_call,0.0,0.0,all_tools
63,52,adjusted_gaze_call,0.0,0.0,all_tools
63,53,adjusted_gaze_call,0.0,0.0,all_tools
63,54,adjusted_gaze_call,0.0,0.0,all_tools
63,55,adjusted_gaze_call,0.0,0.0,all_tools
63,56,adjusted_gaze_call,0.0,0.0,all_tools
63,57,adjusted_gaze_call,0.0,0.0,all_tools
63,58,adjusted_gaze_call,0.0,0.0,all_tools
63,59,adjusted_gaze_call,0.0,0.0,all_tools
63,60,adjusted_gaze_call,0.0,0.0,all_tools
63,61,adjusted_gaze_call,0.0,0.0,all_tools
63,62,adjusted_gaze_call,0.0,0.0,all_tools
63,63,adjusted_gaze_call,0.0,0.0,all_tools
63,64,adjusted_gaze_call,0.0,0.0,all_tools
63,1,adjusted_gaze_non_call,0.839600857142857,96.0,all_tools
63,2,adjusted_gaze_non_call,0.9373936666666666,89.0,all_tools
63,3,adjusted_gaze_non_call,1.0035863333333335,74.0,all_tools
63,4,adjusted_gaze_non_call,0.9792270000000001,77.0,all_tools
63,5,adjusted_gaze_non_call,0.9428650000000001,79.0,all_tools
63,6,adjusted_gaze_non_call,1.0316910000000001,98.0,all_tools
63,7,adjusted_gaze_non_call,0.4443625,39.0,all_tools
63,8,adjusted_gaze_non_call,0.738974,71.0,all_tools
63,9,adjusted_gaze_non_call,1.0106646,34.0,all_tools
63,10,adjusted_gaze_non_call,0.84543875,35.0,all_tools
63,11,adjusted_gaze_non_call,0.9446091333333333,57.0,all_tools
63,12,adjusted_gaze_non_call,0.7430656000000001,76.0,all_tools
63,13,adjusted_gaze_non_call,1.2664225,45.0,all_tools
63,14,adjusted_gaze_non_call,0.867872,45.0,all_tools
63,15,adjusted_gaze_non_call,1.1158608333333337,26.0,all_tools
63,16,adjusted_gaze_non_call,0.854389,22.0,all_tools
63,17,adjusted_gaze_non_call,1.0915588333333333,0.0,all_tools
63,18,adjusted_gaze_non_call,0.6707650000000001,0.0,all_tools
63,19,adjusted_gaze_non_call,0.9096124999999999,0.0,all_tools
63,20,adjusted_gaze_non_call,0.670265,0.0,all_tools
63,21,adjusted_gaze_non_call,0.21302,0.0,all_tools
63,22,adjusted_gaze_non_call,0.87458125,0.0,all_tools
63,23,adjusted_gaze_non_call,1.146536625,0.0,all_tools
63,24,adjusted_gaze_non_call,0.61447175,0.0,all_tools
63,25,adjusted_gaze_non_call,0.6943794999999999,0.0,all_tools
63,26,adjusted_gaze_non_call,0.7281135,0.0,all_tools
63,27,adjusted_gaze_non_call,0.72705,0.0,all_tools
63,28,adjusted_gaze_non_call,0.78570685,0.0,all_tools
63,29,adjusted_gaze_non_call,1.018761,0.0,all_tools
63,30,adjusted_gaze_non_call,0.88336025,0.0,all_tools
63,31,adjusted_gaze_non_call,1.15035125,0.0,all_tools
63,32,adjusted_gaze_non_call,0.6772382499999999,0.0,all_tools
63,33,adjusted_gaze_non_call,0.7802422499999999,0.0,all_tools
63,34,adjusted_gaze_non_call,0.9502195555555555,0.0,all_tools
63,35,adjusted_gaze_non_call,0.8511685714285714,0.0,all_tools
63,36,adjusted_gaze_non_call,0.567039,0.0,all_tools
63,37,adjusted_gaze_non_call,0.8995065,0.0,all_tools
63,38,adjusted_gaze_non_call,0.8754933333333333,0.0,all_tools
63,39,adjusted_gaze_non_call,0.6419508571428573,0.0,all_tools
63,40,adjusted_gaze_non_call,0.7052595714285713,0.0,all_tools
63,41,adjusted_gaze_non_call,0.0,0.0,all_tools
63,42,adjusted_gaze_non_call,0.0,0.0,all_tools
63,43,adjusted_gaze_non_call,0.0,0.0,all_tools
63,44,adjusted_gaze_non_call,0.0,0.0,all_tools
63,45,adjusted_gaze_non_call,0.0,0.0,all_tools
63,46,adjusted_gaze_non_call,0.0,0.0,all_tools
63,47,adjusted_gaze_non_call,0.0,0.0,all_tools
63,48,adjusted_gaze_non_call,0.0,0.0,all_tools
63,49,adjusted_gaze_non_call,0.0,0.0,all_tools
63,50,adjusted_gaze_non_call,0.0,0.0,all_tools
63,51,adjusted_gaze_non_call,0.0,0.0,all_tools
63,52,adjusted_gaze_non_call,0.0,0.0,all_tools
63,53,adjusted_gaze_non_call,0.0,0.0,all_tools
63,54,adjusted_gaze_non_call,0.0,0.0,all_tools
63,55,adjusted_gaze_non_call,0.0,0.0,all_tools
63,56,adjusted_gaze_non_call,0.0,0.0,all_tools
63,57,adjusted_gaze_non_call,0.0,0.0,all_tools
63,58,adjusted_gaze_non_call,0.0,0.0,all_tools
63,59,adjusted_gaze_non_call,0.0,0.0,all_tools
63,60,adjusted_gaze_non_call,0.0,0.0,all_tools
63,61,adjusted_gaze_non_call,0.0,0.0,all_tools
63,62,adjusted_gaze_non_call,0.0,0.0,all_tools
63,63,adjusted_gaze_non_call,0.0,0.0,all_tools
63,64,adjusted_gaze_non_call,0.0,0.0,all_tools
63,1,adjusted_fix_call,1.5315628571428572,96.0,all_tools
63,2,adjusted_fix_call,1.3597468333333333,89.0,all_tools
63,3,adjusted_fix_call,1.01612,74.0,all_tools
63,4,adjusted_fix_call,1.051205,77.0,all_tools
63,5,adjusted_fix_call,0.9722538000000001,79.0,all_tools
63,6,adjusted_fix_call,0.741572,98.0,all_tools
63,7,adjusted_fix_call,1.4210000000000003,39.0,all_tools
63,8,adjusted_fix_call,1.13846,71.0,all_tools
63,9,adjusted_fix_call,0.9836478,34.0,all_tools
63,10,adjusted_fix_call,1.21572,35.0,all_tools
63,11,adjusted_fix_call,1.0566778666666667,57.0,all_tools
63,12,adjusted_fix_call,1.211518,76.0,all_tools
63,13,adjusted_fix_call,0.7976386666666667,45.0,all_tools
63,14,adjusted_fix_call,1.2,45.0,all_tools
63,15,adjusted_fix_call,0.7751625833333334,26.0,all_tools
63,16,adjusted_fix_call,1.1032686666666667,22.0,all_tools
63,17,adjusted_fix_call,0.681917,0.0,all_tools
63,18,adjusted_fix_call,1.398075,0.0,all_tools
63,19,adjusted_fix_call,0.976522,0.0,all_tools
63,20,adjusted_fix_call,1.39643,0.0,all_tools
63,21,adjusted_fix_call,1.94709,0.0,all_tools
63,22,adjusted_fix_call,1.12094425,0.0,all_tools
63,23,adjusted_fix_call,0.4681375,0.0,all_tools
63,24,adjusted_fix_call,2.03806375,0.0,all_tools
63,25,adjusted_fix_call,1.87406,0.0,all_tools
63,26,adjusted_fix_call,1.49841,0.0,all_tools
63,27,adjusted_fix_call,1.9572349999999998,0.0,all_tools
63,28,adjusted_fix_call,1.152315,0.0,all_tools
63,29,adjusted_fix_call,0.820661,0.0,all_tools
63,30,adjusted_fix_call,1.2096974999999999,0.0,all_tools
63,31,adjusted_fix_call,0.8896772499999999,0.0,all_tools
63,32,adjusted_fix_call,2.4722350000000004,0.0,all_tools
63,33,adjusted_fix_call,1.42003725,0.0,all_tools
63,34,adjusted_fix_call,1.629032222222222,0.0,all_tools
63,35,adjusted_fix_call,1.3643342857142857,0.0,all_tools
63,36,adjusted_fix_call,1.4093742857142857,0.0,all_tools
63,37,adjusted_fix_call,1.124723,0.0,all_tools
63,38,adjusted_fix_call,1.1437178333333335,0.0,all_tools
63,39,adjusted_fix_call,1.52509,0.0,all_tools
63,40,adjusted_fix_call,1.1285195714285714,0.0,all_tools
63,41,adjusted_fix_call,0.0,0.0,all_tools
63,42,adjusted_fix_call,0.0,0.0,all_tools
63,43,adjusted_fix_call,0.0,0.0,all_tools
63,44,adjusted_fix_call,0.0,0.0,all_tools
63,45,adjusted_fix_call,0.0,0.0,all_tools
63,46,adjusted_fix_call,0.0,0.0,all_tools
63,47,adjusted_fix_call,0.0,0.0,all_tools
63,48,adjusted_fix_call,0.0,0.0,all_tools
63,49,adjusted_fix_call,0.0,0.0,all_tools
63,50,adjusted_fix_call,0.0,0.0,all_tools
63,51,adjusted_fix_call,0.0,0.0,all_tools
63,52,adjusted_fix_call,0.0,0.0,all_tools
63,53,adjusted_fix_call,0.0,0.0,all_tools
63,54,adjusted_fix_call,0.0,0.0,all_tools
63,55,adjusted_fix_call,0.0,0.0,all_tools
63,56,adjusted_fix_call,0.0,0.0,all_tools
63,57,adjusted_fix_call,0.0,0.0,all_tools
63,58,adjusted_fix_call,0.0,0.0,all_tools
63,59,adjusted_fix_call,0.0,0.0,all_tools
63,60,adjusted_fix_call,0.0,0.0,all_tools
63,61,adjusted_fix_call,0.0,0.0,all_tools
63,62,adjusted_fix_call,0.0,0.0,all_tools
63,63,adjusted_fix_call,0.0,0.0,all_tools
63,64,adjusted_fix_call,0.0,0.0,all_tools
63,1,adjusted_fix_non_call,0.7342182857142856,96.0,all_tools
63,2,adjusted_fix_non_call,0.9280510000000001,89.0,all_tools
63,3,adjusted_fix_non_call,0.9817771666666667,74.0,all_tools
63,4,adjusted_fix_non_call,0.966205,77.0,all_tools
63,5,adjusted_fix_non_call,1.0134994,79.0,all_tools
63,6,adjusted_fix_non_call,1.0349243333333333,98.0,all_tools
63,7,adjusted_fix_non_call,0.4948025,39.0,all_tools
63,8,adjusted_fix_non_call,0.861538,71.0,all_tools
63,9,adjusted_fix_non_call,1.0228922,34.0,all_tools
63,10,adjusted_fix_non_call,0.7715924999999999,35.0,all_tools
63,11,adjusted_fix_non_call,0.9522716666666667,57.0,all_tools
63,12,adjusted_fix_non_call,0.8503906000000001,76.0,all_tools
63,13,adjusted_fix_non_call,1.2158498333333332,45.0,all_tools
63,14,adjusted_fix_non_call,0.885714,45.0,all_tools
63,15,adjusted_fix_non_call,1.0939189999999999,26.0,all_tools
63,16,adjusted_fix_non_call,0.8746015000000001,22.0,all_tools
63,17,adjusted_fix_non_call,1.1431371666666668,0.0,all_tools
63,18,adjusted_fix_non_call,0.732591,0.0,all_tools
63,19,adjusted_fix_non_call,1.0191305000000002,0.0,all_tools
63,20,adjusted_fix_non_call,0.730991,0.0,all_tools
63,21,adjusted_fix_non_call,0.391156,0.0,all_tools
63,22,adjusted_fix_non_call,0.911691625,0.0,all_tools
63,23,adjusted_fix_non_call,1.181611875,0.0,all_tools
63,24,adjusted_fix_non_call,0.598169,0.0,all_tools
63,25,adjusted_fix_non_call,0.5372645,0.0,all_tools
63,26,adjusted_fix_non_call,0.8219965,0.0,all_tools
63,27,adjusted_fix_non_call,0.801951,0.0,all_tools
63,28,adjusted_fix_non_call,0.83075965,0.0,all_tools
63,29,adjusted_fix_non_call,1.109165,0.0,all_tools
63,30,adjusted_fix_non_call,0.8427250000000001,0.0,all_tools
63,31,adjusted_fix_non_call,1.1445604999999999,0.0,all_tools
63,32,adjusted_fix_non_call,0.70555325,0.0,all_tools
63,33,adjusted_fix_non_call,0.71997575,0.0,all_tools
63,34,adjusted_fix_non_call,0.9550685555555556,0.0,all_tools
63,35,adjusted_fix_non_call,0.7918085714285714,0.0,all_tools
63,36,adjusted_fix_non_call,0.5424632857142857,0.0,all_tools
63,37,adjusted_fix_non_call,0.92464825,0.0,all_tools
63,38,adjusted_fix_non_call,0.8842275,0.0,all_tools
63,39,adjusted_fix_non_call,0.6225907142857142,0.0,all_tools
63,40,adjusted_fix_non_call,0.7490825714285714,0.0,all_tools
63,41,adjusted_fix_non_call,0.0,0.0,all_tools
63,42,adjusted_fix_non_call,0.0,0.0,all_tools
63,43,adjusted_fix_non_call,0.0,0.0,all_tools
63,44,adjusted_fix_non_call,0.0,0.0,all_tools
63,45,adjusted_fix_non_call,0.0,0.0,all_tools
63,46,adjusted_fix_non_call,0.0,0.0,all_tools
63,47,adjusted_fix_non_call,0.0,0.0,all_tools
63,48,adjusted_fix_non_call,0.0,0.0,all_tools
63,49,adjusted_fix_non_call,0.0,0.0,all_tools
63,50,adjusted_fix_non_call,0.0,0.0,all_tools
63,51,adjusted_fix_non_call,0.0,0.0,all_tools
63,52,adjusted_fix_non_call,0.0,0.0,all_tools
63,53,adjusted_fix_non_call,0.0,0.0,all_tools
63,54,adjusted_fix_non_call,0.0,0.0,all_tools
63,55,adjusted_fix_non_call,0.0,0.0,all_tools
63,56,adjusted_fix_non_call,0.0,0.0,all_tools
63,57,adjusted_fix_non_call,0.0,0.0,all_tools
63,58,adjusted_fix_non_call,0.0,0.0,all_tools
63,59,adjusted_fix_non_call,0.0,0.0,all_tools
63,60,adjusted_fix_non_call,0.0,0.0,all_tools
63,61,adjusted_fix_non_call,0.0,0.0,all_tools
63,62,adjusted_fix_non_call,0.0,0.0,all_tools
63,63,adjusted_fix_non_call,0.0,0.0,all_tools
63,64,adjusted_fix_non_call,0.0,0.0,all_tools
9_gc,1,gap_accuracy,0.3958333333333333,10.0,all_tools
9_gc,2,gap_accuracy,0.2740740740740741,10.0,all_tools
9_gc,3,gap_accuracy,0.5,4.0,all_tools
9_gc,4,gap_accuracy,0.5238095238095238,4.0,all_tools
9_gc,5,gap_accuracy,0.48309178743961345,4.0,all_tools
9_gc,6,gap_accuracy,0.40211640211640215,4.0,all_tools
9_gc,7,gap_accuracy,0.36904761904761907,11.0,all_tools
9_gc,8,gap_accuracy,0.36666666666666675,4.0,all_tools
9_gc,9,gap_accuracy,0.46825396825396826,4.0,all_tools
9_gc,10,gap_accuracy,0.5253623188405797,4.0,all_tools
9_gc,1,readability_level_before,2.8125,10.0,all_tools
9_gc,2,readability_level_before,2.6,10.0,all_tools
9_gc,3,readability_level_before,2.6,4.0,all_tools
9_gc,4,readability_level_before,2.4285714285714284,4.0,all_tools
9_gc,5,readability_level_before,3.347826086956522,4.0,all_tools
9_gc,6,readability_level_before,3.0,4.0,all_tools
9_gc,7,readability_level_before,2.7857142857142856,11.0,all_tools
9_gc,8,readability_level_before,2.933333333333333,4.0,all_tools
9_gc,9,readability_level_before,3.380952380952381,4.0,all_tools
9_gc,10,readability_level_before,3.130434782608696,4.0,all_tools
9_gc,1,readability_level_ba,2.59375,10.0,all_tools
9_gc,2,readability_level_ba,2.433333333333333,10.0,all_tools
9_gc,3,readability_level_ba,2.566666666666667,4.0,all_tools
9_gc,4,readability_level_ba,2.5,4.0,all_tools
9_gc,5,readability_level_ba,3.1739130434782608,4.0,all_tools
9_gc,6,readability_level_ba,2.9285714285714284,4.0,all_tools
9_gc,7,readability_level_ba,2.5357142857142856,11.0,all_tools
9_gc,8,readability_level_ba,2.9,4.0,all_tools
9_gc,9,readability_level_ba,3.380952380952381,4.0,all_tools
9_gc,10,readability_level_ba,3.0652173913043477,4.0,all_tools
9_gc,1,time_to_read_complete,137.36374999999998,10.0,all_tools
9_gc,2,time_to_read_complete,123.19000000000001,10.0,all_tools
9_gc,3,time_to_read_complete,212.6206666666667,4.0,all_tools
9_gc,4,time_to_read_complete,202.57285714285715,4.0,all_tools
9_gc,5,time_to_read_complete,165.18,4.0,all_tools
9_gc,6,time_to_read_complete,197.07452380952378,4.0,all_tools
9_gc,7,time_to_read_complete,123.02642857142857,11.0,all_tools
9_gc,8,time_to_read_complete,533.914,4.0,all_tools
9_gc,9,time_to_read_complete,126.68928571428569,4.0,all_tools
9_gc,10,time_to_read_complete,124.68173913043479,4.0,all_tools
9_bc,1,gap_accuracy,0.3840579710144927,10.0,all_tools
9_bc,2,gap_accuracy,0.4074074074074074,10.0,all_tools
9_bc,3,gap_accuracy,0.611111111111111,4.0,all_tools
9_bc,4,gap_accuracy,0.5052083333333334,4.0,all_tools
9_bc,5,gap_accuracy,0.4126984126984127,4.0,all_tools
9_bc,6,gap_accuracy,0.3703703703703703,4.0,all_tools
9_bc,7,gap_accuracy,0.48958333333333337,11.0,all_tools
9_bc,8,gap_accuracy,0.44444444444444453,4.0,all_tools
9_bc,9,gap_accuracy,0.36666666666666664,4.0,all_tools
9_bc,10,gap_accuracy,0.39285714285714285,4.0,all_tools
9_bc,1,readability_level_before,2.739130434782609,10.0,all_tools
9_bc,2,readability_level_before,3.0,10.0,all_tools
9_bc,3,readability_level_before,2.6,4.0,all_tools
9_bc,4,readability_level_before,2.0,4.0,all_tools
9_bc,5,readability_level_before,2.642857142857143,4.0,all_tools
9_bc,6,readability_level_before,2.3333333333333335,4.0,all_tools
9_bc,7,readability_level_before,2.9375,11.0,all_tools
9_bc,8,readability_level_before,3.0,4.0,all_tools
9_bc,9,readability_level_before,2.4,4.0,all_tools
9_bc,10,readability_level_before,2.9285714285714284,4.0,all_tools
9_bc,1,readability_level_ba,2.717391304347826,10.0,all_tools
9_bc,2,readability_level_ba,2.857142857142857,10.0,all_tools
9_bc,3,readability_level_ba,2.533333333333333,4.0,all_tools
9_bc,4,readability_level_ba,1.96875,4.0,all_tools
9_bc,5,readability_level_ba,2.4642857142857144,4.0,all_tools
9_bc,6,readability_level_ba,2.1,4.0,all_tools
9_bc,7,readability_level_ba,2.8125,11.0,all_tools
9_bc,8,readability_level_ba,2.9,4.0,all_tools
9_bc,9,readability_level_ba,2.5,4.0,all_tools
9_bc,10,readability_level_ba,2.75,4.0,all_tools
9_bc,1,time_to_read_complete,143.56804347826088,10.0,all_tools
9_bc,2,time_to_read_complete,134.24785714285716,10.0,all_tools
9_bc,3,time_to_read_complete,161.12800000000001,4.0,all_tools
9_bc,4,time_to_read_complete,188.78187499999999,4.0,all_tools
9_bc,5,time_to_read_complete,184.00178571428572,4.0,all_tools
9_bc,6,time_to_read_complete,224.49699999999999,4.0,all_tools
9_bc,7,time_to_read_complete,106.00562500000001,11.0,all_tools
9_bc,8,time_to_read_complete,111.08466666666665,4.0,all_tools
9_bc,9,time_to_read_complete,102.94033333333333,4.0,all_tools
9_bc,10,time_to_read_complete,200.44,4.0,all_tools
9_nc,1,gap_accuracy,0.380952380952381,10.0,all_tools
9_nc,2,gap_accuracy,0.3259259259259259,10.0,all_tools
9_nc,3,gap_accuracy,0.6507936507936508,4.0,all_tools
9_nc,4,gap_accuracy,0.5253623188405797,4.0,all_tools
9_nc,5,gap_accuracy,0.4583333333333333,4.0,all_tools
9_nc,6,gap_accuracy,0.28148148148148144,4.0,all_tools
9_nc,7,gap_accuracy,0.43478260869565216,11.0,all_tools
9_nc,8,gap_accuracy,0.5158730158730158,4.0,all_tools
9_nc,9,gap_accuracy,0.2777777777777778,4.0,all_tools
9_nc,10,gap_accuracy,0.4635416666666667,4.0,all_tools
9_nc,1,readability_level_before,2.7142857142857144,10.0,all_tools
9_nc,2,readability_level_before,2.466666666666667,10.0,all_tools
9_nc,3,readability_level_before,2.2857142857142856,4.0,all_tools
9_nc,4,readability_level_before,2.347826086956522,4.0,all_tools
9_nc,5,readability_level_before,2.25,4.0,all_tools
9_nc,6,readability_level_before,2.7333333333333334,4.0,all_tools
9_nc,7,readability_level_before,2.3043478260869565,11.0,all_tools
9_nc,8,readability_level_before,2.6666666666666665,4.0,all_tools
9_nc,9,readability_level_before,2.933333333333333,4.0,all_tools
9_nc,10,readability_level_before,2.75,4.0,all_tools
9_nc,1,readability_level_ba,2.642857142857143,10.0,all_tools
9_nc,2,readability_level_ba,2.3333333333333335,10.0,all_tools
9_nc,3,readability_level_ba,2.261904761904762,4.0,all_tools
9_nc,4,readability_level_ba,2.3043478260869565,4.0,all_tools
9_nc,5,readability_level_ba,2.25,4.0,all_tools
9_nc,6,readability_level_ba,2.533333333333333,4.0,all_tools
9_nc,7,readability_level_ba,2.1956521739130435,11.0,all_tools
9_nc,8,readability_level_ba,2.5714285714285716,4.0,all_tools
9_nc,9,readability_level_ba,2.966666666666667,4.0,all_tools
9_nc,10,readability_level_ba,2.65625,4.0,all_tools
9_nc,1,time_to_read_complete,97.71571428571428,10.0,all_tools
9_nc,2,time_to_read_complete,131.76166666666668,10.0,all_tools
9_nc,3,time_to_read_complete,180.75071428571428,4.0,all_tools
9_nc,4,time_to_read_complete,191.89021739130433,4.0,all_tools
9_nc,5,time_to_read_complete,155.11781249999996,4.0,all_tools
9_nc,6,time_to_read_complete,114.97499999999998,4.0,all_tools
9_nc,7,time_to_read_complete,166.80847826086958,11.0,all_tools
9_nc,8,time_to_read_complete,134.88285714285712,4.0,all_tools
9_nc,9,time_to_read_complete,81.70666666666666,4.0,all_tools
9_nc,10,time_to_read_complete,115.86906250000001,4.0,all_tools
f,1,perc_correct_output,39.473684210526315,5.0,all_tools
f,2,perc_correct_output,89.47368421052632,4.0,all_tools
f,3,perc_correct_output,78.94736842105263,2.0,all_tools
f,4,perc_correct_output,47.368421052631575,1.0,all_tools
f,5,perc_correct_output,52.63157894736842,1.0,all_tools
f,6,perc_correct_output,100.0,1.0,all_tools
f,7,perc_correct_output,78.94736842105263,0.0,all_tools
f,8,perc_correct_output,61.111111111111114,1.0,all_tools
f,9,perc_correct_output,66.66666666666666,1.0,all_tools
f,10,perc_correct_output,88.88888888888889,5.0,all_tools
f,11,perc_correct_output,94.73684210526315,2.0,all_tools
f,12,perc_correct_output,84.21052631578947,2.0,all_tools
f,13,perc_correct_output,78.94736842105263,2.0,all_tools
f,14,perc_correct_output,68.42105263157895,3.0,all_tools
f,15,perc_correct_output,18.0,5.0,all_tools
f,16,perc_correct_output,0.0,7.0,all_tools
f,1,brain_deact_31,-2.248355733,5.0,all_tools
f,2,brain_deact_31,-2.137145163,4.0,all_tools
f,3,brain_deact_31,-1.921303548,2.0,all_tools
f,4,brain_deact_31,-1.831843539,1.0,all_tools
f,5,brain_deact_31,-1.93865049,1.0,all_tools
f,6,brain_deact_31,-2.063537981,1.0,all_tools
f,7,brain_deact_31,-1.730000171,0.0,all_tools
f,8,brain_deact_31,-2.103988089,1.0,all_tools
f,9,brain_deact_31,-2.034462625,1.0,all_tools
f,10,brain_deact_31,-2.180495768,5.0,all_tools
f,11,brain_deact_31,-1.936397923,2.0,all_tools
f,12,brain_deact_31,-1.545885531,2.0,all_tools
f,13,brain_deact_31,-1.835985696,2.0,all_tools
f,14,brain_deact_31,-1.897029609,3.0,all_tools
f,15,brain_deact_31,-2.115286243,5.0,all_tools
f,16,brain_deact_31,-1.729084884,7.0,all_tools
f,1,brain_deact_32,-1.774586165,5.0,all_tools
f,2,brain_deact_32,-1.91559082,4.0,all_tools
f,3,brain_deact_32,-1.495832442,2.0,all_tools
f,4,brain_deact_32,-1.46374886,1.0,all_tools
f,5,brain_deact_32,-1.526649428,1.0,all_tools
f,6,brain_deact_32,-1.848531743,1.0,all_tools
f,7,brain_deact_32,-1.236600384,0.0,all_tools
f,8,brain_deact_32,-1.565782627,1.0,all_tools
f,9,brain_deact_32,-1.699418305,1.0,all_tools
f,10,brain_deact_32,-1.907988566,5.0,all_tools
f,11,brain_deact_32,-1.45635117,2.0,all_tools
f,12,brain_deact_32,-1.37916458,2.0,all_tools
f,13,brain_deact_32,-1.458877878,2.0,all_tools
f,14,brain_deact_32,-1.6700936,3.0,all_tools
f,15,brain_deact_32,-1.820133117,5.0,all_tools
f,16,brain_deact_32,-1.241652874,7.0,all_tools
f,1,complexity_level,46.6,5.0,all_tools
f,2,complexity_level,73.73684210526316,4.0,all_tools
f,3,complexity_level,38.578947368421055,2.0,all_tools
f,4,complexity_level,25.88888888888889,1.0,all_tools
f,5,complexity_level,61.421052631578945,1.0,all_tools
f,6,complexity_level,74.57894736842105,1.0,all_tools
f,7,complexity_level,0.0,0.0,all_tools
f,8,complexity_level,44.73684210526316,1.0,all_tools
f,9,complexity_level,45.44444444444444,1.0,all_tools
f,10,complexity_level,57.5,5.0,all_tools
f,11,complexity_level,33.31578947368421,2.0,all_tools
f,12,complexity_level,25.944444444444443,2.0,all_tools
f,13,complexity_level,47.22222222222222,2.0,all_tools
f,14,complexity_level,44.44444444444444,3.0,all_tools
f,15,complexity_level,47.22222222222222,5.0,all_tools
f,16,complexity_level,150.0,7.0,all_tools
f,1,time_to_understand,48.275447368421055,5.0,all_tools
f,2,time_to_understand,30.38747368421053,4.0,all_tools
f,3,time_to_understand,41.406684210526315,2.0,all_tools
f,4,time_to_understand,50.024,1.0,all_tools
f,5,time_to_understand,45.99226315789474,1.0,all_tools
f,6,time_to_understand,21.517,1.0,all_tools
f,7,time_to_understand,38.38831578947369,0.0,all_tools
f,8,time_to_understand,43.33011111111111,1.0,all_tools
f,9,time_to_understand,42.33516666666665,1.0,all_tools
f,10,time_to_understand,27.647555555555552,5.0,all_tools
f,11,time_to_understand,22.280263157894737,2.0,all_tools
f,12,time_to_understand,35.582526315789465,2.0,all_tools
f,13,time_to_understand,33.25842105263157,2.0,all_tools
f,14,time_to_understand,40.122473684210526,3.0,all_tools
f,15,time_to_understand,445.544,5.0,all_tools
f,16,time_to_understand,0.0,7.0,all_tools
1,1,correct_output_rating,1.2195121951219512,0.0,checker_framework
1,2,correct_output_rating,1.951219512195122,0.0,checker_framework
1,3,correct_output_rating,1.4878048780487805,0.0,checker_framework
1,4,correct_output_rating,1.4878048780487805,0.0,checker_framework
1,5,correct_output_rating,1.4390243902439024,0.0,checker_framework
1,6,correct_output_rating,1.7804878048780488,0.0,checker_framework
1,7,correct_output_rating,1.8048780487804879,0.0,checker_framework
1,8,correct_output_rating,1.4634146341463414,0.0,checker_framework
1,9,correct_output_rating,1.853658536585366,0.0,checker_framework
1,10,correct_output_rating,1.8780487804878048,0.0,checker_framework
1,11,correct_output_rating,1.6341463414634145,0.0,checker_framework
1,12,correct_output_rating,1.853658536585366,1.0,checker_framework
1,13,correct_output_rating,2.0,0.0,checker_framework
1,14,correct_output_rating,1.9024390243902438,0.0,checker_framework
1,15,correct_output_rating,0.7804878048780488,4.0,checker_framework
1,16,correct_output_rating,1.951219512195122,0.0,checker_framework
1,17,correct_output_rating,1.6585365853658536,0.0,checker_framework
1,18,correct_output_rating,1.3902439024390243,0.0,checker_framework
1,19,correct_output_rating,1.3902439024390243,2.0,checker_framework
1,20,correct_output_rating,1.3902439024390243,0.0,checker_framework
1,21,correct_output_rating,1.3902439024390243,0.0,checker_framework
1,22,correct_output_rating,1.3902439024390243,0.0,checker_framework
1,23,correct_output_rating,1.829268292682927,0.0,checker_framework
1,1,output_difficulty,3.1707317073170733,0.0,checker_framework
1,2,output_difficulty,2.975609756097561,0.0,checker_framework
1,3,output_difficulty,2.3902439024390243,0.0,checker_framework
1,4,output_difficulty,2.4146341463414633,0.0,checker_framework
1,5,output_difficulty,1.975609756097561,0.0,checker_framework
1,6,output_difficulty,3.1219512195121952,0.0,checker_framework
1,7,output_difficulty,3.2195121951219514,0.0,checker_framework
1,8,output_difficulty,2.3902439024390243,0.0,checker_framework
1,9,output_difficulty,3.1707317073170733,0.0,checker_framework
1,10,output_difficulty,3.6341463414634148,0.0,checker_framework
1,11,output_difficulty,3.097560975609756,0.0,checker_framework
1,12,output_difficulty,3.341463414634146,1.0,checker_framework
1,13,output_difficulty,3.731707317073171,0.0,checker_framework
1,14,output_difficulty,3.4878048780487805,0.0,checker_framework
1,15,output_difficulty,1.0731707317073171,4.0,checker_framework
1,16,output_difficulty,3.7804878048780486,0.0,checker_framework
1,17,output_difficulty,3.048780487804878,0.0,checker_framework
1,18,output_difficulty,2.317073170731707,0.0,checker_framework
1,19,output_difficulty,1.9024390243902438,2.0,checker_framework
1,20,output_difficulty,3.1951219512195124,0.0,checker_framework
1,21,output_difficulty,2.4878048780487805,0.0,checker_framework
1,22,output_difficulty,2.3902439024390243,0.0,checker_framework
1,23,output_difficulty,3.4146341463414633,0.0,checker_framework
1,1,time_to_give_output,68.01441463414633,0.0,checker_framework
1,2,time_to_give_output,100.26741463414633,0.0,checker_framework
1,3,time_to_give_output,132.46873170731706,0.0,checker_framework
1,4,time_to_give_output,154.64156097560976,0.0,checker_framework
1,5,time_to_give_output,211.48453658536584,0.0,checker_framework
1,6,time_to_give_output,70.5109512195122,0.0,checker_framework
1,7,time_to_give_output,66.04860975609758,0.0,checker_framework
1,8,time_to_give_output,104.82602439024389,0.0,checker_framework
1,9,time_to_give_output,65.42085365853657,0.0,checker_framework
1,10,time_to_give_output,42.58580487804878,0.0,checker_framework
1,11,time_to_give_output,65.47378048780489,0.0,checker_framework
1,12,time_to_give_output,59.81002439024391,1.0,checker_framework
1,13,time_to_give_output,37.42529268292683,0.0,checker_framework
1,14,time_to_give_output,48.39470731707317,0.0,checker_framework
1,15,time_to_give_output,355.30917073170735,4.0,checker_framework
1,16,time_to_give_output,20.50239024390244,0.0,checker_framework
1,17,time_to_give_output,99.98841463414635,0.0,checker_framework
1,18,time_to_give_output,132.07892682926828,0.0,checker_framework
1,19,time_to_give_output,145.2398292682927,2.0,checker_framework
1,20,time_to_give_output,80.62182926829269,0.0,checker_framework
1,21,time_to_give_output,89.93921951219512,0.0,checker_framework
1,22,time_to_give_output,86.29456097560976,0.0,checker_framework
1,23,time_to_give_output,54.50070731707317,0.0,checker_framework
2,1,brain_deact_31ant,-0.456862813,0.0,checker_framework
2,2,brain_deact_31ant,-0.627872625,0.0,checker_framework
2,3,brain_deact_31ant,-0.569892688,0.0,checker_framework
2,4,brain_deact_31ant,-0.724818625,0.0,checker_framework
2,5,brain_deact_31ant,-0.461402625,0.0,checker_framework
2,6,brain_deact_31ant,-0.573933125,0.0,checker_framework
2,7,brain_deact_31ant,-0.400142063,0.0,checker_framework
2,8,brain_deact_31ant,-0.6289035,0.0,checker_framework
2,9,brain_deact_31ant,-0.512648188,0.0,checker_framework
2,10,brain_deact_31ant,-0.8140095,0.0,checker_framework
2,11,brain_deact_31ant,-0.799689,0.0,checker_framework
2,12,brain_deact_31ant,-0.754594875,0.0,checker_framework
2,1,brain_deact_31post,-0.680167625,0.0,checker_framework
2,2,brain_deact_31post,-0.58754025,0.0,checker_framework
2,3,brain_deact_31post,-0.484311125,0.0,checker_framework
2,4,brain_deact_31post,-0.755176125,0.0,checker_framework
2,5,brain_deact_31post,-0.504249125,0.0,checker_framework
2,6,brain_deact_31post,-0.531375313,0.0,checker_framework
2,7,brain_deact_31post,-0.452398375,0.0,checker_framework
2,8,brain_deact_31post,-0.787476813,0.0,checker_framework
2,9,brain_deact_31post,-0.474544625,0.0,checker_framework
2,10,brain_deact_31post,-0.827268563,0.0,checker_framework
2,11,brain_deact_31post,-0.825552875,0.0,checker_framework
2,12,brain_deact_31post,-0.743071875,0.0,checker_framework
2,1,brain_deact_32,-0.567438063,0.0,checker_framework
2,2,brain_deact_32,-0.760412688,0.0,checker_framework
2,3,brain_deact_32,-0.80337975,0.0,checker_framework
2,4,brain_deact_32,-0.853813313,0.0,checker_framework
2,5,brain_deact_32,-0.534999375,0.0,checker_framework
2,6,brain_deact_32,-0.833937188,0.0,checker_framework
2,7,brain_deact_32,-0.44148875,0.0,checker_framework
2,8,brain_deact_32,-0.687596375,0.0,checker_framework
2,9,brain_deact_32,-0.513088813,0.0,checker_framework
2,10,brain_deact_32,-1.045516125,0.0,checker_framework
2,11,brain_deact_32,-1.065309875,0.0,checker_framework
2,12,brain_deact_32,-0.810991375,0.0,checker_framework
2,1,time_to_understand,277998.6875,0.0,checker_framework
2,2,time_to_understand,379138.5,0.0,checker_framework
2,3,time_to_understand,282050.625,0.0,checker_framework
2,4,time_to_understand,328751.1875,0.0,checker_framework
2,5,time_to_understand,228106.875,0.0,checker_framework
2,6,time_to_understand,256201.1875,0.0,checker_framework
2,7,time_to_understand,173291.875,0.0,checker_framework
2,8,time_to_understand,253121.6875,0.0,checker_framework
2,9,time_to_understand,368599.625,0.0,checker_framework
2,10,time_to_understand,288200.0,0.0,checker_framework
2,11,time_to_understand,513357.5625,0.0,checker_framework
2,12,time_to_understand,432204.875,0.0,checker_framework
3,1,readability_level,2.99,0.0,checker_framework
3,2,readability_level,3.74,2.0,checker_framework
3,3,readability_level,2.69,4.0,checker_framework
3,4,readability_level,4.03,0.0,checker_framework
3,5,readability_level,4.18,1.0,checker_framework
3,6,readability_level,2.18,0.0,checker_framework
3,7,readability_level,3.62,0.0,checker_framework
3,8,readability_level,2.86,0.0,checker_framework
3,9,readability_level,4.13,0.0,checker_framework
3,10,readability_level,3.35,0.0,checker_framework
3,11,readability_level,3.64,0.0,checker_framework
3,12,readability_level,3.53,0.0,checker_framework
3,13,readability_level,3.03,0.0,checker_framework
3,14,readability_level,4.05,0.0,checker_framework
3,15,readability_level,1.82,0.0,checker_framework
3,16,readability_level,2.9,0.0,checker_framework
3,17,readability_level,3.74,0.0,checker_framework
3,18,readability_level,2.46,0.0,checker_framework
3,19,readability_level,3.56,0.0,checker_framework
3,20,readability_level,3.26,0.0,checker_framework
3,21,readability_level,3.73,0.0,checker_framework
3,22,readability_level,2.73,0.0,checker_framework
3,23,readability_level,3.94,2.0,checker_framework
3,24,readability_level,3.48,0.0,checker_framework
3,25,readability_level,2.09,4.0,checker_framework
3,26,readability_level,2.37,9.0,checker_framework
3,27,readability_level,3.76,0.0,checker_framework
3,28,readability_level,2.86,0.0,checker_framework
3,29,readability_level,3.96,0.0,checker_framework
3,30,readability_level,2.78,0.0,checker_framework
3,31,readability_level,3.27,0.0,checker_framework
3,32,readability_level,4.22,0.0,checker_framework
3,33,readability_level,4.02,0.0,checker_framework
3,34,readability_level,4.35,0.0,checker_framework
3,35,readability_level,2.0,3.0,checker_framework
3,36,readability_level,2.52,0.0,checker_framework
3,37,readability_level,2.57,1.0,checker_framework
3,38,readability_level,2.77,1.0,checker_framework
3,39,readability_level,2.96,3.0,checker_framework
3,40,readability_level,2.9,0.0,checker_framework
3,41,readability_level,2.41,0.0,checker_framework
3,42,readability_level,3.08,0.0,checker_framework
3,43,readability_level,3.28,0.0,checker_framework
3,44,readability_level,4.07,0.0,checker_framework
3,45,readability_level,3.84,0.0,checker_framework
3,46,readability_level,3.76,0.0,checker_framework
3,47,readability_level,3.88,0.0,checker_framework
3,48,readability_level,3.93,0.0,checker_framework
3,49,readability_level,4.05,0.0,checker_framework
3,50,readability_level,4.16,0.0,checker_framework
3,51,readability_level,3.92,0.0,checker_framework
3,52,readability_level,2.63,0.0,checker_framework
3,53,readability_level,2.72,1.0,checker_framework
3,54,readability_level,3.6,0.0,checker_framework
3,55,readability_level,2.71,0.0,checker_framework
3,56,readability_level,3.61,0.0,checker_framework
3,57,readability_level,3.6,0.0,checker_framework
3,58,readability_level,2.4,1.0,checker_framework
3,59,readability_level,3.83,0.0,checker_framework
3,60,readability_level,3.88,0.0,checker_framework
3,61,readability_level,3.77,0.0,checker_framework
3,62,readability_level,3.47,0.0,checker_framework
3,63,readability_level,2.64,1.0,checker_framework
3,64,readability_level,3.59,0.0,checker_framework
3,65,readability_level,3.2,0.0,checker_framework
3,66,readability_level,2.59,0.0,checker_framework
3,67,readability_level,4.02,0.0,checker_framework
3,68,readability_level,3.35,0.0,checker_framework
3,69,readability_level,2.92,0.0,checker_framework
3,70,readability_level,2.39,1.0,checker_framework
3,71,readability_level,3.69,0.0,checker_framework
3,72,readability_level,2.86,0.0,checker_framework
3,73,readability_level,3.38,0.0,checker_framework
3,74,readability_level,3.82,0.0,checker_framework
3,75,readability_level,3.39,0.0,checker_framework
3,76,readability_level,3.49,0.0,checker_framework
3,77,readability_level,2.72,2.0,checker_framework
3,78,readability_level,2.28,0.0,checker_framework
3,79,readability_level,3.34,9.0,checker_framework
3,80,readability_level,4.15,0.0,checker_framework
3,81,readability_level,3.93,0.0,checker_framework
3,82,readability_level,4.0,0.0,checker_framework
3,83,readability_level,2.76,0.0,checker_framework
3,84,readability_level,3.94,0.0,checker_framework
3,85,readability_level,3.61,2.0,checker_framework
3,86,readability_level,2.62,4.0,checker_framework
3,87,readability_level,2.87,0.0,checker_framework
3,88,readability_level,3.23,0.0,checker_framework
3,89,readability_level,4.28,0.0,checker_framework
3,90,readability_level,3.35,0.0,checker_framework
3,91,readability_level,2.08,0.0,checker_framework
3,92,readability_level,3.36,0.0,checker_framework
3,93,readability_level,2.36,0.0,checker_framework
3,94,readability_level,4.07,0.0,checker_framework
3,95,readability_level,3.18,0.0,checker_framework
3,96,readability_level,3.81,0.0,checker_framework
3,97,readability_level,2.9,0.0,checker_framework
3,98,readability_level,3.0,0.0,checker_framework
3,99,readability_level,2.95,0.0,checker_framework
3,100,readability_level,2.12,0.0,checker_framework
6,1,correct_verif_questions,0.37037037037037046,15.0,checker_framework
6,2,correct_verif_questions,0.40740740740740733,13.0,checker_framework
6,3,correct_verif_questions,0.41666666666666674,18.0,checker_framework
6,4,correct_verif_questions,0.40740740740740755,21.0,checker_framework
6,5,correct_verif_questions,0.5925925925925927,3.0,checker_framework
6,6,correct_verif_questions,0.44444444444444436,0.0,checker_framework
6,7,correct_verif_questions,0.44444444444444453,0.0,checker_framework
6,8,correct_verif_questions,0.29629629629629634,0.0,checker_framework
6,9,correct_verif_questions,0.5185185185185186,0.0,checker_framework
6,10,correct_verif_questions,0.48148148148148157,0.0,checker_framework
6,11,correct_verif_questions,0.1851851851851851,0.0,checker_framework
6,12,correct_verif_questions,0.5185185185185186,0.0,checker_framework
6,13,correct_verif_questions,0.40740740740740733,0.0,checker_framework
6,14,correct_verif_questions,0.25925925925925924,0.0,checker_framework
6,15,correct_verif_questions,0.40740740740740755,0.0,checker_framework
6,16,correct_verif_questions,0.2222222222222222,0.0,checker_framework
6,17,correct_verif_questions,0.4444444444444444,0.0,checker_framework
6,18,correct_verif_questions,0.29629629629629634,0.0,checker_framework
6,19,correct_verif_questions,0.6296296296296299,0.0,checker_framework
6,20,correct_verif_questions,0.7407407407407408,0.0,checker_framework
6,21,correct_verif_questions,0.074074074074074,0.0,checker_framework
6,22,correct_verif_questions,0.1111111111111111,0.0,checker_framework
6,23,correct_verif_questions,0.5925925925925926,0.0,checker_framework
6,24,correct_verif_questions,0.5185185185185186,0.0,checker_framework
6,25,correct_verif_questions,0.5925925925925928,0.0,checker_framework
6,26,correct_verif_questions,0.2592592592592593,0.0,checker_framework
6,27,correct_verif_questions,0.7407407407407408,0.0,checker_framework
6,28,correct_verif_questions,0.37037037037037046,0.0,checker_framework
6,29,correct_verif_questions,0.40740740740740744,0.0,checker_framework
6,30,correct_verif_questions,0.25925925925925913,0.0,checker_framework
6,31,correct_verif_questions,0.777777777777778,0.0,checker_framework
6,32,correct_verif_questions,0.777777777777778,0.0,checker_framework
6,33,correct_verif_questions,0.5555555555555556,0.0,checker_framework
6,34,correct_verif_questions,0.4814814814814816,0.0,checker_framework
6,35,correct_verif_questions,0.37037037037037035,0.0,checker_framework
6,36,correct_verif_questions,0.5555555555555556,0.0,checker_framework
6,37,correct_verif_questions,0.7407407407407409,0.0,checker_framework
6,38,correct_verif_questions,0.4444444444444444,0.0,checker_framework
6,39,correct_verif_questions,0.48148148148148157,0.0,checker_framework
6,40,correct_verif_questions,0.25925925925925913,0.0,checker_framework
6,41,correct_verif_questions,0.3333333333333335,0.0,checker_framework
6,42,correct_verif_questions,0.20833333333333337,0.0,checker_framework
6,43,correct_verif_questions,0.5416666666666667,0.0,checker_framework
6,44,correct_verif_questions,0.29166666666666674,0.0,checker_framework
6,45,correct_verif_questions,0.41666666666666685,0.0,checker_framework
6,46,correct_verif_questions,0.7037037037037038,0.0,checker_framework
6,47,correct_verif_questions,0.4444444444444444,0.0,checker_framework
6,48,correct_verif_questions,0.8148148148148149,0.0,checker_framework
6,49,correct_verif_questions,0.40740740740740733,0.0,checker_framework
6,50,correct_verif_questions,0.3333333333333334,0.0,checker_framework
6,1,binary_understandability,0.5555555555555556,15.0,checker_framework
6,2,binary_understandability,0.8888888888888888,13.0,checker_framework
6,3,binary_understandability,0.625,18.0,checker_framework
6,4,binary_understandability,0.6666666666666666,21.0,checker_framework
6,5,binary_understandability,0.7777777777777778,3.0,checker_framework
6,6,binary_understandability,0.8888888888888888,0.0,checker_framework
6,7,binary_understandability,0.7777777777777778,0.0,checker_framework
6,8,binary_understandability,0.5555555555555556,0.0,checker_framework
6,9,binary_understandability,0.7777777777777778,0.0,checker_framework
6,10,binary_understandability,0.7777777777777778,0.0,checker_framework
6,11,binary_understandability,0.5555555555555556,0.0,checker_framework
6,12,binary_understandability,0.6666666666666666,0.0,checker_framework
6,13,binary_understandability,0.6666666666666666,0.0,checker_framework
6,14,binary_understandability,0.5555555555555556,0.0,checker_framework
6,15,binary_understandability,0.6666666666666666,0.0,checker_framework
6,16,binary_understandability,0.4444444444444444,0.0,checker_framework
6,17,binary_understandability,0.6666666666666666,0.0,checker_framework
6,18,binary_understandability,0.4444444444444444,0.0,checker_framework
6,19,binary_understandability,0.8888888888888888,0.0,checker_framework
6,20,binary_understandability,0.8888888888888888,0.0,checker_framework
6,21,binary_understandability,0.2222222222222222,0.0,checker_framework
6,22,binary_understandability,0.2222222222222222,0.0,checker_framework
6,23,binary_understandability,0.8888888888888888,0.0,checker_framework
6,24,binary_understandability,0.6666666666666666,0.0,checker_framework
6,25,binary_understandability,0.7777777777777778,0.0,checker_framework
6,26,binary_understandability,0.4444444444444444,0.0,checker_framework
6,27,binary_understandability,0.7777777777777778,0.0,checker_framework
6,28,binary_understandability,0.4444444444444444,0.0,checker_framework
6,29,binary_understandability,0.5555555555555556,0.0,checker_framework
6,30,binary_understandability,0.6666666666666666,0.0,checker_framework
6,31,binary_understandability,1.0,0.0,checker_framework
6,32,binary_understandability,1.0,0.0,checker_framework
6,33,binary_understandability,0.8888888888888888,0.0,checker_framework
6,34,binary_understandability,0.6666666666666666,0.0,checker_framework
6,35,binary_understandability,0.6666666666666666,0.0,checker_framework
6,36,binary_understandability,0.7777777777777778,0.0,checker_framework
6,37,binary_understandability,1.0,0.0,checker_framework
6,38,binary_understandability,0.6666666666666666,0.0,checker_framework
6,39,binary_understandability,0.7777777777777778,0.0,checker_framework
6,40,binary_understandability,0.6666666666666666,0.0,checker_framework
6,41,binary_understandability,0.5,0.0,checker_framework
6,42,binary_understandability,0.375,0.0,checker_framework
6,43,binary_understandability,0.875,0.0,checker_framework
6,44,binary_understandability,0.625,0.0,checker_framework
6,45,binary_understandability,0.75,0.0,checker_framework
6,46,binary_understandability,1.0,0.0,checker_framework
6,47,binary_understandability,0.7777777777777778,0.0,checker_framework
6,48,binary_understandability,1.0,0.0,checker_framework
6,49,binary_understandability,0.7777777777777778,0.0,checker_framework
6,50,binary_understandability,0.5555555555555556,0.0,checker_framework
6,1,time_to_understand,74.4,15.0,checker_framework
6,2,time_to_understand,73.75,13.0,checker_framework
6,3,time_to_understand,59.8,18.0,checker_framework
6,4,time_to_understand,60.5,21.0,checker_framework
6,5,time_to_understand,66.14285714285714,3.0,checker_framework
6,6,time_to_understand,82.625,0.0,checker_framework
6,7,time_to_understand,257.42857142857144,0.0,checker_framework
6,8,time_to_understand,81.4,0.0,checker_framework
6,9,time_to_understand,170.28571428571428,0.0,checker_framework
6,10,time_to_understand,153.57142857142858,0.0,checker_framework
6,11,time_to_understand,241.4,0.0,checker_framework
6,12,time_to_understand,62.333333333333336,0.0,checker_framework
6,13,time_to_understand,53.666666666666664,0.0,checker_framework
6,14,time_to_understand,94.2,0.0,checker_framework
6,15,time_to_understand,113.66666666666667,0.0,checker_framework
6,16,time_to_understand,202.25,0.0,checker_framework
6,17,time_to_understand,237.33333333333334,0.0,checker_framework
6,18,time_to_understand,151.5,0.0,checker_framework
6,19,time_to_understand,435.5,0.0,checker_framework
6,20,time_to_understand,102.5,0.0,checker_framework
6,21,time_to_understand,172.5,0.0,checker_framework
6,22,time_to_understand,28.0,0.0,checker_framework
6,23,time_to_understand,264.25,0.0,checker_framework
6,24,time_to_understand,163.5,0.0,checker_framework
6,25,time_to_understand,48.857142857142854,0.0,checker_framework
6,26,time_to_understand,57.5,0.0,checker_framework
6,27,time_to_understand,144.71428571428572,0.0,checker_framework
6,28,time_to_understand,270.25,0.0,checker_framework
6,29,time_to_understand,51.6,0.0,checker_framework
6,30,time_to_understand,159.5,0.0,checker_framework
6,31,time_to_understand,50.888888888888886,0.0,checker_framework
6,32,time_to_understand,83.55555555555556,0.0,checker_framework
6,33,time_to_understand,122.125,0.0,checker_framework
6,34,time_to_understand,82.5,0.0,checker_framework
6,35,time_to_understand,83.33333333333333,0.0,checker_framework
6,36,time_to_understand,74.57142857142857,0.0,checker_framework
6,37,time_to_understand,238.44444444444446,0.0,checker_framework
6,38,time_to_understand,66.16666666666667,0.0,checker_framework
6,39,time_to_understand,101.85714285714286,0.0,checker_framework
6,40,time_to_understand,247.0,0.0,checker_framework
6,41,time_to_understand,195.5,0.0,checker_framework
6,42,time_to_understand,318.0,0.0,checker_framework
6,43,time_to_understand,47.857142857142854,0.0,checker_framework
6,44,time_to_understand,391.0,0.0,checker_framework
6,45,time_to_understand,162.16666666666666,0.0,checker_framework
6,46,time_to_understand,55.666666666666664,0.0,checker_framework
6,47,time_to_understand,85.42857142857143,0.0,checker_framework
6,48,time_to_understand,117.88888888888889,0.0,checker_framework
6,49,time_to_understand,85.57142857142857,0.0,checker_framework
6,50,time_to_understand,238.0,0.0,checker_framework
63,1,adjusted_gaze_sig,0.9762631428571428,6.0,checker_framework
63,2,adjusted_gaze_sig,0.8230961666666666,3.0,checker_framework
63,3,adjusted_gaze_sig,0.5625836166666667,5.0,checker_framework
63,4,adjusted_gaze_sig,0.89375,16.0,checker_framework
63,5,adjusted_gaze_sig,2.6371384000000004,5.0,checker_framework
63,6,adjusted_gaze_sig,0.743938,5.0,checker_framework
63,7,adjusted_gaze_sig,0.22781025,2.0,checker_framework
63,8,adjusted_gaze_sig,0.296709,4.0,checker_framework
63,9,adjusted_gaze_sig,0.9081987999999999,6.0,checker_framework
63,10,adjusted_gaze_sig,1.328576,3.0,checker_framework
63,11,adjusted_gaze_sig,1.2333020000000003,0.0,checker_framework
63,12,adjusted_gaze_sig,0.62354116,3.0,checker_framework
63,13,adjusted_gaze_sig,7.25147,0.0,checker_framework
63,14,adjusted_gaze_sig,0.0,2.0,checker_framework
63,15,adjusted_gaze_sig,0.6652165666666668,1.0,checker_framework
63,16,adjusted_gaze_sig,0.5481481666666667,0.0,checker_framework
63,17,adjusted_gaze_sig,1.0767303333333333,0.0,checker_framework
63,18,adjusted_gaze_sig,1.75984745,0.0,checker_framework
63,19,adjusted_gaze_sig,0.362847,0.0,checker_framework
63,20,adjusted_gaze_sig,0.0,0.0,checker_framework
63,21,adjusted_gaze_sig,0.0,0.0,checker_framework
63,22,adjusted_gaze_sig,0.5865469125,0.0,checker_framework
63,23,adjusted_gaze_sig,0.413850625,0.0,checker_framework
63,24,adjusted_gaze_sig,0.9035215000000001,0.0,checker_framework
63,25,adjusted_gaze_sig,0.98207,0.0,checker_framework
63,26,adjusted_gaze_sig,0.123751,0.0,checker_framework
63,27,adjusted_gaze_sig,0.0,0.0,checker_framework
63,28,adjusted_gaze_sig,0.393362,0.0,checker_framework
63,29,adjusted_gaze_sig,0.322672,0.0,checker_framework
63,30,adjusted_gaze_sig,1.1762729,0.0,checker_framework
63,31,adjusted_gaze_sig,0.56380175,0.0,checker_framework
63,32,adjusted_gaze_sig,0.867282125,0.0,checker_framework
63,33,adjusted_gaze_sig,1.227694,0.0,checker_framework
63,34,adjusted_gaze_sig,1.1920696666666664,0.0,checker_framework
63,35,adjusted_gaze_sig,0.5767354142857143,0.0,checker_framework
63,36,adjusted_gaze_sig,0.6708358571428573,0.0,checker_framework
63,37,adjusted_gaze_sig,0.7713289999999999,0.0,checker_framework
63,38,adjusted_gaze_sig,1.1950006666666666,0.0,checker_framework
63,39,adjusted_gaze_sig,1.5442762857142858,0.0,checker_framework
63,40,adjusted_gaze_sig,1.0439151428571427,0.0,checker_framework
63,41,adjusted_gaze_sig,0.0,0.0,checker_framework
63,42,adjusted_gaze_sig,0.0,0.0,checker_framework
63,43,adjusted_gaze_sig,0.0,0.0,checker_framework
63,44,adjusted_gaze_sig,0.0,0.0,checker_framework
63,45,adjusted_gaze_sig,0.0,0.0,checker_framework
63,46,adjusted_gaze_sig,0.0,0.0,checker_framework
63,47,adjusted_gaze_sig,0.0,0.0,checker_framework
63,48,adjusted_gaze_sig,0.0,0.0,checker_framework
63,49,adjusted_gaze_sig,0.0,0.0,checker_framework
63,50,adjusted_gaze_sig,0.0,0.0,checker_framework
63,51,adjusted_gaze_sig,0.0,0.0,checker_framework
63,52,adjusted_gaze_sig,0.0,0.0,checker_framework
63,53,adjusted_gaze_sig,0.0,0.0,checker_framework
63,54,adjusted_gaze_sig,0.0,0.0,checker_framework
63,55,adjusted_gaze_sig,0.0,0.0,checker_framework
63,56,adjusted_gaze_sig,0.0,0.0,checker_framework
63,57,adjusted_gaze_sig,0.0,0.0,checker_framework
63,58,adjusted_gaze_sig,0.0,0.0,checker_framework
63,59,adjusted_gaze_sig,0.0,0.0,checker_framework
63,60,adjusted_gaze_sig,0.0,0.0,checker_framework
63,61,adjusted_gaze_sig,0.0,0.0,checker_framework
63,62,adjusted_gaze_sig,0.0,0.0,checker_framework
63,63,adjusted_gaze_sig,0.0,0.0,checker_framework
63,64,adjusted_gaze_sig,0.0,0.0,checker_framework
63,1,adjusted_gaze_non_sig,1.0012627142857142,6.0,checker_framework
63,2,adjusted_gaze_non_sig,1.035382,3.0,checker_framework
63,3,adjusted_gaze_non_sig,1.0388815000000002,5.0,checker_framework
63,4,adjusted_gaze_non_sig,1.0066405,16.0,checker_framework
63,5,adjusted_gaze_non_sig,0.8035439999999999,5.0,checker_framework
63,6,adjusted_gaze_non_sig,1.0221293333333332,5.0,checker_framework
63,7,adjusted_gaze_non_sig,1.1985649999999999,2.0,checker_framework
63,8,adjusted_gaze_non_sig,1.18869,4.0,checker_framework
63,9,adjusted_gaze_non_sig,1.008346,6.0,checker_framework
63,10,adjusted_gaze_non_sig,0.94700475,3.0,checker_framework
63,11,adjusted_gaze_non_sig,0.9611160000000002,0.0,checker_framework
63,12,adjusted_gaze_non_sig,1.0597564,3.0,checker_framework
63,13,adjusted_gaze_non_sig,0.5688641666666666,0.0,checker_framework
63,14,adjusted_gaze_non_sig,1.06452,2.0,checker_framework
63,15,adjusted_gaze_non_sig,1.0464055,1.0,checker_framework
63,16,adjusted_gaze_non_sig,1.0779053333333335,0.0,checker_framework
63,17,adjusted_gaze_non_sig,0.9531083333333333,0.0,checker_framework
63,18,adjusted_gaze_non_sig,0.9831165000000001,0.0,checker_framework
63,19,adjusted_gaze_non_sig,1.03982,0.0,checker_framework
63,20,adjusted_gaze_non_sig,1.13636,0.0,checker_framework
63,21,adjusted_gaze_non_sig,1.35294,0.0,checker_framework
63,22,adjusted_gaze_non_sig,1.036127625,0.0,checker_framework
63,23,adjusted_gaze_non_sig,1.183171625,0.0,checker_framework
63,24,adjusted_gaze_non_sig,1.00470625,0.0,checker_framework
63,25,adjusted_gaze_non_sig,1.0016315,0.0,checker_framework
63,26,adjusted_gaze_non_sig,1.1402,0.0,checker_framework
63,27,adjusted_gaze_non_sig,1.075,0.0,checker_framework
63,28,adjusted_gaze_non_sig,1.07137,0.0,checker_framework
63,29,adjusted_gaze_non_sig,1.079685,0.0,checker_framework
63,30,adjusted_gaze_non_sig,0.9843317500000002,0.0,checker_framework
63,31,adjusted_gaze_non_sig,1.049248625,0.0,checker_framework
63,32,adjusted_gaze_non_sig,1.00717325,0.0,checker_framework
63,33,adjusted_gaze_non_sig,0.988017,0.0,checker_framework
63,34,adjusted_gaze_non_sig,0.9819933333333333,0.0,checker_framework
63,35,adjusted_gaze_non_sig,1.0423244285714286,0.0,checker_framework
63,36,adjusted_gaze_non_sig,1.0173247142857142,0.0,checker_framework
63,37,adjusted_gaze_non_sig,1.024625,0.0,checker_framework
63,38,adjusted_gaze_non_sig,0.98172,0.0,checker_framework
63,39,adjusted_gaze_non_sig,0.9333551428571428,0.0,checker_framework
63,40,adjusted_gaze_non_sig,0.9987081428571428,0.0,checker_framework
63,41,adjusted_gaze_non_sig,0.0,0.0,checker_framework
63,42,adjusted_gaze_non_sig,0.0,0.0,checker_framework
63,43,adjusted_gaze_non_sig,0.0,0.0,checker_framework
63,44,adjusted_gaze_non_sig,0.0,0.0,checker_framework
63,45,adjusted_gaze_non_sig,0.0,0.0,checker_framework
63,46,adjusted_gaze_non_sig,0.0,0.0,checker_framework
63,47,adjusted_gaze_non_sig,0.0,0.0,checker_framework
63,48,adjusted_gaze_non_sig,0.0,0.0,checker_framework
63,49,adjusted_gaze_non_sig,0.0,0.0,checker_framework
63,50,adjusted_gaze_non_sig,0.0,0.0,checker_framework
63,51,adjusted_gaze_non_sig,0.0,0.0,checker_framework
63,52,adjusted_gaze_non_sig,0.0,0.0,checker_framework
63,53,adjusted_gaze_non_sig,0.0,0.0,checker_framework
63,54,adjusted_gaze_non_sig,0.0,0.0,checker_framework
63,55,adjusted_gaze_non_sig,0.0,0.0,checker_framework
63,56,adjusted_gaze_non_sig,0.0,0.0,checker_framework
63,57,adjusted_gaze_non_sig,0.0,0.0,checker_framework
63,58,adjusted_gaze_non_sig,0.0,0.0,checker_framework
63,59,adjusted_gaze_non_sig,0.0,0.0,checker_framework
63,60,adjusted_gaze_non_sig,0.0,0.0,checker_framework
63,61,adjusted_gaze_non_sig,0.0,0.0,checker_framework
63,62,adjusted_gaze_non_sig,0.0,0.0,checker_framework
63,63,adjusted_gaze_non_sig,0.0,0.0,checker_framework
63,64,adjusted_gaze_non_sig,0.0,0.0,checker_framework
63,1,adjusted_fix_sig,0.5704825714285715,6.0,checker_framework
63,2,adjusted_fix_sig,0.6598746666666667,3.0,checker_framework
63,3,adjusted_fix_sig,0.30574583333333333,5.0,checker_framework
63,4,adjusted_fix_sig,0.425,16.0,checker_framework
63,5,adjusted_fix_sig,2.9051914,5.0,checker_framework
63,6,adjusted_fix_sig,0.8669013333333334,5.0,checker_framework
63,7,adjusted_fix_sig,0.10787605,2.0,checker_framework
63,8,adjusted_fix_sig,0.241187,4.0,checker_framework
63,9,adjusted_fix_sig,0.6465266,6.0,checker_framework
63,10,adjusted_fix_sig,1.10297925,3.0,checker_framework
63,11,adjusted_fix_sig,1.2598273333333332,0.0,checker_framework
63,12,adjusted_fix_sig,0.5756184,3.0,checker_framework
63,13,adjusted_fix_sig,6.436988833333333,0.0,checker_framework
63,14,adjusted_fix_sig,0.0,2.0,checker_framework
63,15,adjusted_fix_sig,0.6469865333333333,1.0,checker_framework
63,16,adjusted_fix_sig,0.6525656666666667,0.0,checker_framework
63,17,adjusted_fix_sig,1.0895208333333335,0.0,checker_framework
63,18,adjusted_fix_sig,1.61501335,0.0,checker_framework
63,19,adjusted_fix_sig,0.468504,0.0,checker_framework
63,20,adjusted_fix_sig,0.0,0.0,checker_framework
63,21,adjusted_fix_sig,0.0,0.0,checker_framework
63,22,adjusted_fix_sig,0.369805775,0.0,checker_framework
63,23,adjusted_fix_sig,0.3446160625,0.0,checker_framework
63,24,adjusted_fix_sig,0.782111025,0.0,checker_framework
63,25,adjusted_fix_sig,0.6956899999999999,0.0,checker_framework
63,26,adjusted_fix_sig,0.0788045,0.0,checker_framework
63,27,adjusted_fix_sig,0.0,0.0,checker_framework
63,28,adjusted_fix_sig,0.95,0.0,checker_framework
63,29,adjusted_fix_sig,0.319328,0.0,checker_framework
63,30,adjusted_fix_sig,1.070199575,0.0,checker_framework
63,31,adjusted_fix_sig,0.359252225,0.0,checker_framework
63,32,adjusted_fix_sig,0.7660482500000001,0.0,checker_framework
63,33,adjusted_fix_sig,1.44020525,0.0,checker_framework
63,34,adjusted_fix_sig,0.8920514444444445,0.0,checker_framework
63,35,adjusted_fix_sig,0.6372011142857142,0.0,checker_framework
63,36,adjusted_fix_sig,0.5316787142857143,0.0,checker_framework
63,37,adjusted_fix_sig,0.828344,0.0,checker_framework
63,38,adjusted_fix_sig,0.5885861666666666,0.0,checker_framework
63,39,adjusted_fix_sig,0.7586309714285715,0.0,checker_framework
63,40,adjusted_fix_sig,0.9255011428571428,0.0,checker_framework
63,41,adjusted_fix_sig,0.0,0.0,checker_framework
63,42,adjusted_fix_sig,0.0,0.0,checker_framework
63,43,adjusted_fix_sig,0.0,0.0,checker_framework
63,44,adjusted_fix_sig,0.0,0.0,checker_framework
63,45,adjusted_fix_sig,0.0,0.0,checker_framework
63,46,adjusted_fix_sig,0.0,0.0,checker_framework
63,47,adjusted_fix_sig,0.0,0.0,checker_framework
63,48,adjusted_fix_sig,0.0,0.0,checker_framework
63,49,adjusted_fix_sig,0.0,0.0,checker_framework
63,50,adjusted_fix_sig,0.0,0.0,checker_framework
63,51,adjusted_fix_sig,0.0,0.0,checker_framework
63,52,adjusted_fix_sig,0.0,0.0,checker_framework
63,53,adjusted_fix_sig,0.0,0.0,checker_framework
63,54,adjusted_fix_sig,0.0,0.0,checker_framework
63,55,adjusted_fix_sig,0.0,0.0,checker_framework
63,56,adjusted_fix_sig,0.0,0.0,checker_framework
63,57,adjusted_fix_sig,0.0,0.0,checker_framework
63,58,adjusted_fix_sig,0.0,0.0,checker_framework
63,59,adjusted_fix_sig,0.0,0.0,checker_framework
63,60,adjusted_fix_sig,0.0,0.0,checker_framework
63,61,adjusted_fix_sig,0.0,0.0,checker_framework
63,62,adjusted_fix_sig,0.0,0.0,checker_framework
63,63,adjusted_fix_sig,0.0,0.0,checker_framework
63,64,adjusted_fix_sig,0.0,0.0,checker_framework
63,1,adjusted_fix_non_sig,1.022847142857143,6.0,checker_framework
63,2,adjusted_fix_non_sig,1.0680243333333332,3.0,checker_framework
63,3,adjusted_fix_non_sig,1.06171,5.0,checker_framework
63,4,adjusted_fix_non_sig,1.03594,16.0,checker_framework
63,5,adjusted_fix_non_sig,0.7713774,5.0,checker_framework
63,6,adjusted_fix_non_sig,1.0115040000000002,5.0,checker_framework
63,7,adjusted_fix_non_sig,1.2294025,2.0,checker_framework
63,8,adjusted_fix_non_sig,1.20358,4.0,checker_framework
63,9,adjusted_fix_non_sig,1.0321358,6.0,checker_framework
63,10,adjusted_fix_non_sig,0.98339175,3.0,checker_framework
63,11,adjusted_fix_non_sig,0.9566937333333334,0.0,checker_framework
63,12,adjusted_fix_non_sig,1.067363,3.0,checker_framework
63,13,adjusted_fix_non_sig,0.6250355,0.0,checker_framework
63,14,adjusted_fix_non_sig,1.06452,2.0,checker_framework
63,15,adjusted_fix_non_sig,1.0489339999999998,1.0,checker_framework
63,16,adjusted_fix_non_sig,1.0599005000000001,0.0,checker_framework
63,17,adjusted_fix_non_sig,0.9452923333333333,0.0,checker_framework
63,18,adjusted_fix_non_sig,0.9863329999999999,0.0,checker_framework
63,19,adjusted_fix_non_sig,1.03322,0.0,checker_framework
63,20,adjusted_fix_non_sig,1.13636,0.0,checker_framework
63,21,adjusted_fix_non_sig,1.35294,0.0,checker_framework
63,22,adjusted_fix_non_sig,1.0550675,0.0,checker_framework
63,23,adjusted_fix_non_sig,1.2048075,0.0,checker_framework
63,24,adjusted_fix_non_sig,1.0106297499999999,0.0,checker_framework
63,25,adjusted_fix_non_sig,1.027663,0.0,checker_framework
63,26,adjusted_fix_non_sig,1.14739,0.0,checker_framework
63,27,adjusted_fix_non_sig,1.075,0.0,checker_framework
63,28,adjusted_fix_non_sig,1.005884,0.0,checker_framework
63,29,adjusted_fix_non_sig,1.0800800000000002,0.0,checker_framework
63,30,adjusted_fix_non_sig,0.99375925,0.0,checker_framework
63,31,adjusted_fix_non_sig,1.07234375,0.0,checker_framework
63,32,adjusted_fix_non_sig,1.01264575,0.0,checker_framework
63,33,adjusted_fix_non_sig,0.9768306250000001,0.0,checker_framework
63,34,adjusted_fix_non_sig,1.01012,0.0,checker_framework
63,35,adjusted_fix_non_sig,1.036279857142857,0.0,checker_framework
63,36,adjusted_fix_non_sig,1.0246478571428572,0.0,checker_framework
63,37,adjusted_fix_non_sig,1.0184845,0.0,checker_framework
63,38,adjusted_fix_non_sig,1.0385704999999998,0.0,checker_framework
63,39,adjusted_fix_non_sig,1.0295549999999998,0.0,checker_framework
63,40,adjusted_fix_non_sig,1.0021907142857143,0.0,checker_framework
63,41,adjusted_fix_non_sig,0.0,0.0,checker_framework
63,42,adjusted_fix_non_sig,0.0,0.0,checker_framework
63,43,adjusted_fix_non_sig,0.0,0.0,checker_framework
63,44,adjusted_fix_non_sig,0.0,0.0,checker_framework
63,45,adjusted_fix_non_sig,0.0,0.0,checker_framework
63,46,adjusted_fix_non_sig,0.0,0.0,checker_framework
63,47,adjusted_fix_non_sig,0.0,0.0,checker_framework
63,48,adjusted_fix_non_sig,0.0,0.0,checker_framework
63,49,adjusted_fix_non_sig,0.0,0.0,checker_framework
63,50,adjusted_fix_non_sig,0.0,0.0,checker_framework
63,51,adjusted_fix_non_sig,0.0,0.0,checker_framework
63,52,adjusted_fix_non_sig,0.0,0.0,checker_framework
63,53,adjusted_fix_non_sig,0.0,0.0,checker_framework
63,54,adjusted_fix_non_sig,0.0,0.0,checker_framework
63,55,adjusted_fix_non_sig,0.0,0.0,checker_framework
63,56,adjusted_fix_non_sig,0.0,0.0,checker_framework
63,57,adjusted_fix_non_sig,0.0,0.0,checker_framework
63,58,adjusted_fix_non_sig,0.0,0.0,checker_framework
63,59,adjusted_fix_non_sig,0.0,0.0,checker_framework
63,60,adjusted_fix_non_sig,0.0,0.0,checker_framework
63,61,adjusted_fix_non_sig,0.0,0.0,checker_framework
63,62,adjusted_fix_non_sig,0.0,0.0,checker_framework
63,63,adjusted_fix_non_sig,0.0,0.0,checker_framework
63,64,adjusted_fix_non_sig,0.0,0.0,checker_framework
63,1,adjusted_gaze_flow,0.8939634285714285,6.0,checker_framework
63,2,adjusted_gaze_flow,1.5909683333333333,3.0,checker_framework
63,3,adjusted_gaze_flow,1.4814991666666668,5.0,checker_framework
63,4,adjusted_gaze_flow,0.8340995,16.0,checker_framework
63,5,adjusted_gaze_flow,0.8475556666666666,5.0,checker_framework
63,6,adjusted_gaze_flow,1.78484475,5.0,checker_framework
63,7,adjusted_gaze_flow,0.0,2.0,checker_framework
63,8,adjusted_gaze_flow,1.467374,4.0,checker_framework
63,9,adjusted_gaze_flow,1.7880827750000001,6.0,checker_framework
63,10,adjusted_gaze_flow,1.1948017333333332,3.0,checker_framework
63,11,adjusted_gaze_flow,1.4922766,0.0,checker_framework
63,12,adjusted_gaze_flow,0.5471588333333334,3.0,checker_framework
63,13,adjusted_gaze_flow,0.271832,0.0,checker_framework
63,14,adjusted_gaze_flow,1.4582316666666666,2.0,checker_framework
63,15,adjusted_gaze_flow,1.6839356666666665,1.0,checker_framework
63,16,adjusted_gaze_flow,0.6687440000000001,0.0,checker_framework
63,17,adjusted_gaze_flow,0.91335,0.0,checker_framework
63,18,adjusted_gaze_flow,1.309525,0.0,checker_framework
63,19,adjusted_gaze_flow,2.64243,0.0,checker_framework
63,20,adjusted_gaze_flow,0.584649,0.0,checker_framework
63,21,adjusted_gaze_flow,0.953450875,0.0,checker_framework
63,22,adjusted_gaze_flow,1.2158466250000002,0.0,checker_framework
63,23,adjusted_gaze_flow,0.664894375,0.0,checker_framework
63,24,adjusted_gaze_flow,0.39904100000000003,0.0,checker_framework
63,25,adjusted_gaze_flow,1.2139950000000002,0.0,checker_framework
63,26,adjusted_gaze_flow,1.396597,0.0,checker_framework
63,27,adjusted_gaze_flow,0.59716,0.0,checker_framework
63,28,adjusted_gaze_flow,0.737054,0.0,checker_framework
63,29,adjusted_gaze_flow,1.049636,0.0,checker_framework
63,30,adjusted_gaze_flow,2.0015175000000003,0.0,checker_framework
63,31,adjusted_gaze_flow,0.9105668750000001,0.0,checker_framework
63,32,adjusted_gaze_flow,1.62674875,0.0,checker_framework
63,33,adjusted_gaze_flow,0.8239138888888888,0.0,checker_framework
63,34,adjusted_gaze_flow,0.9286387142857143,0.0,checker_framework
63,35,adjusted_gaze_flow,1.2251139999999998,0.0,checker_framework
63,36,adjusted_gaze_flow,1.3266493333333333,0.0,checker_framework
63,37,adjusted_gaze_flow,0.841827,0.0,checker_framework
63,38,adjusted_gaze_flow,0.7460811428571429,0.0,checker_framework
63,39,adjusted_gaze_flow,0.0,0.0,checker_framework
63,40,adjusted_gaze_flow,0.0,0.0,checker_framework
63,41,adjusted_gaze_flow,0.0,0.0,checker_framework
63,42,adjusted_gaze_flow,0.0,0.0,checker_framework
63,43,adjusted_gaze_flow,0.0,0.0,checker_framework
63,44,adjusted_gaze_flow,0.0,0.0,checker_framework
63,45,adjusted_gaze_flow,0.0,0.0,checker_framework
63,46,adjusted_gaze_flow,0.0,0.0,checker_framework
63,47,adjusted_gaze_flow,0.0,0.0,checker_framework
63,48,adjusted_gaze_flow,0.0,0.0,checker_framework
63,49,adjusted_gaze_flow,0.0,0.0,checker_framework
63,50,adjusted_gaze_flow,0.0,0.0,checker_framework
63,51,adjusted_gaze_flow,0.0,0.0,checker_framework
63,52,adjusted_gaze_flow,0.0,0.0,checker_framework
63,53,adjusted_gaze_flow,0.0,0.0,checker_framework
63,54,adjusted_gaze_flow,0.0,0.0,checker_framework
63,55,adjusted_gaze_flow,0.0,0.0,checker_framework
63,56,adjusted_gaze_flow,0.0,0.0,checker_framework
63,57,adjusted_gaze_flow,0.0,0.0,checker_framework
63,58,adjusted_gaze_flow,0.0,0.0,checker_framework
63,59,adjusted_gaze_flow,0.0,0.0,checker_framework
63,60,adjusted_gaze_flow,0.0,0.0,checker_framework
63,61,adjusted_gaze_flow,0.0,0.0,checker_framework
63,62,adjusted_gaze_flow,0.0,0.0,checker_framework
63,63,adjusted_gaze_flow,0.0,0.0,checker_framework
63,64,adjusted_gaze_flow,0.0,0.0,checker_framework
63,1,adjusted_gaze_non_flow,1.0452225714285714,6.0,checker_framework
63,2,adjusted_gaze_non_flow,0.8153225000000001,3.0,checker_framework
63,3,adjusted_gaze_non_flow,0.9060483333333332,5.0,checker_framework
63,4,adjusted_gaze_non_flow,1.1235435,16.0,checker_framework
63,5,adjusted_gaze_non_flow,1.2018866666666668,5.0,checker_framework
63,6,adjusted_gaze_non_flow,0.9607587500000001,5.0,checker_framework
63,7,adjusted_gaze_non_flow,1.02222,2.0,checker_framework
63,8,adjusted_gaze_non_flow,0.8504400000000001,4.0,checker_framework
63,9,adjusted_gaze_non_flow,0.97748425,6.0,checker_framework
63,10,adjusted_gaze_non_flow,0.9503439333333333,3.0,checker_framework
63,11,adjusted_gaze_non_flow,0.9097497999999999,0.0,checker_framework
63,12,adjusted_gaze_non_flow,1.1378205,3.0,checker_framework
63,13,adjusted_gaze_non_flow,1.21845,0.0,checker_framework
63,14,adjusted_gaze_non_flow,0.7639411666666667,2.0,checker_framework
63,15,adjusted_gaze_non_flow,0.9316063333333333,1.0,checker_framework
63,16,adjusted_gaze_non_flow,1.0451714999999997,0.0,checker_framework
63,17,adjusted_gaze_non_flow,1.032905,0.0,checker_framework
63,18,adjusted_gaze_non_flow,0.850228,0.0,checker_framework
63,19,adjusted_gaze_non_flow,0.850688,0.0,checker_framework
63,20,adjusted_gaze_non_flow,1.06558,0.0,checker_framework
63,21,adjusted_gaze_non_flow,1.01070075,0.0,checker_framework
63,22,adjusted_gaze_non_flow,0.9877821250000001,0.0,checker_framework
63,23,adjusted_gaze_non_flow,1.5445462499999998,0.0,checker_framework
63,24,adjusted_gaze_non_flow,1.1155650000000001,0.0,checker_framework
63,25,adjusted_gaze_non_flow,0.940281,0.0,checker_framework
63,26,adjusted_gaze_non_flow,0.9228835,0.0,checker_framework
63,27,adjusted_gaze_non_flow,1.1272135,0.0,checker_framework
63,28,adjusted_gaze_non_flow,1.08452,0.0,checker_framework
63,29,adjusted_gaze_non_flow,0.9702204999999999,0.0,checker_framework
63,30,adjusted_gaze_non_flow,0.788140625,0.0,checker_framework
63,31,adjusted_gaze_non_flow,1.0505493750000001,0.0,checker_framework
63,32,adjusted_gaze_non_flow,0.87032775,0.0,checker_framework
63,33,adjusted_gaze_non_flow,1.344346888888889,0.0,checker_framework
63,34,adjusted_gaze_non_flow,1.0558482857142857,0.0,checker_framework
63,35,adjusted_gaze_non_flow,0.9389531249999999,0.0,checker_framework
63,36,adjusted_gaze_non_flow,0.9216045,0.0,checker_framework
63,37,adjusted_gaze_non_flow,1.036784,0.0,checker_framework
63,38,adjusted_gaze_non_flow,1.0149342857142856,0.0,checker_framework
63,39,adjusted_gaze_non_flow,0.0,0.0,checker_framework
63,40,adjusted_gaze_non_flow,0.0,0.0,checker_framework
63,41,adjusted_gaze_non_flow,0.0,0.0,checker_framework
63,42,adjusted_gaze_non_flow,0.0,0.0,checker_framework
63,43,adjusted_gaze_non_flow,0.0,0.0,checker_framework
63,44,adjusted_gaze_non_flow,0.0,0.0,checker_framework
63,45,adjusted_gaze_non_flow,0.0,0.0,checker_framework
63,46,adjusted_gaze_non_flow,0.0,0.0,checker_framework
63,47,adjusted_gaze_non_flow,0.0,0.0,checker_framework
63,48,adjusted_gaze_non_flow,0.0,0.0,checker_framework
63,49,adjusted_gaze_non_flow,0.0,0.0,checker_framework
63,50,adjusted_gaze_non_flow,0.0,0.0,checker_framework
63,51,adjusted_gaze_non_flow,0.0,0.0,checker_framework
63,52,adjusted_gaze_non_flow,0.0,0.0,checker_framework
63,53,adjusted_gaze_non_flow,0.0,0.0,checker_framework
63,54,adjusted_gaze_non_flow,0.0,0.0,checker_framework
63,55,adjusted_gaze_non_flow,0.0,0.0,checker_framework
63,56,adjusted_gaze_non_flow,0.0,0.0,checker_framework
63,57,adjusted_gaze_non_flow,0.0,0.0,checker_framework
63,58,adjusted_gaze_non_flow,0.0,0.0,checker_framework
63,59,adjusted_gaze_non_flow,0.0,0.0,checker_framework
63,60,adjusted_gaze_non_flow,0.0,0.0,checker_framework
63,61,adjusted_gaze_non_flow,0.0,0.0,checker_framework
63,62,adjusted_gaze_non_flow,0.0,0.0,checker_framework
63,63,adjusted_gaze_non_flow,0.0,0.0,checker_framework
63,64,adjusted_gaze_non_flow,0.0,0.0,checker_framework
63,1,adjusted_fix_flow,0.8996162857142859,6.0,checker_framework
63,2,adjusted_fix_flow,1.550205,3.0,checker_framework
63,3,adjusted_fix_flow,1.4372716666666667,5.0,checker_framework
63,4,adjusted_fix_flow,0.831264,16.0,checker_framework
63,5,adjusted_fix_flow,0.9216433333333334,5.0,checker_framework
63,6,adjusted_fix_flow,2.3485692499999997,5.0,checker_framework
63,7,adjusted_fix_flow,0.0,2.0,checker_framework
63,8,adjusted_fix_flow,1.495002,4.0,checker_framework
63,9,adjusted_fix_flow,1.79808875,6.0,checker_framework
63,10,adjusted_fix_flow,1.243632,3.0,checker_framework
63,11,adjusted_fix_flow,1.6806484000000002,0.0,checker_framework
63,12,adjusted_fix_flow,0.7300476666666667,3.0,checker_framework
63,13,adjusted_fix_flow,0.236364,0.0,checker_framework
63,14,adjusted_fix_flow,1.4864766666666667,2.0,checker_framework
63,15,adjusted_fix_flow,1.6561683333333335,1.0,checker_framework
63,16,adjusted_fix_flow,0.9332984999999999,0.0,checker_framework
63,17,adjusted_fix_flow,0.9798629999999999,0.0,checker_framework
63,18,adjusted_fix_flow,1.44657,0.0,checker_framework
63,19,adjusted_fix_flow,2.64935,0.0,checker_framework
63,20,adjusted_fix_flow,0.698413,0.0,checker_framework
63,21,adjusted_fix_flow,0.998019125,0.0,checker_framework
63,22,adjusted_fix_flow,1.414336375,0.0,checker_framework
63,23,adjusted_fix_flow,0.64260675,0.0,checker_framework
63,24,adjusted_fix_flow,0.525893,0.0,checker_framework
63,25,adjusted_fix_flow,1.39352,0.0,checker_framework
63,26,adjusted_fix_flow,1.5599625,0.0,checker_framework
63,27,adjusted_fix_flow,0.520835,0.0,checker_framework
63,28,adjusted_fix_flow,0.814161,0.0,checker_framework
63,29,adjusted_fix_flow,1.0257467500000002,0.0,checker_framework
63,30,adjusted_fix_flow,2.060645,0.0,checker_framework
63,31,adjusted_fix_flow,1.028306,0.0,checker_framework
63,32,adjusted_fix_flow,1.5692050000000002,0.0,checker_framework
63,33,adjusted_fix_flow,0.8923857777777777,0.0,checker_framework
63,34,adjusted_fix_flow,0.8557254285714286,0.0,checker_framework
63,35,adjusted_fix_flow,1.340073,0.0,checker_framework
63,36,adjusted_fix_flow,1.4290046666666665,0.0,checker_framework
63,37,adjusted_fix_flow,1.0569911428571428,0.0,checker_framework
63,38,adjusted_fix_flow,0.7603277142857143,0.0,checker_framework
63,39,adjusted_fix_flow,0.0,0.0,checker_framework
63,40,adjusted_fix_flow,0.0,0.0,checker_framework
63,41,adjusted_fix_flow,0.0,0.0,checker_framework
63,42,adjusted_fix_flow,0.0,0.0,checker_framework
63,43,adjusted_fix_flow,0.0,0.0,checker_framework
63,44,adjusted_fix_flow,0.0,0.0,checker_framework
63,45,adjusted_fix_flow,0.0,0.0,checker_framework
63,46,adjusted_fix_flow,0.0,0.0,checker_framework
63,47,adjusted_fix_flow,0.0,0.0,checker_framework
63,48,adjusted_fix_flow,0.0,0.0,checker_framework
63,49,adjusted_fix_flow,0.0,0.0,checker_framework
63,50,adjusted_fix_flow,0.0,0.0,checker_framework
63,51,adjusted_fix_flow,0.0,0.0,checker_framework
63,52,adjusted_fix_flow,0.0,0.0,checker_framework
63,53,adjusted_fix_flow,0.0,0.0,checker_framework
63,54,adjusted_fix_flow,0.0,0.0,checker_framework
63,55,adjusted_fix_flow,0.0,0.0,checker_framework
63,56,adjusted_fix_flow,0.0,0.0,checker_framework
63,57,adjusted_fix_flow,0.0,0.0,checker_framework
63,58,adjusted_fix_flow,0.0,0.0,checker_framework
63,59,adjusted_fix_flow,0.0,0.0,checker_framework
63,60,adjusted_fix_flow,0.0,0.0,checker_framework
63,61,adjusted_fix_flow,0.0,0.0,checker_framework
63,62,adjusted_fix_flow,0.0,0.0,checker_framework
63,63,adjusted_fix_flow,0.0,0.0,checker_framework
63,64,adjusted_fix_flow,0.0,0.0,checker_framework
63,1,adjusted_fix_non_flow,1.0428102857142858,6.0,checker_framework
63,2,adjusted_fix_non_flow,0.8280616666666666,3.0,checker_framework
63,3,adjusted_fix_non_flow,0.9146789999999999,5.0,checker_framework
63,4,adjusted_fix_non_flow,1.125655,16.0,checker_framework
63,5,adjusted_fix_non_flow,1.10377,5.0,checker_framework
63,6,adjusted_fix_non_flow,0.932572,5.0,checker_framework
63,7,adjusted_fix_non_flow,1.02222,2.0,checker_framework
63,8,adjusted_fix_non_flow,0.8415996,4.0,checker_framework
63,9,adjusted_fix_non_flow,0.9771967500000001,6.0,checker_framework
63,10,adjusted_fix_non_flow,0.9378979333333334,3.0,checker_framework
63,11,adjusted_fix_non_flow,0.8752138,0.0,checker_framework
63,12,adjusted_fix_non_flow,1.0821593333333333,3.0,checker_framework
63,13,adjusted_fix_non_flow,1.22909,0.0,checker_framework
63,14,adjusted_fix_non_flow,0.7493910833333334,2.0,checker_framework
63,15,adjusted_fix_non_flow,0.9343831666666667,1.0,checker_framework
63,16,adjusted_fix_non_flow,1.0090931666666665,0.0,checker_framework
63,17,adjusted_fix_non_flow,1.0076465,0.0,checker_framework
63,18,adjusted_fix_non_flow,0.7839175,0.0,checker_framework
63,19,adjusted_fix_non_flow,0.850059,0.0,checker_framework
63,20,adjusted_fix_non_flow,1.04762,0.0,checker_framework
63,21,adjusted_fix_non_flow,1.000455375,0.0,checker_framework
63,22,adjusted_fix_non_flow,0.9765472500000001,0.0,checker_framework
63,23,adjusted_fix_non_flow,1.580765,0.0,checker_framework
63,24,adjusted_fix_non_flow,1.091175,0.0,checker_framework
63,25,adjusted_fix_non_flow,0.8901805,0.0,checker_framework
63,26,adjusted_fix_non_flow,0.8911195,0.0,checker_framework
63,27,adjusted_fix_non_flow,1.151316,0.0,checker_framework
63,28,adjusted_fix_non_flow,1.05973,0.0,checker_framework
63,29,adjusted_fix_non_flow,0.9845515,0.0,checker_framework
63,30,adjusted_fix_non_flow,0.775632375,0.0,checker_framework
63,31,adjusted_fix_non_flow,0.9840011249999999,0.0,checker_framework
63,32,adjusted_fix_non_flow,0.8822336249999999,0.0,checker_framework
63,33,adjusted_fix_non_flow,1.2104448888888888,0.0,checker_framework
63,34,adjusted_fix_non_flow,1.1129104285714284,0.0,checker_framework
63,35,adjusted_fix_non_flow,0.9077762500000001,0.0,checker_framework
63,36,adjusted_fix_non_flow,0.8970391666666666,0.0,checker_framework
63,37,adjusted_fix_non_flow,0.9867467142857143,0.0,checker_framework
63,38,adjusted_fix_non_flow,1.014098142857143,0.0,checker_framework
63,39,adjusted_fix_non_flow,0.0,0.0,checker_framework
63,40,adjusted_fix_non_flow,0.0,0.0,checker_framework
63,41,adjusted_fix_non_flow,0.0,0.0,checker_framework
63,42,adjusted_fix_non_flow,0.0,0.0,checker_framework
63,43,adjusted_fix_non_flow,0.0,0.0,checker_framework
63,44,adjusted_fix_non_flow,0.0,0.0,checker_framework
63,45,adjusted_fix_non_flow,0.0,0.0,checker_framework
63,46,adjusted_fix_non_flow,0.0,0.0,checker_framework
63,47,adjusted_fix_non_flow,0.0,0.0,checker_framework
63,48,adjusted_fix_non_flow,0.0,0.0,checker_framework
63,49,adjusted_fix_non_flow,0.0,0.0,checker_framework
63,50,adjusted_fix_non_flow,0.0,0.0,checker_framework
63,51,adjusted_fix_non_flow,0.0,0.0,checker_framework
63,52,adjusted_fix_non_flow,0.0,0.0,checker_framework
63,53,adjusted_fix_non_flow,0.0,0.0,checker_framework
63,54,adjusted_fix_non_flow,0.0,0.0,checker_framework
63,55,adjusted_fix_non_flow,0.0,0.0,checker_framework
63,56,adjusted_fix_non_flow,0.0,0.0,checker_framework
63,57,adjusted_fix_non_flow,0.0,0.0,checker_framework
63,58,adjusted_fix_non_flow,0.0,0.0,checker_framework
63,59,adjusted_fix_non_flow,0.0,0.0,checker_framework
63,60,adjusted_fix_non_flow,0.0,0.0,checker_framework
63,61,adjusted_fix_non_flow,0.0,0.0,checker_framework
63,62,adjusted_fix_non_flow,0.0,0.0,checker_framework
63,63,adjusted_fix_non_flow,0.0,0.0,checker_framework
63,64,adjusted_fix_non_flow,0.0,0.0,checker_framework
63,1,adjusted_gaze_call,1.3207982857142857,6.0,checker_framework
63,2,adjusted_gaze_call,1.3130311666666667,3.0,checker_framework
63,3,adjusted_gaze_call,0.9968253333333333,5.0,checker_framework
63,4,adjusted_gaze_call,1.031472,16.0,checker_framework
63,5,adjusted_gaze_call,1.1174448,5.0,checker_framework
63,6,adjusted_gaze_call,0.7654860000000001,5.0,checker_framework
63,7,adjusted_gaze_call,1.4630325000000002,2.0,checker_framework
63,8,adjusted_gaze_call,1.26103,4.0,checker_framework
63,9,adjusted_gaze_call,0.9923811999999999,6.0,checker_framework
63,10,adjusted_gaze_call,1.145975,3.0,checker_framework
63,11,adjusted_gaze_call,1.0657764,0.0,checker_framework
63,12,adjusted_gaze_call,1.363254,3.0,checker_framework
63,13,adjusted_gaze_call,0.7502295000000001,0.0,checker_framework
63,14,adjusted_gaze_call,1.23122,2.0,checker_framework
63,15,adjusted_gaze_call,0.7226378333333335,1.0,checker_framework
63,16,adjusted_gaze_call,1.1199156666666668,0.0,checker_framework
63,17,adjusted_gaze_call,0.7965374333333334,0.0,checker_framework
63,18,adjusted_gaze_call,1.49011,0.0,checker_framework
63,19,adjusted_gaze_call,1.1109274999999998,0.0,checker_framework
63,20,adjusted_gaze_call,1.48593,0.0,checker_framework
63,21,adjusted_gaze_call,2.22419,0.0,checker_framework
63,22,adjusted_gaze_call,1.171768,0.0,checker_framework
63,23,adjusted_gaze_call,0.570859375,0.0,checker_framework
63,24,adjusted_gaze_call,1.9959475000000002,0.0,checker_framework
63,25,adjusted_gaze_call,1.577285,0.0,checker_framework
63,26,adjusted_gaze_call,1.76128,0.0,checker_framework
63,27,adjusted_gaze_call,2.319255,0.0,checker_framework
63,28,adjusted_gaze_call,1.192862,0.0,checker_framework
63,29,adjusted_gaze_call,0.9691810000000001,0.0,checker_framework
63,30,adjusted_gaze_call,1.1555195,0.0,checker_framework
63,31,adjusted_gaze_call,0.8852586250000001,0.0,checker_framework
63,32,adjusted_gaze_call,2.61380875,0.0,checker_framework
63,33,adjusted_gaze_call,1.329637375,0.0,checker_framework
63,34,adjusted_gaze_call,1.6969304444444444,0.0,checker_framework
63,35,adjusted_gaze_call,1.2604557142857142,0.0,checker_framework
63,36,adjusted_gaze_call,1.387386857142857,0.0,checker_framework
63,37,adjusted_gaze_call,1.166334625,0.0,checker_framework
63,38,adjusted_gaze_call,1.15456,0.0,checker_framework
63,39,adjusted_gaze_call,1.4981557142857145,0.0,checker_framework
63,40,adjusted_gaze_call,1.1509637142857143,0.0,checker_framework
63,41,adjusted_gaze_call,0.0,0.0,checker_framework
63,42,adjusted_gaze_call,0.0,0.0,checker_framework
63,43,adjusted_gaze_call,0.0,0.0,checker_framework
63,44,adjusted_gaze_call,0.0,0.0,checker_framework
63,45,adjusted_gaze_call,0.0,0.0,checker_framework
63,46,adjusted_gaze_call,0.0,0.0,checker_framework
63,47,adjusted_gaze_call,0.0,0.0,checker_framework
63,48,adjusted_gaze_call,0.0,0.0,checker_framework
63,49,adjusted_gaze_call,0.0,0.0,checker_framework
63,50,adjusted_gaze_call,0.0,0.0,checker_framework
63,51,adjusted_gaze_call,0.0,0.0,checker_framework
63,52,adjusted_gaze_call,0.0,0.0,checker_framework
63,53,adjusted_gaze_call,0.0,0.0,checker_framework
63,54,adjusted_gaze_call,0.0,0.0,checker_framework
63,55,adjusted_gaze_call,0.0,0.0,checker_framework
63,56,adjusted_gaze_call,0.0,0.0,checker_framework
63,57,adjusted_gaze_call,0.0,0.0,checker_framework
63,58,adjusted_gaze_call,0.0,0.0,checker_framework
63,59,adjusted_gaze_call,0.0,0.0,checker_framework
63,60,adjusted_gaze_call,0.0,0.0,checker_framework
63,61,adjusted_gaze_call,0.0,0.0,checker_framework
63,62,adjusted_gaze_call,0.0,0.0,checker_framework
63,63,adjusted_gaze_call,0.0,0.0,checker_framework
63,64,adjusted_gaze_call,0.0,0.0,checker_framework
63,1,adjusted_gaze_non_call,0.839600857142857,6.0,checker_framework
63,2,adjusted_gaze_non_call,0.9373936666666666,3.0,checker_framework
63,3,adjusted_gaze_non_call,1.0035863333333335,5.0,checker_framework
63,4,adjusted_gaze_non_call,0.9792270000000001,16.0,checker_framework
63,5,adjusted_gaze_non_call,0.9428650000000001,5.0,checker_framework
63,6,adjusted_gaze_non_call,1.0316910000000001,5.0,checker_framework
63,7,adjusted_gaze_non_call,0.4443625,2.0,checker_framework
63,8,adjusted_gaze_non_call,0.738974,4.0,checker_framework
63,9,adjusted_gaze_non_call,1.0106646,6.0,checker_framework
63,10,adjusted_gaze_non_call,0.84543875,3.0,checker_framework
63,11,adjusted_gaze_non_call,0.9446091333333333,0.0,checker_framework
63,12,adjusted_gaze_non_call,0.7430656000000001,3.0,checker_framework
63,13,adjusted_gaze_non_call,1.2664225,0.0,checker_framework
63,14,adjusted_gaze_non_call,0.867872,2.0,checker_framework
63,15,adjusted_gaze_non_call,1.1158608333333337,1.0,checker_framework
63,16,adjusted_gaze_non_call,0.854389,0.0,checker_framework
63,17,adjusted_gaze_non_call,1.0915588333333333,0.0,checker_framework
63,18,adjusted_gaze_non_call,0.6707650000000001,0.0,checker_framework
63,19,adjusted_gaze_non_call,0.9096124999999999,0.0,checker_framework
63,20,adjusted_gaze_non_call,0.670265,0.0,checker_framework
63,21,adjusted_gaze_non_call,0.21302,0.0,checker_framework
63,22,adjusted_gaze_non_call,0.87458125,0.0,checker_framework
63,23,adjusted_gaze_non_call,1.146536625,0.0,checker_framework
63,24,adjusted_gaze_non_call,0.61447175,0.0,checker_framework
63,25,adjusted_gaze_non_call,0.6943794999999999,0.0,checker_framework
63,26,adjusted_gaze_non_call,0.7281135,0.0,checker_framework
63,27,adjusted_gaze_non_call,0.72705,0.0,checker_framework
63,28,adjusted_gaze_non_call,0.78570685,0.0,checker_framework
63,29,adjusted_gaze_non_call,1.018761,0.0,checker_framework
63,30,adjusted_gaze_non_call,0.88336025,0.0,checker_framework
63,31,adjusted_gaze_non_call,1.15035125,0.0,checker_framework
63,32,adjusted_gaze_non_call,0.6772382499999999,0.0,checker_framework
63,33,adjusted_gaze_non_call,0.7802422499999999,0.0,checker_framework
63,34,adjusted_gaze_non_call,0.9502195555555555,0.0,checker_framework
63,35,adjusted_gaze_non_call,0.8511685714285714,0.0,checker_framework
63,36,adjusted_gaze_non_call,0.567039,0.0,checker_framework
63,37,adjusted_gaze_non_call,0.8995065,0.0,checker_framework
63,38,adjusted_gaze_non_call,0.8754933333333333,0.0,checker_framework
63,39,adjusted_gaze_non_call,0.6419508571428573,0.0,checker_framework
63,40,adjusted_gaze_non_call,0.7052595714285713,0.0,checker_framework
63,41,adjusted_gaze_non_call,0.0,0.0,checker_framework
63,42,adjusted_gaze_non_call,0.0,0.0,checker_framework
63,43,adjusted_gaze_non_call,0.0,0.0,checker_framework
63,44,adjusted_gaze_non_call,0.0,0.0,checker_framework
63,45,adjusted_gaze_non_call,0.0,0.0,checker_framework
63,46,adjusted_gaze_non_call,0.0,0.0,checker_framework
63,47,adjusted_gaze_non_call,0.0,0.0,checker_framework
63,48,adjusted_gaze_non_call,0.0,0.0,checker_framework
63,49,adjusted_gaze_non_call,0.0,0.0,checker_framework
63,50,adjusted_gaze_non_call,0.0,0.0,checker_framework
63,51,adjusted_gaze_non_call,0.0,0.0,checker_framework
63,52,adjusted_gaze_non_call,0.0,0.0,checker_framework
63,53,adjusted_gaze_non_call,0.0,0.0,checker_framework
63,54,adjusted_gaze_non_call,0.0,0.0,checker_framework
63,55,adjusted_gaze_non_call,0.0,0.0,checker_framework
63,56,adjusted_gaze_non_call,0.0,0.0,checker_framework
63,57,adjusted_gaze_non_call,0.0,0.0,checker_framework
63,58,adjusted_gaze_non_call,0.0,0.0,checker_framework
63,59,adjusted_gaze_non_call,0.0,0.0,checker_framework
63,60,adjusted_gaze_non_call,0.0,0.0,checker_framework
63,61,adjusted_gaze_non_call,0.0,0.0,checker_framework
63,62,adjusted_gaze_non_call,0.0,0.0,checker_framework
63,63,adjusted_gaze_non_call,0.0,0.0,checker_framework
63,64,adjusted_gaze_non_call,0.0,0.0,checker_framework
63,1,adjusted_fix_call,1.5315628571428572,6.0,checker_framework
63,2,adjusted_fix_call,1.3597468333333333,3.0,checker_framework
63,3,adjusted_fix_call,1.01612,5.0,checker_framework
63,4,adjusted_fix_call,1.051205,16.0,checker_framework
63,5,adjusted_fix_call,0.9722538000000001,5.0,checker_framework
63,6,adjusted_fix_call,0.741572,5.0,checker_framework
63,7,adjusted_fix_call,1.4210000000000003,2.0,checker_framework
63,8,adjusted_fix_call,1.13846,4.0,checker_framework
63,9,adjusted_fix_call,0.9836478,6.0,checker_framework
63,10,adjusted_fix_call,1.21572,3.0,checker_framework
63,11,adjusted_fix_call,1.0566778666666667,0.0,checker_framework
63,12,adjusted_fix_call,1.211518,3.0,checker_framework
63,13,adjusted_fix_call,0.7976386666666667,0.0,checker_framework
63,14,adjusted_fix_call,1.2,2.0,checker_framework
63,15,adjusted_fix_call,0.7751625833333334,1.0,checker_framework
63,16,adjusted_fix_call,1.1032686666666667,0.0,checker_framework
63,17,adjusted_fix_call,0.681917,0.0,checker_framework
63,18,adjusted_fix_call,1.398075,0.0,checker_framework
63,19,adjusted_fix_call,0.976522,0.0,checker_framework
63,20,adjusted_fix_call,1.39643,0.0,checker_framework
63,21,adjusted_fix_call,1.94709,0.0,checker_framework
63,22,adjusted_fix_call,1.12094425,0.0,checker_framework
63,23,adjusted_fix_call,0.4681375,0.0,checker_framework
63,24,adjusted_fix_call,2.03806375,0.0,checker_framework
63,25,adjusted_fix_call,1.87406,0.0,checker_framework
63,26,adjusted_fix_call,1.49841,0.0,checker_framework
63,27,adjusted_fix_call,1.9572349999999998,0.0,checker_framework
63,28,adjusted_fix_call,1.152315,0.0,checker_framework
63,29,adjusted_fix_call,0.820661,0.0,checker_framework
63,30,adjusted_fix_call,1.2096974999999999,0.0,checker_framework
63,31,adjusted_fix_call,0.8896772499999999,0.0,checker_framework
63,32,adjusted_fix_call,2.4722350000000004,0.0,checker_framework
63,33,adjusted_fix_call,1.42003725,0.0,checker_framework
63,34,adjusted_fix_call,1.629032222222222,0.0,checker_framework
63,35,adjusted_fix_call,1.3643342857142857,0.0,checker_framework
63,36,adjusted_fix_call,1.4093742857142857,0.0,checker_framework
63,37,adjusted_fix_call,1.124723,0.0,checker_framework
63,38,adjusted_fix_call,1.1437178333333335,0.0,checker_framework
63,39,adjusted_fix_call,1.52509,0.0,checker_framework
63,40,adjusted_fix_call,1.1285195714285714,0.0,checker_framework
63,41,adjusted_fix_call,0.0,0.0,checker_framework
63,42,adjusted_fix_call,0.0,0.0,checker_framework
63,43,adjusted_fix_call,0.0,0.0,checker_framework
63,44,adjusted_fix_call,0.0,0.0,checker_framework
63,45,adjusted_fix_call,0.0,0.0,checker_framework
63,46,adjusted_fix_call,0.0,0.0,checker_framework
63,47,adjusted_fix_call,0.0,0.0,checker_framework
63,48,adjusted_fix_call,0.0,0.0,checker_framework
63,49,adjusted_fix_call,0.0,0.0,checker_framework
63,50,adjusted_fix_call,0.0,0.0,checker_framework
63,51,adjusted_fix_call,0.0,0.0,checker_framework
63,52,adjusted_fix_call,0.0,0.0,checker_framework
63,53,adjusted_fix_call,0.0,0.0,checker_framework
63,54,adjusted_fix_call,0.0,0.0,checker_framework
63,55,adjusted_fix_call,0.0,0.0,checker_framework
63,56,adjusted_fix_call,0.0,0.0,checker_framework
63,57,adjusted_fix_call,0.0,0.0,checker_framework
63,58,adjusted_fix_call,0.0,0.0,checker_framework
63,59,adjusted_fix_call,0.0,0.0,checker_framework
63,60,adjusted_fix_call,0.0,0.0,checker_framework
63,61,adjusted_fix_call,0.0,0.0,checker_framework
63,62,adjusted_fix_call,0.0,0.0,checker_framework
63,63,adjusted_fix_call,0.0,0.0,checker_framework
63,64,adjusted_fix_call,0.0,0.0,checker_framework
63,1,adjusted_fix_non_call,0.7342182857142856,6.0,checker_framework
63,2,adjusted_fix_non_call,0.9280510000000001,3.0,checker_framework
63,3,adjusted_fix_non_call,0.9817771666666667,5.0,checker_framework
63,4,adjusted_fix_non_call,0.966205,16.0,checker_framework
63,5,adjusted_fix_non_call,1.0134994,5.0,checker_framework
63,6,adjusted_fix_non_call,1.0349243333333333,5.0,checker_framework
63,7,adjusted_fix_non_call,0.4948025,2.0,checker_framework
63,8,adjusted_fix_non_call,0.861538,4.0,checker_framework
63,9,adjusted_fix_non_call,1.0228922,6.0,checker_framework
63,10,adjusted_fix_non_call,0.7715924999999999,3.0,checker_framework
63,11,adjusted_fix_non_call,0.9522716666666667,0.0,checker_framework
63,12,adjusted_fix_non_call,0.8503906000000001,3.0,checker_framework
63,13,adjusted_fix_non_call,1.2158498333333332,0.0,checker_framework
63,14,adjusted_fix_non_call,0.885714,2.0,checker_framework
63,15,adjusted_fix_non_call,1.0939189999999999,1.0,checker_framework
63,16,adjusted_fix_non_call,0.8746015000000001,0.0,checker_framework
63,17,adjusted_fix_non_call,1.1431371666666668,0.0,checker_framework
63,18,adjusted_fix_non_call,0.732591,0.0,checker_framework
63,19,adjusted_fix_non_call,1.0191305000000002,0.0,checker_framework
63,20,adjusted_fix_non_call,0.730991,0.0,checker_framework
63,21,adjusted_fix_non_call,0.391156,0.0,checker_framework
63,22,adjusted_fix_non_call,0.911691625,0.0,checker_framework
63,23,adjusted_fix_non_call,1.181611875,0.0,checker_framework
63,24,adjusted_fix_non_call,0.598169,0.0,checker_framework
63,25,adjusted_fix_non_call,0.5372645,0.0,checker_framework
63,26,adjusted_fix_non_call,0.8219965,0.0,checker_framework
63,27,adjusted_fix_non_call,0.801951,0.0,checker_framework
63,28,adjusted_fix_non_call,0.83075965,0.0,checker_framework
63,29,adjusted_fix_non_call,1.109165,0.0,checker_framework
63,30,adjusted_fix_non_call,0.8427250000000001,0.0,checker_framework
63,31,adjusted_fix_non_call,1.1445604999999999,0.0,checker_framework
63,32,adjusted_fix_non_call,0.70555325,0.0,checker_framework
63,33,adjusted_fix_non_call,0.71997575,0.0,checker_framework
63,34,adjusted_fix_non_call,0.9550685555555556,0.0,checker_framework
63,35,adjusted_fix_non_call,0.7918085714285714,0.0,checker_framework
63,36,adjusted_fix_non_call,0.5424632857142857,0.0,checker_framework
63,37,adjusted_fix_non_call,0.92464825,0.0,checker_framework
63,38,adjusted_fix_non_call,0.8842275,0.0,checker_framework
63,39,adjusted_fix_non_call,0.6225907142857142,0.0,checker_framework
63,40,adjusted_fix_non_call,0.7490825714285714,0.0,checker_framework
63,41,adjusted_fix_non_call,0.0,0.0,checker_framework
63,42,adjusted_fix_non_call,0.0,0.0,checker_framework
63,43,adjusted_fix_non_call,0.0,0.0,checker_framework
63,44,adjusted_fix_non_call,0.0,0.0,checker_framework
63,45,adjusted_fix_non_call,0.0,0.0,checker_framework
63,46,adjusted_fix_non_call,0.0,0.0,checker_framework
63,47,adjusted_fix_non_call,0.0,0.0,checker_framework
63,48,adjusted_fix_non_call,0.0,0.0,checker_framework
63,49,adjusted_fix_non_call,0.0,0.0,checker_framework
63,50,adjusted_fix_non_call,0.0,0.0,checker_framework
63,51,adjusted_fix_non_call,0.0,0.0,checker_framework
63,52,adjusted_fix_non_call,0.0,0.0,checker_framework
63,53,adjusted_fix_non_call,0.0,0.0,checker_framework
63,54,adjusted_fix_non_call,0.0,0.0,checker_framework
63,55,adjusted_fix_non_call,0.0,0.0,checker_framework
63,56,adjusted_fix_non_call,0.0,0.0,checker_framework
63,57,adjusted_fix_non_call,0.0,0.0,checker_framework
63,58,adjusted_fix_non_call,0.0,0.0,checker_framework
63,59,adjusted_fix_non_call,0.0,0.0,checker_framework
63,60,adjusted_fix_non_call,0.0,0.0,checker_framework
63,61,adjusted_fix_non_call,0.0,0.0,checker_framework
63,62,adjusted_fix_non_call,0.0,0.0,checker_framework
63,63,adjusted_fix_non_call,0.0,0.0,checker_framework
63,64,adjusted_fix_non_call,0.0,0.0,checker_framework
9_gc,1,gap_accuracy,0.3958333333333333,0.0,checker_framework
9_gc,2,gap_accuracy,0.2740740740740741,0.0,checker_framework
9_gc,3,gap_accuracy,0.5,0.0,checker_framework
9_gc,4,gap_accuracy,0.5238095238095238,0.0,checker_framework
9_gc,5,gap_accuracy,0.48309178743961345,1.0,checker_framework
9_gc,6,gap_accuracy,0.40211640211640215,1.0,checker_framework
9_gc,7,gap_accuracy,0.36904761904761907,0.0,checker_framework
9_gc,8,gap_accuracy,0.36666666666666675,0.0,checker_framework
9_gc,9,gap_accuracy,0.46825396825396826,0.0,checker_framework
9_gc,10,gap_accuracy,0.5253623188405797,0.0,checker_framework
9_gc,1,readability_level_before,2.8125,0.0,checker_framework
9_gc,2,readability_level_before,2.6,0.0,checker_framework
9_gc,3,readability_level_before,2.6,0.0,checker_framework
9_gc,4,readability_level_before,2.4285714285714284,0.0,checker_framework
9_gc,5,readability_level_before,3.347826086956522,1.0,checker_framework
9_gc,6,readability_level_before,3.0,1.0,checker_framework
9_gc,7,readability_level_before,2.7857142857142856,0.0,checker_framework
9_gc,8,readability_level_before,2.933333333333333,0.0,checker_framework
9_gc,9,readability_level_before,3.380952380952381,0.0,checker_framework
9_gc,10,readability_level_before,3.130434782608696,0.0,checker_framework
9_gc,1,readability_level_ba,2.59375,0.0,checker_framework
9_gc,2,readability_level_ba,2.433333333333333,0.0,checker_framework
9_gc,3,readability_level_ba,2.566666666666667,0.0,checker_framework
9_gc,4,readability_level_ba,2.5,0.0,checker_framework
9_gc,5,readability_level_ba,3.1739130434782608,1.0,checker_framework
9_gc,6,readability_level_ba,2.9285714285714284,1.0,checker_framework
9_gc,7,readability_level_ba,2.5357142857142856,0.0,checker_framework
9_gc,8,readability_level_ba,2.9,0.0,checker_framework
9_gc,9,readability_level_ba,3.380952380952381,0.0,checker_framework
9_gc,10,readability_level_ba,3.0652173913043477,0.0,checker_framework
9_gc,1,time_to_read_complete,137.36374999999998,0.0,checker_framework
9_gc,2,time_to_read_complete,123.19000000000001,0.0,checker_framework
9_gc,3,time_to_read_complete,212.6206666666667,0.0,checker_framework
9_gc,4,time_to_read_complete,202.57285714285715,0.0,checker_framework
9_gc,5,time_to_read_complete,165.18,1.0,checker_framework
9_gc,6,time_to_read_complete,197.07452380952378,1.0,checker_framework
9_gc,7,time_to_read_complete,123.02642857142857,0.0,checker_framework
9_gc,8,time_to_read_complete,533.914,0.0,checker_framework
9_gc,9,time_to_read_complete,126.68928571428569,0.0,checker_framework
9_gc,10,time_to_read_complete,124.68173913043479,0.0,checker_framework
9_bc,1,gap_accuracy,0.3840579710144927,0.0,checker_framework
9_bc,2,gap_accuracy,0.4074074074074074,0.0,checker_framework
9_bc,3,gap_accuracy,0.611111111111111,0.0,checker_framework
9_bc,4,gap_accuracy,0.5052083333333334,0.0,checker_framework
9_bc,5,gap_accuracy,0.4126984126984127,1.0,checker_framework
9_bc,6,gap_accuracy,0.3703703703703703,1.0,checker_framework
9_bc,7,gap_accuracy,0.48958333333333337,0.0,checker_framework
9_bc,8,gap_accuracy,0.44444444444444453,0.0,checker_framework
9_bc,9,gap_accuracy,0.36666666666666664,0.0,checker_framework
9_bc,10,gap_accuracy,0.39285714285714285,0.0,checker_framework
9_bc,1,readability_level_before,2.739130434782609,0.0,checker_framework
9_bc,2,readability_level_before,3.0,0.0,checker_framework
9_bc,3,readability_level_before,2.6,0.0,checker_framework
9_bc,4,readability_level_before,2.0,0.0,checker_framework
9_bc,5,readability_level_before,2.642857142857143,1.0,checker_framework
9_bc,6,readability_level_before,2.3333333333333335,1.0,checker_framework
9_bc,7,readability_level_before,2.9375,0.0,checker_framework
9_bc,8,readability_level_before,3.0,0.0,checker_framework
9_bc,9,readability_level_before,2.4,0.0,checker_framework
9_bc,10,readability_level_before,2.9285714285714284,0.0,checker_framework
9_bc,1,readability_level_ba,2.717391304347826,0.0,checker_framework
9_bc,2,readability_level_ba,2.857142857142857,0.0,checker_framework
9_bc,3,readability_level_ba,2.533333333333333,0.0,checker_framework
9_bc,4,readability_level_ba,1.96875,0.0,checker_framework
9_bc,5,readability_level_ba,2.4642857142857144,1.0,checker_framework
9_bc,6,readability_level_ba,2.1,1.0,checker_framework
9_bc,7,readability_level_ba,2.8125,0.0,checker_framework
9_bc,8,readability_level_ba,2.9,0.0,checker_framework
9_bc,9,readability_level_ba,2.5,0.0,checker_framework
9_bc,10,readability_level_ba,2.75,0.0,checker_framework
9_bc,1,time_to_read_complete,143.56804347826088,0.0,checker_framework
9_bc,2,time_to_read_complete,134.24785714285716,0.0,checker_framework
9_bc,3,time_to_read_complete,161.12800000000001,0.0,checker_framework
9_bc,4,time_to_read_complete,188.78187499999999,0.0,checker_framework
9_bc,5,time_to_read_complete,184.00178571428572,1.0,checker_framework
9_bc,6,time_to_read_complete,224.49699999999999,1.0,checker_framework
9_bc,7,time_to_read_complete,106.00562500000001,0.0,checker_framework
9_bc,8,time_to_read_complete,111.08466666666665,0.0,checker_framework
9_bc,9,time_to_read_complete,102.94033333333333,0.0,checker_framework
9_bc,10,time_to_read_complete,200.44,0.0,checker_framework
9_nc,1,gap_accuracy,0.380952380952381,0.0,checker_framework
9_nc,2,gap_accuracy,0.3259259259259259,0.0,checker_framework
9_nc,3,gap_accuracy,0.6507936507936508,0.0,checker_framework
9_nc,4,gap_accuracy,0.5253623188405797,0.0,checker_framework
9_nc,5,gap_accuracy,0.4583333333333333,1.0,checker_framework
9_nc,6,gap_accuracy,0.28148148148148144,1.0,checker_framework
9_nc,7,gap_accuracy,0.43478260869565216,0.0,checker_framework
9_nc,8,gap_accuracy,0.5158730158730158,0.0,checker_framework
9_nc,9,gap_accuracy,0.2777777777777778,0.0,checker_framework
9_nc,10,gap_accuracy,0.4635416666666667,0.0,checker_framework
9_nc,1,readability_level_before,2.7142857142857144,0.0,checker_framework
9_nc,2,readability_level_before,2.466666666666667,0.0,checker_framework
9_nc,3,readability_level_before,2.2857142857142856,0.0,checker_framework
9_nc,4,readability_level_before,2.347826086956522,0.0,checker_framework
9_nc,5,readability_level_before,2.25,1.0,checker_framework
9_nc,6,readability_level_before,2.7333333333333334,1.0,checker_framework
9_nc,7,readability_level_before,2.3043478260869565,0.0,checker_framework
9_nc,8,readability_level_before,2.6666666666666665,0.0,checker_framework
9_nc,9,readability_level_before,2.933333333333333,0.0,checker_framework
9_nc,10,readability_level_before,2.75,0.0,checker_framework
9_nc,1,readability_level_ba,2.642857142857143,0.0,checker_framework
9_nc,2,readability_level_ba,2.3333333333333335,0.0,checker_framework
9_nc,3,readability_level_ba,2.261904761904762,0.0,checker_framework
9_nc,4,readability_level_ba,2.3043478260869565,0.0,checker_framework
9_nc,5,readability_level_ba,2.25,1.0,checker_framework
9_nc,6,readability_level_ba,2.533333333333333,1.0,checker_framework
9_nc,7,readability_level_ba,2.1956521739130435,0.0,checker_framework
9_nc,8,readability_level_ba,2.5714285714285716,0.0,checker_framework
9_nc,9,readability_level_ba,2.966666666666667,0.0,checker_framework
9_nc,10,readability_level_ba,2.65625,0.0,checker_framework
9_nc,1,time_to_read_complete,97.71571428571428,0.0,checker_framework
9_nc,2,time_to_read_complete,131.76166666666668,0.0,checker_framework
9_nc,3,time_to_read_complete,180.75071428571428,0.0,checker_framework
9_nc,4,time_to_read_complete,191.89021739130433,0.0,checker_framework
9_nc,5,time_to_read_complete,155.11781249999996,1.0,checker_framework
9_nc,6,time_to_read_complete,114.97499999999998,1.0,checker_framework
9_nc,7,time_to_read_complete,166.80847826086958,0.0,checker_framework
9_nc,8,time_to_read_complete,134.88285714285712,0.0,checker_framework
9_nc,9,time_to_read_complete,81.70666666666666,0.0,checker_framework
9_nc,10,time_to_read_complete,115.86906250000001,0.0,checker_framework
f,1,perc_correct_output,39.473684210526315,0.0,checker_framework
f,2,perc_correct_output,89.47368421052632,0.0,checker_framework
f,3,perc_correct_output,78.94736842105263,0.0,checker_framework
f,4,perc_correct_output,47.368421052631575,0.0,checker_framework
f,5,perc_correct_output,52.63157894736842,0.0,checker_framework
f,6,perc_correct_output,100.0,0.0,checker_framework
f,7,perc_correct_output,78.94736842105263,0.0,checker_framework
f,8,perc_correct_output,61.111111111111114,1.0,checker_framework
f,9,perc_correct_output,66.66666666666666,0.0,checker_framework
f,10,perc_correct_output,88.88888888888889,1.0,checker_framework
f,11,perc_correct_output,94.73684210526315,0.0,checker_framework
f,12,perc_correct_output,84.21052631578947,0.0,checker_framework
f,13,perc_correct_output,78.94736842105263,0.0,checker_framework
f,14,perc_correct_output,68.42105263157895,0.0,checker_framework
f,15,perc_correct_output,18.0,0.0,checker_framework
f,16,perc_correct_output,0.0,1.0,checker_framework
f,1,brain_deact_31,-2.248355733,0.0,checker_framework
f,2,brain_deact_31,-2.137145163,0.0,checker_framework
f,3,brain_deact_31,-1.921303548,0.0,checker_framework
f,4,brain_deact_31,-1.831843539,0.0,checker_framework
f,5,brain_deact_31,-1.93865049,0.0,checker_framework
f,6,brain_deact_31,-2.063537981,0.0,checker_framework
f,7,brain_deact_31,-1.730000171,0.0,checker_framework
f,8,brain_deact_31,-2.103988089,1.0,checker_framework
f,9,brain_deact_31,-2.034462625,0.0,checker_framework
f,10,brain_deact_31,-2.180495768,1.0,checker_framework
f,11,brain_deact_31,-1.936397923,0.0,checker_framework
f,12,brain_deact_31,-1.545885531,0.0,checker_framework
f,13,brain_deact_31,-1.835985696,0.0,checker_framework
f,14,brain_deact_31,-1.897029609,0.0,checker_framework
f,15,brain_deact_31,-2.115286243,0.0,checker_framework
f,16,brain_deact_31,-1.729084884,1.0,checker_framework
f,1,brain_deact_32,-1.774586165,0.0,checker_framework
f,2,brain_deact_32,-1.91559082,0.0,checker_framework
f,3,brain_deact_32,-1.495832442,0.0,checker_framework
f,4,brain_deact_32,-1.46374886,0.0,checker_framework
f,5,brain_deact_32,-1.526649428,0.0,checker_framework
f,6,brain_deact_32,-1.848531743,0.0,checker_framework
f,7,brain_deact_32,-1.236600384,0.0,checker_framework
f,8,brain_deact_32,-1.565782627,1.0,checker_framework
f,9,brain_deact_32,-1.699418305,0.0,checker_framework
f,10,brain_deact_32,-1.907988566,1.0,checker_framework
f,11,brain_deact_32,-1.45635117,0.0,checker_framework
f,12,brain_deact_32,-1.37916458,0.0,checker_framework
f,13,brain_deact_32,-1.458877878,0.0,checker_framework
f,14,brain_deact_32,-1.6700936,0.0,checker_framework
f,15,brain_deact_32,-1.820133117,0.0,checker_framework
f,16,brain_deact_32,-1.241652874,1.0,checker_framework
f,1,complexity_level,46.6,0.0,checker_framework
f,2,complexity_level,73.73684210526316,0.0,checker_framework
f,3,complexity_level,38.578947368421055,0.0,checker_framework
f,4,complexity_level,25.88888888888889,0.0,checker_framework
f,5,complexity_level,61.421052631578945,0.0,checker_framework
f,6,complexity_level,74.57894736842105,0.0,checker_framework
f,7,complexity_level,0.0,0.0,checker_framework
f,8,complexity_level,44.73684210526316,1.0,checker_framework
f,9,complexity_level,45.44444444444444,0.0,checker_framework
f,10,complexity_level,57.5,1.0,checker_framework
f,11,complexity_level,33.31578947368421,0.0,checker_framework
f,12,complexity_level,25.944444444444443,0.0,checker_framework
f,13,complexity_level,47.22222222222222,0.0,checker_framework
f,14,complexity_level,44.44444444444444,0.0,checker_framework
f,15,complexity_level,47.22222222222222,0.0,checker_framework
f,16,complexity_level,150.0,1.0,checker_framework
f,1,time_to_understand,48.275447368421055,0.0,checker_framework
f,2,time_to_understand,30.38747368421053,0.0,checker_framework
f,3,time_to_understand,41.406684210526315,0.0,checker_framework
f,4,time_to_understand,50.024,0.0,checker_framework
f,5,time_to_understand,45.99226315789474,0.0,checker_framework
f,6,time_to_understand,21.517,0.0,checker_framework
f,7,time_to_understand,38.38831578947369,0.0,checker_framework
f,8,time_to_understand,43.33011111111111,1.0,checker_framework
f,9,time_to_understand,42.33516666666665,0.0,checker_framework
f,10,time_to_understand,27.647555555555552,1.0,checker_framework
f,11,time_to_understand,22.280263157894737,0.0,checker_framework
f,12,time_to_understand,35.582526315789465,0.0,checker_framework
f,13,time_to_understand,33.25842105263157,0.0,checker_framework
f,14,time_to_understand,40.122473684210526,0.0,checker_framework
f,15,time_to_understand,445.544,0.0,checker_framework
f,16,time_to_understand,0.0,1.0,checker_framework
1,1,correct_output_rating,1.2195121951219512,0.0,typestate_checker
1,2,correct_output_rating,1.951219512195122,0.0,typestate_checker
1,3,correct_output_rating,1.4878048780487805,0.0,typestate_checker
1,4,correct_output_rating,1.4878048780487805,0.0,typestate_checker
1,5,correct_output_rating,1.4390243902439024,0.0,typestate_checker
1,6,correct_output_rating,1.7804878048780488,0.0,typestate_checker
1,7,correct_output_rating,1.8048780487804879,0.0,typestate_checker
1,8,correct_output_rating,1.4634146341463414,0.0,typestate_checker
1,9,correct_output_rating,1.853658536585366,0.0,typestate_checker
1,10,correct_output_rating,1.8780487804878048,0.0,typestate_checker
1,11,correct_output_rating,1.6341463414634145,0.0,typestate_checker
1,12,correct_output_rating,1.853658536585366,0.0,typestate_checker
1,13,correct_output_rating,2.0,0.0,typestate_checker
1,14,correct_output_rating,1.9024390243902438,3.0,typestate_checker
1,15,correct_output_rating,0.7804878048780488,5.0,typestate_checker
1,16,correct_output_rating,1.951219512195122,0.0,typestate_checker
1,17,correct_output_rating,1.6585365853658536,0.0,typestate_checker
1,18,correct_output_rating,1.3902439024390243,0.0,typestate_checker
1,19,correct_output_rating,1.3902439024390243,6.0,typestate_checker
1,20,correct_output_rating,1.3902439024390243,0.0,typestate_checker
1,21,correct_output_rating,1.3902439024390243,0.0,typestate_checker
1,22,correct_output_rating,1.3902439024390243,0.0,typestate_checker
1,23,correct_output_rating,1.829268292682927,0.0,typestate_checker
1,1,output_difficulty,3.1707317073170733,0.0,typestate_checker
1,2,output_difficulty,2.975609756097561,0.0,typestate_checker
1,3,output_difficulty,2.3902439024390243,0.0,typestate_checker
1,4,output_difficulty,2.4146341463414633,0.0,typestate_checker
1,5,output_difficulty,1.975609756097561,0.0,typestate_checker
1,6,output_difficulty,3.1219512195121952,0.0,typestate_checker
1,7,output_difficulty,3.2195121951219514,0.0,typestate_checker
1,8,output_difficulty,2.3902439024390243,0.0,typestate_checker
1,9,output_difficulty,3.1707317073170733,0.0,typestate_checker
1,10,output_difficulty,3.6341463414634148,0.0,typestate_checker
1,11,output_difficulty,3.097560975609756,0.0,typestate_checker
1,12,output_difficulty,3.341463414634146,0.0,typestate_checker
1,13,output_difficulty,3.731707317073171,0.0,typestate_checker
1,14,output_difficulty,3.4878048780487805,3.0,typestate_checker
1,15,output_difficulty,1.0731707317073171,5.0,typestate_checker
1,16,output_difficulty,3.7804878048780486,0.0,typestate_checker
1,17,output_difficulty,3.048780487804878,0.0,typestate_checker
1,18,output_difficulty,2.317073170731707,0.0,typestate_checker
1,19,output_difficulty,1.9024390243902438,6.0,typestate_checker
1,20,output_difficulty,3.1951219512195124,0.0,typestate_checker
1,21,output_difficulty,2.4878048780487805,0.0,typestate_checker
1,22,output_difficulty,2.3902439024390243,0.0,typestate_checker
1,23,output_difficulty,3.4146341463414633,0.0,typestate_checker
1,1,time_to_give_output,68.01441463414633,0.0,typestate_checker
1,2,time_to_give_output,100.26741463414633,0.0,typestate_checker
1,3,time_to_give_output,132.46873170731706,0.0,typestate_checker
1,4,time_to_give_output,154.64156097560976,0.0,typestate_checker
1,5,time_to_give_output,211.48453658536584,0.0,typestate_checker
1,6,time_to_give_output,70.5109512195122,0.0,typestate_checker
1,7,time_to_give_output,66.04860975609758,0.0,typestate_checker
1,8,time_to_give_output,104.82602439024389,0.0,typestate_checker
1,9,time_to_give_output,65.42085365853657,0.0,typestate_checker
1,10,time_to_give_output,42.58580487804878,0.0,typestate_checker
1,11,time_to_give_output,65.47378048780489,0.0,typestate_checker
1,12,time_to_give_output,59.81002439024391,0.0,typestate_checker
1,13,time_to_give_output,37.42529268292683,0.0,typestate_checker
1,14,time_to_give_output,48.39470731707317,3.0,typestate_checker
1,15,time_to_give_output,355.30917073170735,5.0,typestate_checker
1,16,time_to_give_output,20.50239024390244,0.0,typestate_checker
1,17,time_to_give_output,99.98841463414635,0.0,typestate_checker
1,18,time_to_give_output,132.07892682926828,0.0,typestate_checker
1,19,time_to_give_output,145.2398292682927,6.0,typestate_checker
1,20,time_to_give_output,80.62182926829269,0.0,typestate_checker
1,21,time_to_give_output,89.93921951219512,0.0,typestate_checker
1,22,time_to_give_output,86.29456097560976,0.0,typestate_checker
1,23,time_to_give_output,54.50070731707317,0.0,typestate_checker
2,1,brain_deact_31ant,-0.456862813,0.0,typestate_checker
2,2,brain_deact_31ant,-0.627872625,0.0,typestate_checker
2,3,brain_deact_31ant,-0.569892688,0.0,typestate_checker
2,4,brain_deact_31ant,-0.724818625,0.0,typestate_checker
2,5,brain_deact_31ant,-0.461402625,0.0,typestate_checker
2,6,brain_deact_31ant,-0.573933125,0.0,typestate_checker
2,7,brain_deact_31ant,-0.400142063,0.0,typestate_checker
2,8,brain_deact_31ant,-0.6289035,3.0,typestate_checker
2,9,brain_deact_31ant,-0.512648188,0.0,typestate_checker
2,10,brain_deact_31ant,-0.8140095,0.0,typestate_checker
2,11,brain_deact_31ant,-0.799689,0.0,typestate_checker
2,12,brain_deact_31ant,-0.754594875,0.0,typestate_checker
2,1,brain_deact_31post,-0.680167625,0.0,typestate_checker
2,2,brain_deact_31post,-0.58754025,0.0,typestate_checker
2,3,brain_deact_31post,-0.484311125,0.0,typestate_checker
2,4,brain_deact_31post,-0.755176125,0.0,typestate_checker
2,5,brain_deact_31post,-0.504249125,0.0,typestate_checker
2,6,brain_deact_31post,-0.531375313,0.0,typestate_checker
2,7,brain_deact_31post,-0.452398375,0.0,typestate_checker
2,8,brain_deact_31post,-0.787476813,3.0,typestate_checker
2,9,brain_deact_31post,-0.474544625,0.0,typestate_checker
2,10,brain_deact_31post,-0.827268563,0.0,typestate_checker
2,11,brain_deact_31post,-0.825552875,0.0,typestate_checker
2,12,brain_deact_31post,-0.743071875,0.0,typestate_checker
2,1,brain_deact_32,-0.567438063,0.0,typestate_checker
2,2,brain_deact_32,-0.760412688,0.0,typestate_checker
2,3,brain_deact_32,-0.80337975,0.0,typestate_checker
2,4,brain_deact_32,-0.853813313,0.0,typestate_checker
2,5,brain_deact_32,-0.534999375,0.0,typestate_checker
2,6,brain_deact_32,-0.833937188,0.0,typestate_checker
2,7,brain_deact_32,-0.44148875,0.0,typestate_checker
2,8,brain_deact_32,-0.687596375,3.0,typestate_checker
2,9,brain_deact_32,-0.513088813,0.0,typestate_checker
2,10,brain_deact_32,-1.045516125,0.0,typestate_checker
2,11,brain_deact_32,-1.065309875,0.0,typestate_checker
2,12,brain_deact_32,-0.810991375,0.0,typestate_checker
2,1,time_to_understand,277998.6875,0.0,typestate_checker
2,2,time_to_understand,379138.5,0.0,typestate_checker
2,3,time_to_understand,282050.625,0.0,typestate_checker
2,4,time_to_understand,328751.1875,0.0,typestate_checker
2,5,time_to_understand,228106.875,0.0,typestate_checker
2,6,time_to_understand,256201.1875,0.0,typestate_checker
2,7,time_to_understand,173291.875,0.0,typestate_checker
2,8,time_to_understand,253121.6875,3.0,typestate_checker
2,9,time_to_understand,368599.625,0.0,typestate_checker
2,10,time_to_understand,288200.0,0.0,typestate_checker
2,11,time_to_understand,513357.5625,0.0,typestate_checker
2,12,time_to_understand,432204.875,0.0,typestate_checker
3,1,readability_level,2.99,6.0,typestate_checker
3,2,readability_level,3.74,5.0,typestate_checker
3,3,readability_level,2.69,1.0,typestate_checker
3,4,readability_level,4.03,3.0,typestate_checker
3,5,readability_level,4.18,1.0,typestate_checker
3,6,readability_level,2.18,2.0,typestate_checker
3,7,readability_level,3.62,0.0,typestate_checker
3,8,readability_level,2.86,6.0,typestate_checker
3,9,readability_level,4.13,4.0,typestate_checker
3,10,readability_level,3.35,6.0,typestate_checker
3,11,readability_level,3.64,1.0,typestate_checker
3,12,readability_level,3.53,3.0,typestate_checker
3,13,readability_level,3.03,0.0,typestate_checker
3,14,readability_level,4.05,2.0,typestate_checker
3,15,readability_level,1.82,10.0,typestate_checker
3,16,readability_level,2.9,1.0,typestate_checker
3,17,readability_level,3.74,3.0,typestate_checker
3,18,readability_level,2.46,0.0,typestate_checker
3,19,readability_level,3.56,3.0,typestate_checker
3,20,readability_level,3.26,1.0,typestate_checker
3,21,readability_level,3.73,1.0,typestate_checker
3,22,readability_level,2.73,8.0,typestate_checker
3,23,readability_level,3.94,0.0,typestate_checker
3,24,readability_level,3.48,4.0,typestate_checker
3,25,readability_level,2.09,1.0,typestate_checker
3,26,readability_level,2.37,5.0,typestate_checker
3,27,readability_level,3.76,5.0,typestate_checker
3,28,readability_level,2.86,3.0,typestate_checker
3,29,readability_level,3.96,3.0,typestate_checker
3,30,readability_level,2.78,4.0,typestate_checker
3,31,readability_level,3.27,4.0,typestate_checker
3,32,readability_level,4.22,5.0,typestate_checker
3,33,readability_level,4.02,3.0,typestate_checker
3,34,readability_level,4.35,6.0,typestate_checker
3,35,readability_level,2.0,12.0,typestate_checker
3,36,readability_level,2.52,3.0,typestate_checker
3,37,readability_level,2.57,3.0,typestate_checker
3,38,readability_level,2.77,3.0,typestate_checker
3,39,readability_level,2.96,12.0,typestate_checker
3,40,readability_level,2.9,1.0,typestate_checker
3,41,readability_level,2.41,6.0,typestate_checker
3,42,readability_level,3.08,0.0,typestate_checker
3,43,readability_level,3.28,0.0,typestate_checker
3,44,readability_level,4.07,6.0,typestate_checker
3,45,readability_level,3.84,6.0,typestate_checker
3,46,readability_level,3.76,0.0,typestate_checker
3,47,readability_level,3.88,2.0,typestate_checker
3,48,readability_level,3.93,0.0,typestate_checker
3,49,readability_level,4.05,3.0,typestate_checker
3,50,readability_level,4.16,1.0,typestate_checker
3,51,readability_level,3.92,1.0,typestate_checker
3,52,readability_level,2.63,6.0,typestate_checker
3,53,readability_level,2.72,5.0,typestate_checker
3,54,readability_level,3.6,4.0,typestate_checker
3,55,readability_level,2.71,6.0,typestate_checker
3,56,readability_level,3.61,3.0,typestate_checker
3,57,readability_level,3.6,3.0,typestate_checker
3,58,readability_level,2.4,5.0,typestate_checker
3,59,readability_level,3.83,3.0,typestate_checker
3,60,readability_level,3.88,2.0,typestate_checker
3,61,readability_level,3.77,2.0,typestate_checker
3,62,readability_level,3.47,3.0,typestate_checker
3,63,readability_level,2.64,2.0,typestate_checker
3,64,readability_level,3.59,6.0,typestate_checker
3,65,readability_level,3.2,3.0,typestate_checker
3,66,readability_level,2.59,5.0,typestate_checker
3,67,readability_level,4.02,0.0,typestate_checker
3,68,readability_level,3.35,0.0,typestate_checker
3,69,readability_level,2.92,4.0,typestate_checker
3,70,readability_level,2.39,7.0,typestate_checker
3,71,readability_level,3.69,1.0,typestate_checker
3,72,readability_level,2.86,2.0,typestate_checker
3,73,readability_level,3.38,2.0,typestate_checker
3,74,readability_level,3.82,6.0,typestate_checker
3,75,readability_level,3.39,4.0,typestate_checker
3,76,readability_level,3.49,3.0,typestate_checker
3,77,readability_level,2.72,3.0,typestate_checker
3,78,readability_level,2.28,3.0,typestate_checker
3,79,readability_level,3.34,7.0,typestate_checker
3,80,readability_level,4.15,0.0,typestate_checker
3,81,readability_level,3.93,1.0,typestate_checker
3,82,readability_level,4.0,2.0,typestate_checker
3,83,readability_level,2.76,2.0,typestate_checker
3,84,readability_level,3.94,6.0,typestate_checker
3,85,readability_level,3.61,1.0,typestate_checker
3,86,readability_level,2.62,2.0,typestate_checker
3,87,readability_level,2.87,2.0,typestate_checker
3,88,readability_level,3.23,0.0,typestate_checker
3,89,readability_level,4.28,2.0,typestate_checker
3,90,readability_level,3.35,2.0,typestate_checker
3,91,readability_level,2.08,2.0,typestate_checker
3,92,readability_level,3.36,2.0,typestate_checker
3,93,readability_level,2.36,3.0,typestate_checker
3,94,readability_level,4.07,2.0,typestate_checker
3,95,readability_level,3.18,2.0,typestate_checker
3,96,readability_level,3.81,1.0,typestate_checker
3,97,readability_level,2.9,3.0,typestate_checker
3,98,readability_level,3.0,2.0,typestate_checker
3,99,readability_level,2.95,17.0,typestate_checker
3,100,readability_level,2.12,4.0,typestate_checker
6,1,correct_verif_questions,0.37037037037037046,137.0,typestate_checker
6,2,correct_verif_questions,0.40740740740740733,210.0,typestate_checker
6,3,correct_verif_questions,0.41666666666666674,75.0,typestate_checker
6,4,correct_verif_questions,0.40740740740740755,70.0,typestate_checker
6,5,correct_verif_questions,0.5925925925925927,30.0,typestate_checker
6,6,correct_verif_questions,0.44444444444444436,0.0,typestate_checker
6,7,correct_verif_questions,0.44444444444444453,0.0,typestate_checker
6,8,correct_verif_questions,0.29629629629629634,0.0,typestate_checker
6,9,correct_verif_questions,0.5185185185185186,0.0,typestate_checker
6,10,correct_verif_questions,0.48148148148148157,0.0,typestate_checker
6,11,correct_verif_questions,0.1851851851851851,0.0,typestate_checker
6,12,correct_verif_questions,0.5185185185185186,0.0,typestate_checker
6,13,correct_verif_questions,0.40740740740740733,0.0,typestate_checker
6,14,correct_verif_questions,0.25925925925925924,0.0,typestate_checker
6,15,correct_verif_questions,0.40740740740740755,0.0,typestate_checker
6,16,correct_verif_questions,0.2222222222222222,0.0,typestate_checker
6,17,correct_verif_questions,0.4444444444444444,0.0,typestate_checker
6,18,correct_verif_questions,0.29629629629629634,0.0,typestate_checker
6,19,correct_verif_questions,0.6296296296296299,0.0,typestate_checker
6,20,correct_verif_questions,0.7407407407407408,0.0,typestate_checker
6,21,correct_verif_questions,0.074074074074074,0.0,typestate_checker
6,22,correct_verif_questions,0.1111111111111111,0.0,typestate_checker
6,23,correct_verif_questions,0.5925925925925926,0.0,typestate_checker
6,24,correct_verif_questions,0.5185185185185186,0.0,typestate_checker
6,25,correct_verif_questions,0.5925925925925928,0.0,typestate_checker
6,26,correct_verif_questions,0.2592592592592593,0.0,typestate_checker
6,27,correct_verif_questions,0.7407407407407408,0.0,typestate_checker
6,28,correct_verif_questions,0.37037037037037046,0.0,typestate_checker
6,29,correct_verif_questions,0.40740740740740744,0.0,typestate_checker
6,30,correct_verif_questions,0.25925925925925913,0.0,typestate_checker
6,31,correct_verif_questions,0.777777777777778,0.0,typestate_checker
6,32,correct_verif_questions,0.777777777777778,0.0,typestate_checker
6,33,correct_verif_questions,0.5555555555555556,0.0,typestate_checker
6,34,correct_verif_questions,0.4814814814814816,0.0,typestate_checker
6,35,correct_verif_questions,0.37037037037037035,0.0,typestate_checker
6,36,correct_verif_questions,0.5555555555555556,0.0,typestate_checker
6,37,correct_verif_questions,0.7407407407407409,0.0,typestate_checker
6,38,correct_verif_questions,0.4444444444444444,0.0,typestate_checker
6,39,correct_verif_questions,0.48148148148148157,0.0,typestate_checker
6,40,correct_verif_questions,0.25925925925925913,0.0,typestate_checker
6,41,correct_verif_questions,0.3333333333333335,0.0,typestate_checker
6,42,correct_verif_questions,0.20833333333333337,0.0,typestate_checker
6,43,correct_verif_questions,0.5416666666666667,0.0,typestate_checker
6,44,correct_verif_questions,0.29166666666666674,0.0,typestate_checker
6,45,correct_verif_questions,0.41666666666666685,0.0,typestate_checker
6,46,correct_verif_questions,0.7037037037037038,0.0,typestate_checker
6,47,correct_verif_questions,0.4444444444444444,0.0,typestate_checker
6,48,correct_verif_questions,0.8148148148148149,0.0,typestate_checker
6,49,correct_verif_questions,0.40740740740740733,0.0,typestate_checker
6,50,correct_verif_questions,0.3333333333333334,0.0,typestate_checker
6,1,binary_understandability,0.5555555555555556,137.0,typestate_checker
6,2,binary_understandability,0.8888888888888888,210.0,typestate_checker
6,3,binary_understandability,0.625,75.0,typestate_checker
6,4,binary_understandability,0.6666666666666666,70.0,typestate_checker
6,5,binary_understandability,0.7777777777777778,30.0,typestate_checker
6,6,binary_understandability,0.8888888888888888,0.0,typestate_checker
6,7,binary_understandability,0.7777777777777778,0.0,typestate_checker
6,8,binary_understandability,0.5555555555555556,0.0,typestate_checker
6,9,binary_understandability,0.7777777777777778,0.0,typestate_checker
6,10,binary_understandability,0.7777777777777778,0.0,typestate_checker
6,11,binary_understandability,0.5555555555555556,0.0,typestate_checker
6,12,binary_understandability,0.6666666666666666,0.0,typestate_checker
6,13,binary_understandability,0.6666666666666666,0.0,typestate_checker
6,14,binary_understandability,0.5555555555555556,0.0,typestate_checker
6,15,binary_understandability,0.6666666666666666,0.0,typestate_checker
6,16,binary_understandability,0.4444444444444444,0.0,typestate_checker
6,17,binary_understandability,0.6666666666666666,0.0,typestate_checker
6,18,binary_understandability,0.4444444444444444,0.0,typestate_checker
6,19,binary_understandability,0.8888888888888888,0.0,typestate_checker
6,20,binary_understandability,0.8888888888888888,0.0,typestate_checker
6,21,binary_understandability,0.2222222222222222,0.0,typestate_checker
6,22,binary_understandability,0.2222222222222222,0.0,typestate_checker
6,23,binary_understandability,0.8888888888888888,0.0,typestate_checker
6,24,binary_understandability,0.6666666666666666,0.0,typestate_checker
6,25,binary_understandability,0.7777777777777778,0.0,typestate_checker
6,26,binary_understandability,0.4444444444444444,0.0,typestate_checker
6,27,binary_understandability,0.7777777777777778,0.0,typestate_checker
6,28,binary_understandability,0.4444444444444444,0.0,typestate_checker
6,29,binary_understandability,0.5555555555555556,0.0,typestate_checker
6,30,binary_understandability,0.6666666666666666,0.0,typestate_checker
6,31,binary_understandability,1.0,0.0,typestate_checker
6,32,binary_understandability,1.0,0.0,typestate_checker
6,33,binary_understandability,0.8888888888888888,0.0,typestate_checker
6,34,binary_understandability,0.6666666666666666,0.0,typestate_checker
6,35,binary_understandability,0.6666666666666666,0.0,typestate_checker
6,36,binary_understandability,0.7777777777777778,0.0,typestate_checker
6,37,binary_understandability,1.0,0.0,typestate_checker
6,38,binary_understandability,0.6666666666666666,0.0,typestate_checker
6,39,binary_understandability,0.7777777777777778,0.0,typestate_checker
6,40,binary_understandability,0.6666666666666666,0.0,typestate_checker
6,41,binary_understandability,0.5,0.0,typestate_checker
6,42,binary_understandability,0.375,0.0,typestate_checker
6,43,binary_understandability,0.875,0.0,typestate_checker
6,44,binary_understandability,0.625,0.0,typestate_checker
6,45,binary_understandability,0.75,0.0,typestate_checker
6,46,binary_understandability,1.0,0.0,typestate_checker
6,47,binary_understandability,0.7777777777777778,0.0,typestate_checker
6,48,binary_understandability,1.0,0.0,typestate_checker
6,49,binary_understandability,0.7777777777777778,0.0,typestate_checker
6,50,binary_understandability,0.5555555555555556,0.0,typestate_checker
6,1,time_to_understand,74.4,137.0,typestate_checker
6,2,time_to_understand,73.75,210.0,typestate_checker
6,3,time_to_understand,59.8,75.0,typestate_checker
6,4,time_to_understand,60.5,70.0,typestate_checker
6,5,time_to_understand,66.14285714285714,30.0,typestate_checker
6,6,time_to_understand,82.625,0.0,typestate_checker
6,7,time_to_understand,257.42857142857144,0.0,typestate_checker
6,8,time_to_understand,81.4,0.0,typestate_checker
6,9,time_to_understand,170.28571428571428,0.0,typestate_checker
6,10,time_to_understand,153.57142857142858,0.0,typestate_checker
6,11,time_to_understand,241.4,0.0,typestate_checker
6,12,time_to_understand,62.333333333333336,0.0,typestate_checker
6,13,time_to_understand,53.666666666666664,0.0,typestate_checker
6,14,time_to_understand,94.2,0.0,typestate_checker
6,15,time_to_understand,113.66666666666667,0.0,typestate_checker
6,16,time_to_understand,202.25,0.0,typestate_checker
6,17,time_to_understand,237.33333333333334,0.0,typestate_checker
6,18,time_to_understand,151.5,0.0,typestate_checker
6,19,time_to_understand,435.5,0.0,typestate_checker
6,20,time_to_understand,102.5,0.0,typestate_checker
6,21,time_to_understand,172.5,0.0,typestate_checker
6,22,time_to_understand,28.0,0.0,typestate_checker
6,23,time_to_understand,264.25,0.0,typestate_checker
6,24,time_to_understand,163.5,0.0,typestate_checker
6,25,time_to_understand,48.857142857142854,0.0,typestate_checker
6,26,time_to_understand,57.5,0.0,typestate_checker
6,27,time_to_understand,144.71428571428572,0.0,typestate_checker
6,28,time_to_understand,270.25,0.0,typestate_checker
6,29,time_to_understand,51.6,0.0,typestate_checker
6,30,time_to_understand,159.5,0.0,typestate_checker
6,31,time_to_understand,50.888888888888886,0.0,typestate_checker
6,32,time_to_understand,83.55555555555556,0.0,typestate_checker
6,33,time_to_understand,122.125,0.0,typestate_checker
6,34,time_to_understand,82.5,0.0,typestate_checker
6,35,time_to_understand,83.33333333333333,0.0,typestate_checker
6,36,time_to_understand,74.57142857142857,0.0,typestate_checker
6,37,time_to_understand,238.44444444444446,0.0,typestate_checker
6,38,time_to_understand,66.16666666666667,0.0,typestate_checker
6,39,time_to_understand,101.85714285714286,0.0,typestate_checker
6,40,time_to_understand,247.0,0.0,typestate_checker
6,41,time_to_understand,195.5,0.0,typestate_checker
6,42,time_to_understand,318.0,0.0,typestate_checker
6,43,time_to_understand,47.857142857142854,0.0,typestate_checker
6,44,time_to_understand,391.0,0.0,typestate_checker
6,45,time_to_understand,162.16666666666666,0.0,typestate_checker
6,46,time_to_understand,55.666666666666664,0.0,typestate_checker
6,47,time_to_understand,85.42857142857143,0.0,typestate_checker
6,48,time_to_understand,117.88888888888889,0.0,typestate_checker
6,49,time_to_understand,85.57142857142857,0.0,typestate_checker
6,50,time_to_understand,238.0,0.0,typestate_checker
63,1,adjusted_gaze_sig,0.9762631428571428,67.0,typestate_checker
63,2,adjusted_gaze_sig,0.8230961666666666,21.0,typestate_checker
63,3,adjusted_gaze_sig,0.5625836166666667,8.0,typestate_checker
63,4,adjusted_gaze_sig,0.89375,13.0,typestate_checker
63,5,adjusted_gaze_sig,2.6371384000000004,51.0,typestate_checker
63,6,adjusted_gaze_sig,0.743938,31.0,typestate_checker
63,7,adjusted_gaze_sig,0.22781025,12.0,typestate_checker
63,8,adjusted_gaze_sig,0.296709,22.0,typestate_checker
63,9,adjusted_gaze_sig,0.9081987999999999,7.0,typestate_checker
63,10,adjusted_gaze_sig,1.328576,19.0,typestate_checker
63,11,adjusted_gaze_sig,1.2333020000000003,12.0,typestate_checker
63,12,adjusted_gaze_sig,0.62354116,8.0,typestate_checker
63,13,adjusted_gaze_sig,7.25147,5.0,typestate_checker
63,14,adjusted_gaze_sig,0.0,23.0,typestate_checker
63,15,adjusted_gaze_sig,0.6652165666666668,4.0,typestate_checker
63,16,adjusted_gaze_sig,0.5481481666666667,2.0,typestate_checker
63,17,adjusted_gaze_sig,1.0767303333333333,0.0,typestate_checker
63,18,adjusted_gaze_sig,1.75984745,0.0,typestate_checker
63,19,adjusted_gaze_sig,0.362847,0.0,typestate_checker
63,20,adjusted_gaze_sig,0.0,0.0,typestate_checker
63,21,adjusted_gaze_sig,0.0,0.0,typestate_checker
63,22,adjusted_gaze_sig,0.5865469125,0.0,typestate_checker
63,23,adjusted_gaze_sig,0.413850625,0.0,typestate_checker
63,24,adjusted_gaze_sig,0.9035215000000001,0.0,typestate_checker
63,25,adjusted_gaze_sig,0.98207,0.0,typestate_checker
63,26,adjusted_gaze_sig,0.123751,0.0,typestate_checker
63,27,adjusted_gaze_sig,0.0,0.0,typestate_checker
63,28,adjusted_gaze_sig,0.393362,0.0,typestate_checker
63,29,adjusted_gaze_sig,0.322672,0.0,typestate_checker
63,30,adjusted_gaze_sig,1.1762729,0.0,typestate_checker
63,31,adjusted_gaze_sig,0.56380175,0.0,typestate_checker
63,32,adjusted_gaze_sig,0.867282125,0.0,typestate_checker
63,33,adjusted_gaze_sig,1.227694,0.0,typestate_checker
63,34,adjusted_gaze_sig,1.1920696666666664,0.0,typestate_checker
63,35,adjusted_gaze_sig,0.5767354142857143,0.0,typestate_checker
63,36,adjusted_gaze_sig,0.6708358571428573,0.0,typestate_checker
63,37,adjusted_gaze_sig,0.7713289999999999,0.0,typestate_checker
63,38,adjusted_gaze_sig,1.1950006666666666,0.0,typestate_checker
63,39,adjusted_gaze_sig,1.5442762857142858,0.0,typestate_checker
63,40,adjusted_gaze_sig,1.0439151428571427,0.0,typestate_checker
63,41,adjusted_gaze_sig,0.0,0.0,typestate_checker
63,42,adjusted_gaze_sig,0.0,0.0,typestate_checker
63,43,adjusted_gaze_sig,0.0,0.0,typestate_checker
63,44,adjusted_gaze_sig,0.0,0.0,typestate_checker
63,45,adjusted_gaze_sig,0.0,0.0,typestate_checker
63,46,adjusted_gaze_sig,0.0,0.0,typestate_checker
63,47,adjusted_gaze_sig,0.0,0.0,typestate_checker
63,48,adjusted_gaze_sig,0.0,0.0,typestate_checker
63,49,adjusted_gaze_sig,0.0,0.0,typestate_checker
63,50,adjusted_gaze_sig,0.0,0.0,typestate_checker
63,51,adjusted_gaze_sig,0.0,0.0,typestate_checker
63,52,adjusted_gaze_sig,0.0,0.0,typestate_checker
63,53,adjusted_gaze_sig,0.0,0.0,typestate_checker
63,54,adjusted_gaze_sig,0.0,0.0,typestate_checker
63,55,adjusted_gaze_sig,0.0,0.0,typestate_checker
63,56,adjusted_gaze_sig,0.0,0.0,typestate_checker
63,57,adjusted_gaze_sig,0.0,0.0,typestate_checker
63,58,adjusted_gaze_sig,0.0,0.0,typestate_checker
63,59,adjusted_gaze_sig,0.0,0.0,typestate_checker
63,60,adjusted_gaze_sig,0.0,0.0,typestate_checker
63,61,adjusted_gaze_sig,0.0,0.0,typestate_checker
63,62,adjusted_gaze_sig,0.0,0.0,typestate_checker
63,63,adjusted_gaze_sig,0.0,0.0,typestate_checker
63,64,adjusted_gaze_sig,0.0,0.0,typestate_checker
63,1,adjusted_gaze_non_sig,1.0012627142857142,67.0,typestate_checker
63,2,adjusted_gaze_non_sig,1.035382,21.0,typestate_checker
63,3,adjusted_gaze_non_sig,1.0388815000000002,8.0,typestate_checker
63,4,adjusted_gaze_non_sig,1.0066405,13.0,typestate_checker
63,5,adjusted_gaze_non_sig,0.8035439999999999,51.0,typestate_checker
63,6,adjusted_gaze_non_sig,1.0221293333333332,31.0,typestate_checker
63,7,adjusted_gaze_non_sig,1.1985649999999999,12.0,typestate_checker
63,8,adjusted_gaze_non_sig,1.18869,22.0,typestate_checker
63,9,adjusted_gaze_non_sig,1.008346,7.0,typestate_checker
63,10,adjusted_gaze_non_sig,0.94700475,19.0,typestate_checker
63,11,adjusted_gaze_non_sig,0.9611160000000002,12.0,typestate_checker
63,12,adjusted_gaze_non_sig,1.0597564,8.0,typestate_checker
63,13,adjusted_gaze_non_sig,0.5688641666666666,5.0,typestate_checker
63,14,adjusted_gaze_non_sig,1.06452,23.0,typestate_checker
63,15,adjusted_gaze_non_sig,1.0464055,4.0,typestate_checker
63,16,adjusted_gaze_non_sig,1.0779053333333335,2.0,typestate_checker
63,17,adjusted_gaze_non_sig,0.9531083333333333,0.0,typestate_checker
63,18,adjusted_gaze_non_sig,0.9831165000000001,0.0,typestate_checker
63,19,adjusted_gaze_non_sig,1.03982,0.0,typestate_checker
63,20,adjusted_gaze_non_sig,1.13636,0.0,typestate_checker
63,21,adjusted_gaze_non_sig,1.35294,0.0,typestate_checker
63,22,adjusted_gaze_non_sig,1.036127625,0.0,typestate_checker
63,23,adjusted_gaze_non_sig,1.183171625,0.0,typestate_checker
63,24,adjusted_gaze_non_sig,1.00470625,0.0,typestate_checker
63,25,adjusted_gaze_non_sig,1.0016315,0.0,typestate_checker
63,26,adjusted_gaze_non_sig,1.1402,0.0,typestate_checker
63,27,adjusted_gaze_non_sig,1.075,0.0,typestate_checker
63,28,adjusted_gaze_non_sig,1.07137,0.0,typestate_checker
63,29,adjusted_gaze_non_sig,1.079685,0.0,typestate_checker
63,30,adjusted_gaze_non_sig,0.9843317500000002,0.0,typestate_checker
63,31,adjusted_gaze_non_sig,1.049248625,0.0,typestate_checker
63,32,adjusted_gaze_non_sig,1.00717325,0.0,typestate_checker
63,33,adjusted_gaze_non_sig,0.988017,0.0,typestate_checker
63,34,adjusted_gaze_non_sig,0.9819933333333333,0.0,typestate_checker
63,35,adjusted_gaze_non_sig,1.0423244285714286,0.0,typestate_checker
63,36,adjusted_gaze_non_sig,1.0173247142857142,0.0,typestate_checker
63,37,adjusted_gaze_non_sig,1.024625,0.0,typestate_checker
63,38,adjusted_gaze_non_sig,0.98172,0.0,typestate_checker
63,39,adjusted_gaze_non_sig,0.9333551428571428,0.0,typestate_checker
63,40,adjusted_gaze_non_sig,0.9987081428571428,0.0,typestate_checker
63,41,adjusted_gaze_non_sig,0.0,0.0,typestate_checker
63,42,adjusted_gaze_non_sig,0.0,0.0,typestate_checker
63,43,adjusted_gaze_non_sig,0.0,0.0,typestate_checker
63,44,adjusted_gaze_non_sig,0.0,0.0,typestate_checker
63,45,adjusted_gaze_non_sig,0.0,0.0,typestate_checker
63,46,adjusted_gaze_non_sig,0.0,0.0,typestate_checker
63,47,adjusted_gaze_non_sig,0.0,0.0,typestate_checker
63,48,adjusted_gaze_non_sig,0.0,0.0,typestate_checker
63,49,adjusted_gaze_non_sig,0.0,0.0,typestate_checker
63,50,adjusted_gaze_non_sig,0.0,0.0,typestate_checker
63,51,adjusted_gaze_non_sig,0.0,0.0,typestate_checker
63,52,adjusted_gaze_non_sig,0.0,0.0,typestate_checker
63,53,adjusted_gaze_non_sig,0.0,0.0,typestate_checker
63,54,adjusted_gaze_non_sig,0.0,0.0,typestate_checker
63,55,adjusted_gaze_non_sig,0.0,0.0,typestate_checker
63,56,adjusted_gaze_non_sig,0.0,0.0,typestate_checker
63,57,adjusted_gaze_non_sig,0.0,0.0,typestate_checker
63,58,adjusted_gaze_non_sig,0.0,0.0,typestate_checker
63,59,adjusted_gaze_non_sig,0.0,0.0,typestate_checker
63,60,adjusted_gaze_non_sig,0.0,0.0,typestate_checker
63,61,adjusted_gaze_non_sig,0.0,0.0,typestate_checker
63,62,adjusted_gaze_non_sig,0.0,0.0,typestate_checker
63,63,adjusted_gaze_non_sig,0.0,0.0,typestate_checker
63,64,adjusted_gaze_non_sig,0.0,0.0,typestate_checker
63,1,adjusted_fix_sig,0.5704825714285715,67.0,typestate_checker
63,2,adjusted_fix_sig,0.6598746666666667,21.0,typestate_checker
63,3,adjusted_fix_sig,0.30574583333333333,8.0,typestate_checker
63,4,adjusted_fix_sig,0.425,13.0,typestate_checker
63,5,adjusted_fix_sig,2.9051914,51.0,typestate_checker
63,6,adjusted_fix_sig,0.8669013333333334,31.0,typestate_checker
63,7,adjusted_fix_sig,0.10787605,12.0,typestate_checker
63,8,adjusted_fix_sig,0.241187,22.0,typestate_checker
63,9,adjusted_fix_sig,0.6465266,7.0,typestate_checker
63,10,adjusted_fix_sig,1.10297925,19.0,typestate_checker
63,11,adjusted_fix_sig,1.2598273333333332,12.0,typestate_checker
63,12,adjusted_fix_sig,0.5756184,8.0,typestate_checker
63,13,adjusted_fix_sig,6.436988833333333,5.0,typestate_checker
63,14,adjusted_fix_sig,0.0,23.0,typestate_checker
63,15,adjusted_fix_sig,0.6469865333333333,4.0,typestate_checker
63,16,adjusted_fix_sig,0.6525656666666667,2.0,typestate_checker
63,17,adjusted_fix_sig,1.0895208333333335,0.0,typestate_checker
63,18,adjusted_fix_sig,1.61501335,0.0,typestate_checker
63,19,adjusted_fix_sig,0.468504,0.0,typestate_checker
63,20,adjusted_fix_sig,0.0,0.0,typestate_checker
63,21,adjusted_fix_sig,0.0,0.0,typestate_checker
63,22,adjusted_fix_sig,0.369805775,0.0,typestate_checker
63,23,adjusted_fix_sig,0.3446160625,0.0,typestate_checker
63,24,adjusted_fix_sig,0.782111025,0.0,typestate_checker
63,25,adjusted_fix_sig,0.6956899999999999,0.0,typestate_checker
63,26,adjusted_fix_sig,0.0788045,0.0,typestate_checker
63,27,adjusted_fix_sig,0.0,0.0,typestate_checker
63,28,adjusted_fix_sig,0.95,0.0,typestate_checker
63,29,adjusted_fix_sig,0.319328,0.0,typestate_checker
63,30,adjusted_fix_sig,1.070199575,0.0,typestate_checker
63,31,adjusted_fix_sig,0.359252225,0.0,typestate_checker
63,32,adjusted_fix_sig,0.7660482500000001,0.0,typestate_checker
63,33,adjusted_fix_sig,1.44020525,0.0,typestate_checker
63,34,adjusted_fix_sig,0.8920514444444445,0.0,typestate_checker
63,35,adjusted_fix_sig,0.6372011142857142,0.0,typestate_checker
63,36,adjusted_fix_sig,0.5316787142857143,0.0,typestate_checker
63,37,adjusted_fix_sig,0.828344,0.0,typestate_checker
63,38,adjusted_fix_sig,0.5885861666666666,0.0,typestate_checker
63,39,adjusted_fix_sig,0.7586309714285715,0.0,typestate_checker
63,40,adjusted_fix_sig,0.9255011428571428,0.0,typestate_checker
63,41,adjusted_fix_sig,0.0,0.0,typestate_checker
63,42,adjusted_fix_sig,0.0,0.0,typestate_checker
63,43,adjusted_fix_sig,0.0,0.0,typestate_checker
63,44,adjusted_fix_sig,0.0,0.0,typestate_checker
63,45,adjusted_fix_sig,0.0,0.0,typestate_checker
63,46,adjusted_fix_sig,0.0,0.0,typestate_checker
63,47,adjusted_fix_sig,0.0,0.0,typestate_checker
63,48,adjusted_fix_sig,0.0,0.0,typestate_checker
63,49,adjusted_fix_sig,0.0,0.0,typestate_checker
63,50,adjusted_fix_sig,0.0,0.0,typestate_checker
63,51,adjusted_fix_sig,0.0,0.0,typestate_checker
63,52,adjusted_fix_sig,0.0,0.0,typestate_checker
63,53,adjusted_fix_sig,0.0,0.0,typestate_checker
63,54,adjusted_fix_sig,0.0,0.0,typestate_checker
63,55,adjusted_fix_sig,0.0,0.0,typestate_checker
63,56,adjusted_fix_sig,0.0,0.0,typestate_checker
63,57,adjusted_fix_sig,0.0,0.0,typestate_checker
63,58,adjusted_fix_sig,0.0,0.0,typestate_checker
63,59,adjusted_fix_sig,0.0,0.0,typestate_checker
63,60,adjusted_fix_sig,0.0,0.0,typestate_checker
63,61,adjusted_fix_sig,0.0,0.0,typestate_checker
63,62,adjusted_fix_sig,0.0,0.0,typestate_checker
63,63,adjusted_fix_sig,0.0,0.0,typestate_checker
63,64,adjusted_fix_sig,0.0,0.0,typestate_checker
63,1,adjusted_fix_non_sig,1.022847142857143,67.0,typestate_checker
63,2,adjusted_fix_non_sig,1.0680243333333332,21.0,typestate_checker
63,3,adjusted_fix_non_sig,1.06171,8.0,typestate_checker
63,4,adjusted_fix_non_sig,1.03594,13.0,typestate_checker
63,5,adjusted_fix_non_sig,0.7713774,51.0,typestate_checker
63,6,adjusted_fix_non_sig,1.0115040000000002,31.0,typestate_checker
63,7,adjusted_fix_non_sig,1.2294025,12.0,typestate_checker
63,8,adjusted_fix_non_sig,1.20358,22.0,typestate_checker
63,9,adjusted_fix_non_sig,1.0321358,7.0,typestate_checker
63,10,adjusted_fix_non_sig,0.98339175,19.0,typestate_checker
63,11,adjusted_fix_non_sig,0.9566937333333334,12.0,typestate_checker
63,12,adjusted_fix_non_sig,1.067363,8.0,typestate_checker
63,13,adjusted_fix_non_sig,0.6250355,5.0,typestate_checker
63,14,adjusted_fix_non_sig,1.06452,23.0,typestate_checker
63,15,adjusted_fix_non_sig,1.0489339999999998,4.0,typestate_checker
63,16,adjusted_fix_non_sig,1.0599005000000001,2.0,typestate_checker
63,17,adjusted_fix_non_sig,0.9452923333333333,0.0,typestate_checker
63,18,adjusted_fix_non_sig,0.9863329999999999,0.0,typestate_checker
63,19,adjusted_fix_non_sig,1.03322,0.0,typestate_checker
63,20,adjusted_fix_non_sig,1.13636,0.0,typestate_checker
63,21,adjusted_fix_non_sig,1.35294,0.0,typestate_checker
63,22,adjusted_fix_non_sig,1.0550675,0.0,typestate_checker
63,23,adjusted_fix_non_sig,1.2048075,0.0,typestate_checker
63,24,adjusted_fix_non_sig,1.0106297499999999,0.0,typestate_checker
63,25,adjusted_fix_non_sig,1.027663,0.0,typestate_checker
63,26,adjusted_fix_non_sig,1.14739,0.0,typestate_checker
63,27,adjusted_fix_non_sig,1.075,0.0,typestate_checker
63,28,adjusted_fix_non_sig,1.005884,0.0,typestate_checker
63,29,adjusted_fix_non_sig,1.0800800000000002,0.0,typestate_checker
63,30,adjusted_fix_non_sig,0.99375925,0.0,typestate_checker
63,31,adjusted_fix_non_sig,1.07234375,0.0,typestate_checker
63,32,adjusted_fix_non_sig,1.01264575,0.0,typestate_checker
63,33,adjusted_fix_non_sig,0.9768306250000001,0.0,typestate_checker
63,34,adjusted_fix_non_sig,1.01012,0.0,typestate_checker
63,35,adjusted_fix_non_sig,1.036279857142857,0.0,typestate_checker
63,36,adjusted_fix_non_sig,1.0246478571428572,0.0,typestate_checker
63,37,adjusted_fix_non_sig,1.0184845,0.0,typestate_checker
63,38,adjusted_fix_non_sig,1.0385704999999998,0.0,typestate_checker
63,39,adjusted_fix_non_sig,1.0295549999999998,0.0,typestate_checker
63,40,adjusted_fix_non_sig,1.0021907142857143,0.0,typestate_checker
63,41,adjusted_fix_non_sig,0.0,0.0,typestate_checker
63,42,adjusted_fix_non_sig,0.0,0.0,typestate_checker
63,43,adjusted_fix_non_sig,0.0,0.0,typestate_checker
63,44,adjusted_fix_non_sig,0.0,0.0,typestate_checker
63,45,adjusted_fix_non_sig,0.0,0.0,typestate_checker
63,46,adjusted_fix_non_sig,0.0,0.0,typestate_checker
63,47,adjusted_fix_non_sig,0.0,0.0,typestate_checker
63,48,adjusted_fix_non_sig,0.0,0.0,typestate_checker
63,49,adjusted_fix_non_sig,0.0,0.0,typestate_checker
63,50,adjusted_fix_non_sig,0.0,0.0,typestate_checker
63,51,adjusted_fix_non_sig,0.0,0.0,typestate_checker
63,52,adjusted_fix_non_sig,0.0,0.0,typestate_checker
63,53,adjusted_fix_non_sig,0.0,0.0,typestate_checker
63,54,adjusted_fix_non_sig,0.0,0.0,typestate_checker
63,55,adjusted_fix_non_sig,0.0,0.0,typestate_checker
63,56,adjusted_fix_non_sig,0.0,0.0,typestate_checker
63,57,adjusted_fix_non_sig,0.0,0.0,typestate_checker
63,58,adjusted_fix_non_sig,0.0,0.0,typestate_checker
63,59,adjusted_fix_non_sig,0.0,0.0,typestate_checker
63,60,adjusted_fix_non_sig,0.0,0.0,typestate_checker
63,61,adjusted_fix_non_sig,0.0,0.0,typestate_checker
63,62,adjusted_fix_non_sig,0.0,0.0,typestate_checker
63,63,adjusted_fix_non_sig,0.0,0.0,typestate_checker
63,64,adjusted_fix_non_sig,0.0,0.0,typestate_checker
63,1,adjusted_gaze_flow,0.8939634285714285,67.0,typestate_checker
63,2,adjusted_gaze_flow,1.5909683333333333,21.0,typestate_checker
63,3,adjusted_gaze_flow,1.4814991666666668,8.0,typestate_checker
63,4,adjusted_gaze_flow,0.8340995,13.0,typestate_checker
63,5,adjusted_gaze_flow,0.8475556666666666,51.0,typestate_checker
63,6,adjusted_gaze_flow,1.78484475,31.0,typestate_checker
63,7,adjusted_gaze_flow,0.0,12.0,typestate_checker
63,8,adjusted_gaze_flow,1.467374,22.0,typestate_checker
63,9,adjusted_gaze_flow,1.7880827750000001,7.0,typestate_checker
63,10,adjusted_gaze_flow,1.1948017333333332,19.0,typestate_checker
63,11,adjusted_gaze_flow,1.4922766,12.0,typestate_checker
63,12,adjusted_gaze_flow,0.5471588333333334,8.0,typestate_checker
63,13,adjusted_gaze_flow,0.271832,5.0,typestate_checker
63,14,adjusted_gaze_flow,1.4582316666666666,23.0,typestate_checker
63,15,adjusted_gaze_flow,1.6839356666666665,4.0,typestate_checker
63,16,adjusted_gaze_flow,0.6687440000000001,2.0,typestate_checker
63,17,adjusted_gaze_flow,0.91335,0.0,typestate_checker
63,18,adjusted_gaze_flow,1.309525,0.0,typestate_checker
63,19,adjusted_gaze_flow,2.64243,0.0,typestate_checker
63,20,adjusted_gaze_flow,0.584649,0.0,typestate_checker
63,21,adjusted_gaze_flow,0.953450875,0.0,typestate_checker
63,22,adjusted_gaze_flow,1.2158466250000002,0.0,typestate_checker
63,23,adjusted_gaze_flow,0.664894375,0.0,typestate_checker
63,24,adjusted_gaze_flow,0.39904100000000003,0.0,typestate_checker
63,25,adjusted_gaze_flow,1.2139950000000002,0.0,typestate_checker
63,26,adjusted_gaze_flow,1.396597,0.0,typestate_checker
63,27,adjusted_gaze_flow,0.59716,0.0,typestate_checker
63,28,adjusted_gaze_flow,0.737054,0.0,typestate_checker
63,29,adjusted_gaze_flow,1.049636,0.0,typestate_checker
63,30,adjusted_gaze_flow,2.0015175000000003,0.0,typestate_checker
63,31,adjusted_gaze_flow,0.9105668750000001,0.0,typestate_checker
63,32,adjusted_gaze_flow,1.62674875,0.0,typestate_checker
63,33,adjusted_gaze_flow,0.8239138888888888,0.0,typestate_checker
63,34,adjusted_gaze_flow,0.9286387142857143,0.0,typestate_checker
63,35,adjusted_gaze_flow,1.2251139999999998,0.0,typestate_checker
63,36,adjusted_gaze_flow,1.3266493333333333,0.0,typestate_checker
63,37,adjusted_gaze_flow,0.841827,0.0,typestate_checker
63,38,adjusted_gaze_flow,0.7460811428571429,0.0,typestate_checker
63,39,adjusted_gaze_flow,0.0,0.0,typestate_checker
63,40,adjusted_gaze_flow,0.0,0.0,typestate_checker
63,41,adjusted_gaze_flow,0.0,0.0,typestate_checker
63,42,adjusted_gaze_flow,0.0,0.0,typestate_checker
63,43,adjusted_gaze_flow,0.0,0.0,typestate_checker
63,44,adjusted_gaze_flow,0.0,0.0,typestate_checker
63,45,adjusted_gaze_flow,0.0,0.0,typestate_checker
63,46,adjusted_gaze_flow,0.0,0.0,typestate_checker
63,47,adjusted_gaze_flow,0.0,0.0,typestate_checker
63,48,adjusted_gaze_flow,0.0,0.0,typestate_checker
63,49,adjusted_gaze_flow,0.0,0.0,typestate_checker
63,50,adjusted_gaze_flow,0.0,0.0,typestate_checker
63,51,adjusted_gaze_flow,0.0,0.0,typestate_checker
63,52,adjusted_gaze_flow,0.0,0.0,typestate_checker
63,53,adjusted_gaze_flow,0.0,0.0,typestate_checker
63,54,adjusted_gaze_flow,0.0,0.0,typestate_checker
63,55,adjusted_gaze_flow,0.0,0.0,typestate_checker
63,56,adjusted_gaze_flow,0.0,0.0,typestate_checker
63,57,adjusted_gaze_flow,0.0,0.0,typestate_checker
63,58,adjusted_gaze_flow,0.0,0.0,typestate_checker
63,59,adjusted_gaze_flow,0.0,0.0,typestate_checker
63,60,adjusted_gaze_flow,0.0,0.0,typestate_checker
63,61,adjusted_gaze_flow,0.0,0.0,typestate_checker
63,62,adjusted_gaze_flow,0.0,0.0,typestate_checker
63,63,adjusted_gaze_flow,0.0,0.0,typestate_checker
63,64,adjusted_gaze_flow,0.0,0.0,typestate_checker
63,1,adjusted_gaze_non_flow,1.0452225714285714,67.0,typestate_checker
63,2,adjusted_gaze_non_flow,0.8153225000000001,21.0,typestate_checker
63,3,adjusted_gaze_non_flow,0.9060483333333332,8.0,typestate_checker
63,4,adjusted_gaze_non_flow,1.1235435,13.0,typestate_checker
63,5,adjusted_gaze_non_flow,1.2018866666666668,51.0,typestate_checker
63,6,adjusted_gaze_non_flow,0.9607587500000001,31.0,typestate_checker
63,7,adjusted_gaze_non_flow,1.02222,12.0,typestate_checker
63,8,adjusted_gaze_non_flow,0.8504400000000001,22.0,typestate_checker
63,9,adjusted_gaze_non_flow,0.97748425,7.0,typestate_checker
63,10,adjusted_gaze_non_flow,0.9503439333333333,19.0,typestate_checker
63,11,adjusted_gaze_non_flow,0.9097497999999999,12.0,typestate_checker
63,12,adjusted_gaze_non_flow,1.1378205,8.0,typestate_checker
63,13,adjusted_gaze_non_flow,1.21845,5.0,typestate_checker
63,14,adjusted_gaze_non_flow,0.7639411666666667,23.0,typestate_checker
63,15,adjusted_gaze_non_flow,0.9316063333333333,4.0,typestate_checker
63,16,adjusted_gaze_non_flow,1.0451714999999997,2.0,typestate_checker
63,17,adjusted_gaze_non_flow,1.032905,0.0,typestate_checker
63,18,adjusted_gaze_non_flow,0.850228,0.0,typestate_checker
63,19,adjusted_gaze_non_flow,0.850688,0.0,typestate_checker
63,20,adjusted_gaze_non_flow,1.06558,0.0,typestate_checker
63,21,adjusted_gaze_non_flow,1.01070075,0.0,typestate_checker
63,22,adjusted_gaze_non_flow,0.9877821250000001,0.0,typestate_checker
63,23,adjusted_gaze_non_flow,1.5445462499999998,0.0,typestate_checker
63,24,adjusted_gaze_non_flow,1.1155650000000001,0.0,typestate_checker
63,25,adjusted_gaze_non_flow,0.940281,0.0,typestate_checker
63,26,adjusted_gaze_non_flow,0.9228835,0.0,typestate_checker
63,27,adjusted_gaze_non_flow,1.1272135,0.0,typestate_checker
63,28,adjusted_gaze_non_flow,1.08452,0.0,typestate_checker
63,29,adjusted_gaze_non_flow,0.9702204999999999,0.0,typestate_checker
63,30,adjusted_gaze_non_flow,0.788140625,0.0,typestate_checker
63,31,adjusted_gaze_non_flow,1.0505493750000001,0.0,typestate_checker
63,32,adjusted_gaze_non_flow,0.87032775,0.0,typestate_checker
63,33,adjusted_gaze_non_flow,1.344346888888889,0.0,typestate_checker
63,34,adjusted_gaze_non_flow,1.0558482857142857,0.0,typestate_checker
63,35,adjusted_gaze_non_flow,0.9389531249999999,0.0,typestate_checker
63,36,adjusted_gaze_non_flow,0.9216045,0.0,typestate_checker
63,37,adjusted_gaze_non_flow,1.036784,0.0,typestate_checker
63,38,adjusted_gaze_non_flow,1.0149342857142856,0.0,typestate_checker
63,39,adjusted_gaze_non_flow,0.0,0.0,typestate_checker
63,40,adjusted_gaze_non_flow,0.0,0.0,typestate_checker
63,41,adjusted_gaze_non_flow,0.0,0.0,typestate_checker
63,42,adjusted_gaze_non_flow,0.0,0.0,typestate_checker
63,43,adjusted_gaze_non_flow,0.0,0.0,typestate_checker
63,44,adjusted_gaze_non_flow,0.0,0.0,typestate_checker
63,45,adjusted_gaze_non_flow,0.0,0.0,typestate_checker
63,46,adjusted_gaze_non_flow,0.0,0.0,typestate_checker
63,47,adjusted_gaze_non_flow,0.0,0.0,typestate_checker
63,48,adjusted_gaze_non_flow,0.0,0.0,typestate_checker
63,49,adjusted_gaze_non_flow,0.0,0.0,typestate_checker
63,50,adjusted_gaze_non_flow,0.0,0.0,typestate_checker
63,51,adjusted_gaze_non_flow,0.0,0.0,typestate_checker
63,52,adjusted_gaze_non_flow,0.0,0.0,typestate_checker
63,53,adjusted_gaze_non_flow,0.0,0.0,typestate_checker
63,54,adjusted_gaze_non_flow,0.0,0.0,typestate_checker
63,55,adjusted_gaze_non_flow,0.0,0.0,typestate_checker
63,56,adjusted_gaze_non_flow,0.0,0.0,typestate_checker
63,57,adjusted_gaze_non_flow,0.0,0.0,typestate_checker
63,58,adjusted_gaze_non_flow,0.0,0.0,typestate_checker
63,59,adjusted_gaze_non_flow,0.0,0.0,typestate_checker
63,60,adjusted_gaze_non_flow,0.0,0.0,typestate_checker
63,61,adjusted_gaze_non_flow,0.0,0.0,typestate_checker
63,62,adjusted_gaze_non_flow,0.0,0.0,typestate_checker
63,63,adjusted_gaze_non_flow,0.0,0.0,typestate_checker
63,64,adjusted_gaze_non_flow,0.0,0.0,typestate_checker
63,1,adjusted_fix_flow,0.8996162857142859,67.0,typestate_checker
63,2,adjusted_fix_flow,1.550205,21.0,typestate_checker
63,3,adjusted_fix_flow,1.4372716666666667,8.0,typestate_checker
63,4,adjusted_fix_flow,0.831264,13.0,typestate_checker
63,5,adjusted_fix_flow,0.9216433333333334,51.0,typestate_checker
63,6,adjusted_fix_flow,2.3485692499999997,31.0,typestate_checker
63,7,adjusted_fix_flow,0.0,12.0,typestate_checker
63,8,adjusted_fix_flow,1.495002,22.0,typestate_checker
63,9,adjusted_fix_flow,1.79808875,7.0,typestate_checker
63,10,adjusted_fix_flow,1.243632,19.0,typestate_checker
63,11,adjusted_fix_flow,1.6806484000000002,12.0,typestate_checker
63,12,adjusted_fix_flow,0.7300476666666667,8.0,typestate_checker
63,13,adjusted_fix_flow,0.236364,5.0,typestate_checker
63,14,adjusted_fix_flow,1.4864766666666667,23.0,typestate_checker
63,15,adjusted_fix_flow,1.6561683333333335,4.0,typestate_checker
63,16,adjusted_fix_flow,0.9332984999999999,2.0,typestate_checker
63,17,adjusted_fix_flow,0.9798629999999999,0.0,typestate_checker
63,18,adjusted_fix_flow,1.44657,0.0,typestate_checker
63,19,adjusted_fix_flow,2.64935,0.0,typestate_checker
63,20,adjusted_fix_flow,0.698413,0.0,typestate_checker
63,21,adjusted_fix_flow,0.998019125,0.0,typestate_checker
63,22,adjusted_fix_flow,1.414336375,0.0,typestate_checker
63,23,adjusted_fix_flow,0.64260675,0.0,typestate_checker
63,24,adjusted_fix_flow,0.525893,0.0,typestate_checker
63,25,adjusted_fix_flow,1.39352,0.0,typestate_checker
63,26,adjusted_fix_flow,1.5599625,0.0,typestate_checker
63,27,adjusted_fix_flow,0.520835,0.0,typestate_checker
63,28,adjusted_fix_flow,0.814161,0.0,typestate_checker
63,29,adjusted_fix_flow,1.0257467500000002,0.0,typestate_checker
63,30,adjusted_fix_flow,2.060645,0.0,typestate_checker
63,31,adjusted_fix_flow,1.028306,0.0,typestate_checker
63,32,adjusted_fix_flow,1.5692050000000002,0.0,typestate_checker
63,33,adjusted_fix_flow,0.8923857777777777,0.0,typestate_checker
63,34,adjusted_fix_flow,0.8557254285714286,0.0,typestate_checker
63,35,adjusted_fix_flow,1.340073,0.0,typestate_checker
63,36,adjusted_fix_flow,1.4290046666666665,0.0,typestate_checker
63,37,adjusted_fix_flow,1.0569911428571428,0.0,typestate_checker
63,38,adjusted_fix_flow,0.7603277142857143,0.0,typestate_checker
63,39,adjusted_fix_flow,0.0,0.0,typestate_checker
63,40,adjusted_fix_flow,0.0,0.0,typestate_checker
63,41,adjusted_fix_flow,0.0,0.0,typestate_checker
63,42,adjusted_fix_flow,0.0,0.0,typestate_checker
63,43,adjusted_fix_flow,0.0,0.0,typestate_checker
63,44,adjusted_fix_flow,0.0,0.0,typestate_checker
63,45,adjusted_fix_flow,0.0,0.0,typestate_checker
63,46,adjusted_fix_flow,0.0,0.0,typestate_checker
63,47,adjusted_fix_flow,0.0,0.0,typestate_checker
63,48,adjusted_fix_flow,0.0,0.0,typestate_checker
63,49,adjusted_fix_flow,0.0,0.0,typestate_checker
63,50,adjusted_fix_flow,0.0,0.0,typestate_checker
63,51,adjusted_fix_flow,0.0,0.0,typestate_checker
63,52,adjusted_fix_flow,0.0,0.0,typestate_checker
63,53,adjusted_fix_flow,0.0,0.0,typestate_checker
63,54,adjusted_fix_flow,0.0,0.0,typestate_checker
63,55,adjusted_fix_flow,0.0,0.0,typestate_checker
63,56,adjusted_fix_flow,0.0,0.0,typestate_checker
63,57,adjusted_fix_flow,0.0,0.0,typestate_checker
63,58,adjusted_fix_flow,0.0,0.0,typestate_checker
63,59,adjusted_fix_flow,0.0,0.0,typestate_checker
63,60,adjusted_fix_flow,0.0,0.0,typestate_checker
63,61,adjusted_fix_flow,0.0,0.0,typestate_checker
63,62,adjusted_fix_flow,0.0,0.0,typestate_checker
63,63,adjusted_fix_flow,0.0,0.0,typestate_checker
63,64,adjusted_fix_flow,0.0,0.0,typestate_checker
63,1,adjusted_fix_non_flow,1.0428102857142858,67.0,typestate_checker
63,2,adjusted_fix_non_flow,0.8280616666666666,21.0,typestate_checker
63,3,adjusted_fix_non_flow,0.9146789999999999,8.0,typestate_checker
63,4,adjusted_fix_non_flow,1.125655,13.0,typestate_checker
63,5,adjusted_fix_non_flow,1.10377,51.0,typestate_checker
63,6,adjusted_fix_non_flow,0.932572,31.0,typestate_checker
63,7,adjusted_fix_non_flow,1.02222,12.0,typestate_checker
63,8,adjusted_fix_non_flow,0.8415996,22.0,typestate_checker
63,9,adjusted_fix_non_flow,0.9771967500000001,7.0,typestate_checker
63,10,adjusted_fix_non_flow,0.9378979333333334,19.0,typestate_checker
63,11,adjusted_fix_non_flow,0.8752138,12.0,typestate_checker
63,12,adjusted_fix_non_flow,1.0821593333333333,8.0,typestate_checker
63,13,adjusted_fix_non_flow,1.22909,5.0,typestate_checker
63,14,adjusted_fix_non_flow,0.7493910833333334,23.0,typestate_checker
63,15,adjusted_fix_non_flow,0.9343831666666667,4.0,typestate_checker
63,16,adjusted_fix_non_flow,1.0090931666666665,2.0,typestate_checker
63,17,adjusted_fix_non_flow,1.0076465,0.0,typestate_checker
63,18,adjusted_fix_non_flow,0.7839175,0.0,typestate_checker
63,19,adjusted_fix_non_flow,0.850059,0.0,typestate_checker
63,20,adjusted_fix_non_flow,1.04762,0.0,typestate_checker
63,21,adjusted_fix_non_flow,1.000455375,0.0,typestate_checker
63,22,adjusted_fix_non_flow,0.9765472500000001,0.0,typestate_checker
63,23,adjusted_fix_non_flow,1.580765,0.0,typestate_checker
63,24,adjusted_fix_non_flow,1.091175,0.0,typestate_checker
63,25,adjusted_fix_non_flow,0.8901805,0.0,typestate_checker
63,26,adjusted_fix_non_flow,0.8911195,0.0,typestate_checker
63,27,adjusted_fix_non_flow,1.151316,0.0,typestate_checker
63,28,adjusted_fix_non_flow,1.05973,0.0,typestate_checker
63,29,adjusted_fix_non_flow,0.9845515,0.0,typestate_checker
63,30,adjusted_fix_non_flow,0.775632375,0.0,typestate_checker
63,31,adjusted_fix_non_flow,0.9840011249999999,0.0,typestate_checker
63,32,adjusted_fix_non_flow,0.8822336249999999,0.0,typestate_checker
63,33,adjusted_fix_non_flow,1.2104448888888888,0.0,typestate_checker
63,34,adjusted_fix_non_flow,1.1129104285714284,0.0,typestate_checker
63,35,adjusted_fix_non_flow,0.9077762500000001,0.0,typestate_checker
63,36,adjusted_fix_non_flow,0.8970391666666666,0.0,typestate_checker
63,37,adjusted_fix_non_flow,0.9867467142857143,0.0,typestate_checker
63,38,adjusted_fix_non_flow,1.014098142857143,0.0,typestate_checker
63,39,adjusted_fix_non_flow,0.0,0.0,typestate_checker
63,40,adjusted_fix_non_flow,0.0,0.0,typestate_checker
63,41,adjusted_fix_non_flow,0.0,0.0,typestate_checker
63,42,adjusted_fix_non_flow,0.0,0.0,typestate_checker
63,43,adjusted_fix_non_flow,0.0,0.0,typestate_checker
63,44,adjusted_fix_non_flow,0.0,0.0,typestate_checker
63,45,adjusted_fix_non_flow,0.0,0.0,typestate_checker
63,46,adjusted_fix_non_flow,0.0,0.0,typestate_checker
63,47,adjusted_fix_non_flow,0.0,0.0,typestate_checker
63,48,adjusted_fix_non_flow,0.0,0.0,typestate_checker
63,49,adjusted_fix_non_flow,0.0,0.0,typestate_checker
63,50,adjusted_fix_non_flow,0.0,0.0,typestate_checker
63,51,adjusted_fix_non_flow,0.0,0.0,typestate_checker
63,52,adjusted_fix_non_flow,0.0,0.0,typestate_checker
63,53,adjusted_fix_non_flow,0.0,0.0,typestate_checker
63,54,adjusted_fix_non_flow,0.0,0.0,typestate_checker
63,55,adjusted_fix_non_flow,0.0,0.0,typestate_checker
63,56,adjusted_fix_non_flow,0.0,0.0,typestate_checker
63,57,adjusted_fix_non_flow,0.0,0.0,typestate_checker
63,58,adjusted_fix_non_flow,0.0,0.0,typestate_checker
63,59,adjusted_fix_non_flow,0.0,0.0,typestate_checker
63,60,adjusted_fix_non_flow,0.0,0.0,typestate_checker
63,61,adjusted_fix_non_flow,0.0,0.0,typestate_checker
63,62,adjusted_fix_non_flow,0.0,0.0,typestate_checker
63,63,adjusted_fix_non_flow,0.0,0.0,typestate_checker
63,64,adjusted_fix_non_flow,0.0,0.0,typestate_checker
63,1,adjusted_gaze_call,1.3207982857142857,67.0,typestate_checker
63,2,adjusted_gaze_call,1.3130311666666667,21.0,typestate_checker
63,3,adjusted_gaze_call,0.9968253333333333,8.0,typestate_checker
63,4,adjusted_gaze_call,1.031472,13.0,typestate_checker
63,5,adjusted_gaze_call,1.1174448,51.0,typestate_checker
63,6,adjusted_gaze_call,0.7654860000000001,31.0,typestate_checker
63,7,adjusted_gaze_call,1.4630325000000002,12.0,typestate_checker
63,8,adjusted_gaze_call,1.26103,22.0,typestate_checker
63,9,adjusted_gaze_call,0.9923811999999999,7.0,typestate_checker
63,10,adjusted_gaze_call,1.145975,19.0,typestate_checker
63,11,adjusted_gaze_call,1.0657764,12.0,typestate_checker
63,12,adjusted_gaze_call,1.363254,8.0,typestate_checker
63,13,adjusted_gaze_call,0.7502295000000001,5.0,typestate_checker
63,14,adjusted_gaze_call,1.23122,23.0,typestate_checker
63,15,adjusted_gaze_call,0.7226378333333335,4.0,typestate_checker
63,16,adjusted_gaze_call,1.1199156666666668,2.0,typestate_checker
63,17,adjusted_gaze_call,0.7965374333333334,0.0,typestate_checker
63,18,adjusted_gaze_call,1.49011,0.0,typestate_checker
63,19,adjusted_gaze_call,1.1109274999999998,0.0,typestate_checker
63,20,adjusted_gaze_call,1.48593,0.0,typestate_checker
63,21,adjusted_gaze_call,2.22419,0.0,typestate_checker
63,22,adjusted_gaze_call,1.171768,0.0,typestate_checker
63,23,adjusted_gaze_call,0.570859375,0.0,typestate_checker
63,24,adjusted_gaze_call,1.9959475000000002,0.0,typestate_checker
63,25,adjusted_gaze_call,1.577285,0.0,typestate_checker
63,26,adjusted_gaze_call,1.76128,0.0,typestate_checker
63,27,adjusted_gaze_call,2.319255,0.0,typestate_checker
63,28,adjusted_gaze_call,1.192862,0.0,typestate_checker
63,29,adjusted_gaze_call,0.9691810000000001,0.0,typestate_checker
63,30,adjusted_gaze_call,1.1555195,0.0,typestate_checker
63,31,adjusted_gaze_call,0.8852586250000001,0.0,typestate_checker
63,32,adjusted_gaze_call,2.61380875,0.0,typestate_checker
63,33,adjusted_gaze_call,1.329637375,0.0,typestate_checker
63,34,adjusted_gaze_call,1.6969304444444444,0.0,typestate_checker
63,35,adjusted_gaze_call,1.2604557142857142,0.0,typestate_checker
63,36,adjusted_gaze_call,1.387386857142857,0.0,typestate_checker
63,37,adjusted_gaze_call,1.166334625,0.0,typestate_checker
63,38,adjusted_gaze_call,1.15456,0.0,typestate_checker
63,39,adjusted_gaze_call,1.4981557142857145,0.0,typestate_checker
63,40,adjusted_gaze_call,1.1509637142857143,0.0,typestate_checker
63,41,adjusted_gaze_call,0.0,0.0,typestate_checker
63,42,adjusted_gaze_call,0.0,0.0,typestate_checker
63,43,adjusted_gaze_call,0.0,0.0,typestate_checker
63,44,adjusted_gaze_call,0.0,0.0,typestate_checker
63,45,adjusted_gaze_call,0.0,0.0,typestate_checker
63,46,adjusted_gaze_call,0.0,0.0,typestate_checker
63,47,adjusted_gaze_call,0.0,0.0,typestate_checker
63,48,adjusted_gaze_call,0.0,0.0,typestate_checker
63,49,adjusted_gaze_call,0.0,0.0,typestate_checker
63,50,adjusted_gaze_call,0.0,0.0,typestate_checker
63,51,adjusted_gaze_call,0.0,0.0,typestate_checker
63,52,adjusted_gaze_call,0.0,0.0,typestate_checker
63,53,adjusted_gaze_call,0.0,0.0,typestate_checker
63,54,adjusted_gaze_call,0.0,0.0,typestate_checker
63,55,adjusted_gaze_call,0.0,0.0,typestate_checker
63,56,adjusted_gaze_call,0.0,0.0,typestate_checker
63,57,adjusted_gaze_call,0.0,0.0,typestate_checker
63,58,adjusted_gaze_call,0.0,0.0,typestate_checker
63,59,adjusted_gaze_call,0.0,0.0,typestate_checker
63,60,adjusted_gaze_call,0.0,0.0,typestate_checker
63,61,adjusted_gaze_call,0.0,0.0,typestate_checker
63,62,adjusted_gaze_call,0.0,0.0,typestate_checker
63,63,adjusted_gaze_call,0.0,0.0,typestate_checker
63,64,adjusted_gaze_call,0.0,0.0,typestate_checker
63,1,adjusted_gaze_non_call,0.839600857142857,67.0,typestate_checker
63,2,adjusted_gaze_non_call,0.9373936666666666,21.0,typestate_checker
63,3,adjusted_gaze_non_call,1.0035863333333335,8.0,typestate_checker
63,4,adjusted_gaze_non_call,0.9792270000000001,13.0,typestate_checker
63,5,adjusted_gaze_non_call,0.9428650000000001,51.0,typestate_checker
63,6,adjusted_gaze_non_call,1.0316910000000001,31.0,typestate_checker
63,7,adjusted_gaze_non_call,0.4443625,12.0,typestate_checker
63,8,adjusted_gaze_non_call,0.738974,22.0,typestate_checker
63,9,adjusted_gaze_non_call,1.0106646,7.0,typestate_checker
63,10,adjusted_gaze_non_call,0.84543875,19.0,typestate_checker
63,11,adjusted_gaze_non_call,0.9446091333333333,12.0,typestate_checker
63,12,adjusted_gaze_non_call,0.7430656000000001,8.0,typestate_checker
63,13,adjusted_gaze_non_call,1.2664225,5.0,typestate_checker
63,14,adjusted_gaze_non_call,0.867872,23.0,typestate_checker
63,15,adjusted_gaze_non_call,1.1158608333333337,4.0,typestate_checker
63,16,adjusted_gaze_non_call,0.854389,2.0,typestate_checker
63,17,adjusted_gaze_non_call,1.0915588333333333,0.0,typestate_checker
63,18,adjusted_gaze_non_call,0.6707650000000001,0.0,typestate_checker
63,19,adjusted_gaze_non_call,0.9096124999999999,0.0,typestate_checker
63,20,adjusted_gaze_non_call,0.670265,0.0,typestate_checker
63,21,adjusted_gaze_non_call,0.21302,0.0,typestate_checker
63,22,adjusted_gaze_non_call,0.87458125,0.0,typestate_checker
63,23,adjusted_gaze_non_call,1.146536625,0.0,typestate_checker
63,24,adjusted_gaze_non_call,0.61447175,0.0,typestate_checker
63,25,adjusted_gaze_non_call,0.6943794999999999,0.0,typestate_checker
63,26,adjusted_gaze_non_call,0.7281135,0.0,typestate_checker
63,27,adjusted_gaze_non_call,0.72705,0.0,typestate_checker
63,28,adjusted_gaze_non_call,0.78570685,0.0,typestate_checker
63,29,adjusted_gaze_non_call,1.018761,0.0,typestate_checker
63,30,adjusted_gaze_non_call,0.88336025,0.0,typestate_checker
63,31,adjusted_gaze_non_call,1.15035125,0.0,typestate_checker
63,32,adjusted_gaze_non_call,0.6772382499999999,0.0,typestate_checker
63,33,adjusted_gaze_non_call,0.7802422499999999,0.0,typestate_checker
63,34,adjusted_gaze_non_call,0.9502195555555555,0.0,typestate_checker
63,35,adjusted_gaze_non_call,0.8511685714285714,0.0,typestate_checker
63,36,adjusted_gaze_non_call,0.567039,0.0,typestate_checker
63,37,adjusted_gaze_non_call,0.8995065,0.0,typestate_checker
63,38,adjusted_gaze_non_call,0.8754933333333333,0.0,typestate_checker
63,39,adjusted_gaze_non_call,0.6419508571428573,0.0,typestate_checker
63,40,adjusted_gaze_non_call,0.7052595714285713,0.0,typestate_checker
63,41,adjusted_gaze_non_call,0.0,0.0,typestate_checker
63,42,adjusted_gaze_non_call,0.0,0.0,typestate_checker
63,43,adjusted_gaze_non_call,0.0,0.0,typestate_checker
63,44,adjusted_gaze_non_call,0.0,0.0,typestate_checker
63,45,adjusted_gaze_non_call,0.0,0.0,typestate_checker
63,46,adjusted_gaze_non_call,0.0,0.0,typestate_checker
63,47,adjusted_gaze_non_call,0.0,0.0,typestate_checker
63,48,adjusted_gaze_non_call,0.0,0.0,typestate_checker
63,49,adjusted_gaze_non_call,0.0,0.0,typestate_checker
63,50,adjusted_gaze_non_call,0.0,0.0,typestate_checker
63,51,adjusted_gaze_non_call,0.0,0.0,typestate_checker
63,52,adjusted_gaze_non_call,0.0,0.0,typestate_checker
63,53,adjusted_gaze_non_call,0.0,0.0,typestate_checker
63,54,adjusted_gaze_non_call,0.0,0.0,typestate_checker
63,55,adjusted_gaze_non_call,0.0,0.0,typestate_checker
63,56,adjusted_gaze_non_call,0.0,0.0,typestate_checker
63,57,adjusted_gaze_non_call,0.0,0.0,typestate_checker
63,58,adjusted_gaze_non_call,0.0,0.0,typestate_checker
63,59,adjusted_gaze_non_call,0.0,0.0,typestate_checker
63,60,adjusted_gaze_non_call,0.0,0.0,typestate_checker
63,61,adjusted_gaze_non_call,0.0,0.0,typestate_checker
63,62,adjusted_gaze_non_call,0.0,0.0,typestate_checker
63,63,adjusted_gaze_non_call,0.0,0.0,typestate_checker
63,64,adjusted_gaze_non_call,0.0,0.0,typestate_checker
63,1,adjusted_fix_call,1.5315628571428572,67.0,typestate_checker
63,2,adjusted_fix_call,1.3597468333333333,21.0,typestate_checker
63,3,adjusted_fix_call,1.01612,8.0,typestate_checker
63,4,adjusted_fix_call,1.051205,13.0,typestate_checker
63,5,adjusted_fix_call,0.9722538000000001,51.0,typestate_checker
63,6,adjusted_fix_call,0.741572,31.0,typestate_checker
63,7,adjusted_fix_call,1.4210000000000003,12.0,typestate_checker
63,8,adjusted_fix_call,1.13846,22.0,typestate_checker
63,9,adjusted_fix_call,0.9836478,7.0,typestate_checker
63,10,adjusted_fix_call,1.21572,19.0,typestate_checker
63,11,adjusted_fix_call,1.0566778666666667,12.0,typestate_checker
63,12,adjusted_fix_call,1.211518,8.0,typestate_checker
63,13,adjusted_fix_call,0.7976386666666667,5.0,typestate_checker
63,14,adjusted_fix_call,1.2,23.0,typestate_checker
63,15,adjusted_fix_call,0.7751625833333334,4.0,typestate_checker
63,16,adjusted_fix_call,1.1032686666666667,2.0,typestate_checker
63,17,adjusted_fix_call,0.681917,0.0,typestate_checker
63,18,adjusted_fix_call,1.398075,0.0,typestate_checker
63,19,adjusted_fix_call,0.976522,0.0,typestate_checker
63,20,adjusted_fix_call,1.39643,0.0,typestate_checker
63,21,adjusted_fix_call,1.94709,0.0,typestate_checker
63,22,adjusted_fix_call,1.12094425,0.0,typestate_checker
63,23,adjusted_fix_call,0.4681375,0.0,typestate_checker
63,24,adjusted_fix_call,2.03806375,0.0,typestate_checker
63,25,adjusted_fix_call,1.87406,0.0,typestate_checker
63,26,adjusted_fix_call,1.49841,0.0,typestate_checker
63,27,adjusted_fix_call,1.9572349999999998,0.0,typestate_checker
63,28,adjusted_fix_call,1.152315,0.0,typestate_checker
63,29,adjusted_fix_call,0.820661,0.0,typestate_checker
63,30,adjusted_fix_call,1.2096974999999999,0.0,typestate_checker
63,31,adjusted_fix_call,0.8896772499999999,0.0,typestate_checker
63,32,adjusted_fix_call,2.4722350000000004,0.0,typestate_checker
63,33,adjusted_fix_call,1.42003725,0.0,typestate_checker
63,34,adjusted_fix_call,1.629032222222222,0.0,typestate_checker
63,35,adjusted_fix_call,1.3643342857142857,0.0,typestate_checker
63,36,adjusted_fix_call,1.4093742857142857,0.0,typestate_checker
63,37,adjusted_fix_call,1.124723,0.0,typestate_checker
63,38,adjusted_fix_call,1.1437178333333335,0.0,typestate_checker
63,39,adjusted_fix_call,1.52509,0.0,typestate_checker
63,40,adjusted_fix_call,1.1285195714285714,0.0,typestate_checker
63,41,adjusted_fix_call,0.0,0.0,typestate_checker
63,42,adjusted_fix_call,0.0,0.0,typestate_checker
63,43,adjusted_fix_call,0.0,0.0,typestate_checker
63,44,adjusted_fix_call,0.0,0.0,typestate_checker
63,45,adjusted_fix_call,0.0,0.0,typestate_checker
63,46,adjusted_fix_call,0.0,0.0,typestate_checker
63,47,adjusted_fix_call,0.0,0.0,typestate_checker
63,48,adjusted_fix_call,0.0,0.0,typestate_checker
63,49,adjusted_fix_call,0.0,0.0,typestate_checker
63,50,adjusted_fix_call,0.0,0.0,typestate_checker
63,51,adjusted_fix_call,0.0,0.0,typestate_checker
63,52,adjusted_fix_call,0.0,0.0,typestate_checker
63,53,adjusted_fix_call,0.0,0.0,typestate_checker
63,54,adjusted_fix_call,0.0,0.0,typestate_checker
63,55,adjusted_fix_call,0.0,0.0,typestate_checker
63,56,adjusted_fix_call,0.0,0.0,typestate_checker
63,57,adjusted_fix_call,0.0,0.0,typestate_checker
63,58,adjusted_fix_call,0.0,0.0,typestate_checker
63,59,adjusted_fix_call,0.0,0.0,typestate_checker
63,60,adjusted_fix_call,0.0,0.0,typestate_checker
63,61,adjusted_fix_call,0.0,0.0,typestate_checker
63,62,adjusted_fix_call,0.0,0.0,typestate_checker
63,63,adjusted_fix_call,0.0,0.0,typestate_checker
63,64,adjusted_fix_call,0.0,0.0,typestate_checker
63,1,adjusted_fix_non_call,0.7342182857142856,67.0,typestate_checker
63,2,adjusted_fix_non_call,0.9280510000000001,21.0,typestate_checker
63,3,adjusted_fix_non_call,0.9817771666666667,8.0,typestate_checker
63,4,adjusted_fix_non_call,0.966205,13.0,typestate_checker
63,5,adjusted_fix_non_call,1.0134994,51.0,typestate_checker
63,6,adjusted_fix_non_call,1.0349243333333333,31.0,typestate_checker
63,7,adjusted_fix_non_call,0.4948025,12.0,typestate_checker
63,8,adjusted_fix_non_call,0.861538,22.0,typestate_checker
63,9,adjusted_fix_non_call,1.0228922,7.0,typestate_checker
63,10,adjusted_fix_non_call,0.7715924999999999,19.0,typestate_checker
63,11,adjusted_fix_non_call,0.9522716666666667,12.0,typestate_checker
63,12,adjusted_fix_non_call,0.8503906000000001,8.0,typestate_checker
63,13,adjusted_fix_non_call,1.2158498333333332,5.0,typestate_checker
63,14,adjusted_fix_non_call,0.885714,23.0,typestate_checker
63,15,adjusted_fix_non_call,1.0939189999999999,4.0,typestate_checker
63,16,adjusted_fix_non_call,0.8746015000000001,2.0,typestate_checker
63,17,adjusted_fix_non_call,1.1431371666666668,0.0,typestate_checker
63,18,adjusted_fix_non_call,0.732591,0.0,typestate_checker
63,19,adjusted_fix_non_call,1.0191305000000002,0.0,typestate_checker
63,20,adjusted_fix_non_call,0.730991,0.0,typestate_checker
63,21,adjusted_fix_non_call,0.391156,0.0,typestate_checker
63,22,adjusted_fix_non_call,0.911691625,0.0,typestate_checker
63,23,adjusted_fix_non_call,1.181611875,0.0,typestate_checker
63,24,adjusted_fix_non_call,0.598169,0.0,typestate_checker
63,25,adjusted_fix_non_call,0.5372645,0.0,typestate_checker
63,26,adjusted_fix_non_call,0.8219965,0.0,typestate_checker
63,27,adjusted_fix_non_call,0.801951,0.0,typestate_checker
63,28,adjusted_fix_non_call,0.83075965,0.0,typestate_checker
63,29,adjusted_fix_non_call,1.109165,0.0,typestate_checker
63,30,adjusted_fix_non_call,0.8427250000000001,0.0,typestate_checker
63,31,adjusted_fix_non_call,1.1445604999999999,0.0,typestate_checker
63,32,adjusted_fix_non_call,0.70555325,0.0,typestate_checker
63,33,adjusted_fix_non_call,0.71997575,0.0,typestate_checker
63,34,adjusted_fix_non_call,0.9550685555555556,0.0,typestate_checker
63,35,adjusted_fix_non_call,0.7918085714285714,0.0,typestate_checker
63,36,adjusted_fix_non_call,0.5424632857142857,0.0,typestate_checker
63,37,adjusted_fix_non_call,0.92464825,0.0,typestate_checker
63,38,adjusted_fix_non_call,0.8842275,0.0,typestate_checker
63,39,adjusted_fix_non_call,0.6225907142857142,0.0,typestate_checker
63,40,adjusted_fix_non_call,0.7490825714285714,0.0,typestate_checker
63,41,adjusted_fix_non_call,0.0,0.0,typestate_checker
63,42,adjusted_fix_non_call,0.0,0.0,typestate_checker
63,43,adjusted_fix_non_call,0.0,0.0,typestate_checker
63,44,adjusted_fix_non_call,0.0,0.0,typestate_checker
63,45,adjusted_fix_non_call,0.0,0.0,typestate_checker
63,46,adjusted_fix_non_call,0.0,0.0,typestate_checker
63,47,adjusted_fix_non_call,0.0,0.0,typestate_checker
63,48,adjusted_fix_non_call,0.0,0.0,typestate_checker
63,49,adjusted_fix_non_call,0.0,0.0,typestate_checker
63,50,adjusted_fix_non_call,0.0,0.0,typestate_checker
63,51,adjusted_fix_non_call,0.0,0.0,typestate_checker
63,52,adjusted_fix_non_call,0.0,0.0,typestate_checker
63,53,adjusted_fix_non_call,0.0,0.0,typestate_checker
63,54,adjusted_fix_non_call,0.0,0.0,typestate_checker
63,55,adjusted_fix_non_call,0.0,0.0,typestate_checker
63,56,adjusted_fix_non_call,0.0,0.0,typestate_checker
63,57,adjusted_fix_non_call,0.0,0.0,typestate_checker
63,58,adjusted_fix_non_call,0.0,0.0,typestate_checker
63,59,adjusted_fix_non_call,0.0,0.0,typestate_checker
63,60,adjusted_fix_non_call,0.0,0.0,typestate_checker
63,61,adjusted_fix_non_call,0.0,0.0,typestate_checker
63,62,adjusted_fix_non_call,0.0,0.0,typestate_checker
63,63,adjusted_fix_non_call,0.0,0.0,typestate_checker
63,64,adjusted_fix_non_call,0.0,0.0,typestate_checker
9_gc,1,gap_accuracy,0.3958333333333333,5.0,typestate_checker
9_gc,2,gap_accuracy,0.2740740740740741,5.0,typestate_checker
9_gc,3,gap_accuracy,0.5,2.0,typestate_checker
9_gc,4,gap_accuracy,0.5238095238095238,2.0,typestate_checker
9_gc,5,gap_accuracy,0.48309178743961345,2.0,typestate_checker
9_gc,6,gap_accuracy,0.40211640211640215,2.0,typestate_checker
9_gc,7,gap_accuracy,0.36904761904761907,10.0,typestate_checker
9_gc,8,gap_accuracy,0.36666666666666675,3.0,typestate_checker
9_gc,9,gap_accuracy,0.46825396825396826,2.0,typestate_checker
9_gc,10,gap_accuracy,0.5253623188405797,2.0,typestate_checker
9_gc,1,readability_level_before,2.8125,5.0,typestate_checker
9_gc,2,readability_level_before,2.6,5.0,typestate_checker
9_gc,3,readability_level_before,2.6,2.0,typestate_checker
9_gc,4,readability_level_before,2.4285714285714284,2.0,typestate_checker
9_gc,5,readability_level_before,3.347826086956522,2.0,typestate_checker
9_gc,6,readability_level_before,3.0,2.0,typestate_checker
9_gc,7,readability_level_before,2.7857142857142856,10.0,typestate_checker
9_gc,8,readability_level_before,2.933333333333333,3.0,typestate_checker
9_gc,9,readability_level_before,3.380952380952381,2.0,typestate_checker
9_gc,10,readability_level_before,3.130434782608696,2.0,typestate_checker
9_gc,1,readability_level_ba,2.59375,5.0,typestate_checker
9_gc,2,readability_level_ba,2.433333333333333,5.0,typestate_checker
9_gc,3,readability_level_ba,2.566666666666667,2.0,typestate_checker
9_gc,4,readability_level_ba,2.5,2.0,typestate_checker
9_gc,5,readability_level_ba,3.1739130434782608,2.0,typestate_checker
9_gc,6,readability_level_ba,2.9285714285714284,2.0,typestate_checker
9_gc,7,readability_level_ba,2.5357142857142856,10.0,typestate_checker
9_gc,8,readability_level_ba,2.9,3.0,typestate_checker
9_gc,9,readability_level_ba,3.380952380952381,2.0,typestate_checker
9_gc,10,readability_level_ba,3.0652173913043477,2.0,typestate_checker
9_gc,1,time_to_read_complete,137.36374999999998,5.0,typestate_checker
9_gc,2,time_to_read_complete,123.19000000000001,5.0,typestate_checker
9_gc,3,time_to_read_complete,212.6206666666667,2.0,typestate_checker
9_gc,4,time_to_read_complete,202.57285714285715,2.0,typestate_checker
9_gc,5,time_to_read_complete,165.18,2.0,typestate_checker
9_gc,6,time_to_read_complete,197.07452380952378,2.0,typestate_checker
9_gc,7,time_to_read_complete,123.02642857142857,10.0,typestate_checker
9_gc,8,time_to_read_complete,533.914,3.0,typestate_checker
9_gc,9,time_to_read_complete,126.68928571428569,2.0,typestate_checker
9_gc,10,time_to_read_complete,124.68173913043479,2.0,typestate_checker
9_bc,1,gap_accuracy,0.3840579710144927,5.0,typestate_checker
9_bc,2,gap_accuracy,0.4074074074074074,5.0,typestate_checker
9_bc,3,gap_accuracy,0.611111111111111,2.0,typestate_checker
9_bc,4,gap_accuracy,0.5052083333333334,2.0,typestate_checker
9_bc,5,gap_accuracy,0.4126984126984127,2.0,typestate_checker
9_bc,6,gap_accuracy,0.3703703703703703,2.0,typestate_checker
9_bc,7,gap_accuracy,0.48958333333333337,10.0,typestate_checker
9_bc,8,gap_accuracy,0.44444444444444453,3.0,typestate_checker
9_bc,9,gap_accuracy,0.36666666666666664,2.0,typestate_checker
9_bc,10,gap_accuracy,0.39285714285714285,2.0,typestate_checker
9_bc,1,readability_level_before,2.739130434782609,5.0,typestate_checker
9_bc,2,readability_level_before,3.0,5.0,typestate_checker
9_bc,3,readability_level_before,2.6,2.0,typestate_checker
9_bc,4,readability_level_before,2.0,2.0,typestate_checker
9_bc,5,readability_level_before,2.642857142857143,2.0,typestate_checker
9_bc,6,readability_level_before,2.3333333333333335,2.0,typestate_checker
9_bc,7,readability_level_before,2.9375,10.0,typestate_checker
9_bc,8,readability_level_before,3.0,3.0,typestate_checker
9_bc,9,readability_level_before,2.4,2.0,typestate_checker
9_bc,10,readability_level_before,2.9285714285714284,2.0,typestate_checker
9_bc,1,readability_level_ba,2.717391304347826,5.0,typestate_checker
9_bc,2,readability_level_ba,2.857142857142857,5.0,typestate_checker
9_bc,3,readability_level_ba,2.533333333333333,2.0,typestate_checker
9_bc,4,readability_level_ba,1.96875,2.0,typestate_checker
9_bc,5,readability_level_ba,2.4642857142857144,2.0,typestate_checker
9_bc,6,readability_level_ba,2.1,2.0,typestate_checker
9_bc,7,readability_level_ba,2.8125,10.0,typestate_checker
9_bc,8,readability_level_ba,2.9,3.0,typestate_checker
9_bc,9,readability_level_ba,2.5,2.0,typestate_checker
9_bc,10,readability_level_ba,2.75,2.0,typestate_checker
9_bc,1,time_to_read_complete,143.56804347826088,5.0,typestate_checker
9_bc,2,time_to_read_complete,134.24785714285716,5.0,typestate_checker
9_bc,3,time_to_read_complete,161.12800000000001,2.0,typestate_checker
9_bc,4,time_to_read_complete,188.78187499999999,2.0,typestate_checker
9_bc,5,time_to_read_complete,184.00178571428572,2.0,typestate_checker
9_bc,6,time_to_read_complete,224.49699999999999,2.0,typestate_checker
9_bc,7,time_to_read_complete,106.00562500000001,10.0,typestate_checker
9_bc,8,time_to_read_complete,111.08466666666665,3.0,typestate_checker
9_bc,9,time_to_read_complete,102.94033333333333,2.0,typestate_checker
9_bc,10,time_to_read_complete,200.44,2.0,typestate_checker
9_nc,1,gap_accuracy,0.380952380952381,5.0,typestate_checker
9_nc,2,gap_accuracy,0.3259259259259259,5.0,typestate_checker
9_nc,3,gap_accuracy,0.6507936507936508,2.0,typestate_checker
9_nc,4,gap_accuracy,0.5253623188405797,2.0,typestate_checker
9_nc,5,gap_accuracy,0.4583333333333333,2.0,typestate_checker
9_nc,6,gap_accuracy,0.28148148148148144,2.0,typestate_checker
9_nc,7,gap_accuracy,0.43478260869565216,10.0,typestate_checker
9_nc,8,gap_accuracy,0.5158730158730158,3.0,typestate_checker
9_nc,9,gap_accuracy,0.2777777777777778,2.0,typestate_checker
9_nc,10,gap_accuracy,0.4635416666666667,2.0,typestate_checker
9_nc,1,readability_level_before,2.7142857142857144,5.0,typestate_checker
9_nc,2,readability_level_before,2.466666666666667,5.0,typestate_checker
9_nc,3,readability_level_before,2.2857142857142856,2.0,typestate_checker
9_nc,4,readability_level_before,2.347826086956522,2.0,typestate_checker
9_nc,5,readability_level_before,2.25,2.0,typestate_checker
9_nc,6,readability_level_before,2.7333333333333334,2.0,typestate_checker
9_nc,7,readability_level_before,2.3043478260869565,10.0,typestate_checker
9_nc,8,readability_level_before,2.6666666666666665,3.0,typestate_checker
9_nc,9,readability_level_before,2.933333333333333,2.0,typestate_checker
9_nc,10,readability_level_before,2.75,2.0,typestate_checker
9_nc,1,readability_level_ba,2.642857142857143,5.0,typestate_checker
9_nc,2,readability_level_ba,2.3333333333333335,5.0,typestate_checker
9_nc,3,readability_level_ba,2.261904761904762,2.0,typestate_checker
9_nc,4,readability_level_ba,2.3043478260869565,2.0,typestate_checker
9_nc,5,readability_level_ba,2.25,2.0,typestate_checker
9_nc,6,readability_level_ba,2.533333333333333,2.0,typestate_checker
9_nc,7,readability_level_ba,2.1956521739130435,10.0,typestate_checker
9_nc,8,readability_level_ba,2.5714285714285716,3.0,typestate_checker
9_nc,9,readability_level_ba,2.966666666666667,2.0,typestate_checker
9_nc,10,readability_level_ba,2.65625,2.0,typestate_checker
9_nc,1,time_to_read_complete,97.71571428571428,5.0,typestate_checker
9_nc,2,time_to_read_complete,131.76166666666668,5.0,typestate_checker
9_nc,3,time_to_read_complete,180.75071428571428,2.0,typestate_checker
9_nc,4,time_to_read_complete,191.89021739130433,2.0,typestate_checker
9_nc,5,time_to_read_complete,155.11781249999996,2.0,typestate_checker
9_nc,6,time_to_read_complete,114.97499999999998,2.0,typestate_checker
9_nc,7,time_to_read_complete,166.80847826086958,10.0,typestate_checker
9_nc,8,time_to_read_complete,134.88285714285712,3.0,typestate_checker
9_nc,9,time_to_read_complete,81.70666666666666,2.0,typestate_checker
9_nc,10,time_to_read_complete,115.86906250000001,2.0,typestate_checker
f,1,perc_correct_output,39.473684210526315,0.0,typestate_checker
f,2,perc_correct_output,89.47368421052632,0.0,typestate_checker
f,3,perc_correct_output,78.94736842105263,0.0,typestate_checker
f,4,perc_correct_output,47.368421052631575,0.0,typestate_checker
f,5,perc_correct_output,52.63157894736842,0.0,typestate_checker
f,6,perc_correct_output,100.0,0.0,typestate_checker
f,7,perc_correct_output,78.94736842105263,0.0,typestate_checker
f,8,perc_correct_output,61.111111111111114,0.0,typestate_checker
f,9,perc_correct_output,66.66666666666666,0.0,typestate_checker
f,10,perc_correct_output,88.88888888888889,0.0,typestate_checker
f,11,perc_correct_output,94.73684210526315,0.0,typestate_checker
f,12,perc_correct_output,84.21052631578947,0.0,typestate_checker
f,13,perc_correct_output,78.94736842105263,0.0,typestate_checker
f,14,perc_correct_output,68.42105263157895,0.0,typestate_checker
f,15,perc_correct_output,18.0,1.0,typestate_checker
f,16,perc_correct_output,0.0,5.0,typestate_checker
f,1,brain_deact_31,-2.248355733,0.0,typestate_checker
f,2,brain_deact_31,-2.137145163,0.0,typestate_checker
f,3,brain_deact_31,-1.921303548,0.0,typestate_checker
f,4,brain_deact_31,-1.831843539,0.0,typestate_checker
f,5,brain_deact_31,-1.93865049,0.0,typestate_checker
f,6,brain_deact_31,-2.063537981,0.0,typestate_checker
f,7,brain_deact_31,-1.730000171,0.0,typestate_checker
f,8,brain_deact_31,-2.103988089,0.0,typestate_checker
f,9,brain_deact_31,-2.034462625,0.0,typestate_checker
f,10,brain_deact_31,-2.180495768,0.0,typestate_checker
f,11,brain_deact_31,-1.936397923,0.0,typestate_checker
f,12,brain_deact_31,-1.545885531,0.0,typestate_checker
f,13,brain_deact_31,-1.835985696,0.0,typestate_checker
f,14,brain_deact_31,-1.897029609,0.0,typestate_checker
f,15,brain_deact_31,-2.115286243,1.0,typestate_checker
f,16,brain_deact_31,-1.729084884,5.0,typestate_checker
f,1,brain_deact_32,-1.774586165,0.0,typestate_checker
f,2,brain_deact_32,-1.91559082,0.0,typestate_checker
f,3,brain_deact_32,-1.495832442,0.0,typestate_checker
f,4,brain_deact_32,-1.46374886,0.0,typestate_checker
f,5,brain_deact_32,-1.526649428,0.0,typestate_checker
f,6,brain_deact_32,-1.848531743,0.0,typestate_checker
f,7,brain_deact_32,-1.236600384,0.0,typestate_checker
f,8,brain_deact_32,-1.565782627,0.0,typestate_checker
f,9,brain_deact_32,-1.699418305,0.0,typestate_checker
f,10,brain_deact_32,-1.907988566,0.0,typestate_checker
f,11,brain_deact_32,-1.45635117,0.0,typestate_checker
f,12,brain_deact_32,-1.37916458,0.0,typestate_checker
f,13,brain_deact_32,-1.458877878,0.0,typestate_checker
f,14,brain_deact_32,-1.6700936,0.0,typestate_checker
f,15,brain_deact_32,-1.820133117,1.0,typestate_checker
f,16,brain_deact_32,-1.241652874,5.0,typestate_checker
f,1,complexity_level,46.6,0.0,typestate_checker
f,2,complexity_level,73.73684210526316,0.0,typestate_checker
f,3,complexity_level,38.578947368421055,0.0,typestate_checker
f,4,complexity_level,25.88888888888889,0.0,typestate_checker
f,5,complexity_level,61.421052631578945,0.0,typestate_checker
f,6,complexity_level,74.57894736842105,0.0,typestate_checker
f,7,complexity_level,0.0,0.0,typestate_checker
f,8,complexity_level,44.73684210526316,0.0,typestate_checker
f,9,complexity_level,45.44444444444444,0.0,typestate_checker
f,10,complexity_level,57.5,0.0,typestate_checker
f,11,complexity_level,33.31578947368421,0.0,typestate_checker
f,12,complexity_level,25.944444444444443,0.0,typestate_checker
f,13,complexity_level,47.22222222222222,0.0,typestate_checker
f,14,complexity_level,44.44444444444444,0.0,typestate_checker
f,15,complexity_level,47.22222222222222,1.0,typestate_checker
f,16,complexity_level,150.0,5.0,typestate_checker
f,1,time_to_understand,48.275447368421055,0.0,typestate_checker
f,2,time_to_understand,30.38747368421053,0.0,typestate_checker
f,3,time_to_understand,41.406684210526315,0.0,typestate_checker
f,4,time_to_understand,50.024,0.0,typestate_checker
f,5,time_to_understand,45.99226315789474,0.0,typestate_checker
f,6,time_to_understand,21.517,0.0,typestate_checker
f,7,time_to_understand,38.38831578947369,0.0,typestate_checker
f,8,time_to_understand,43.33011111111111,0.0,typestate_checker
f,9,time_to_understand,42.33516666666665,0.0,typestate_checker
f,10,time_to_understand,27.647555555555552,0.0,typestate_checker
f,11,time_to_understand,22.280263157894737,0.0,typestate_checker
f,12,time_to_understand,35.582526315789465,0.0,typestate_checker
f,13,time_to_understand,33.25842105263157,0.0,typestate_checker
f,14,time_to_understand,40.122473684210526,0.0,typestate_checker
f,15,time_to_understand,445.544,1.0,typestate_checker
f,16,time_to_understand,0.0,5.0,typestate_checker
1,1,correct_output_rating,1.2195121951219512,0.0,infer
1,2,correct_output_rating,1.951219512195122,0.0,infer
1,3,correct_output_rating,1.4878048780487805,0.0,infer
1,4,correct_output_rating,1.4878048780487805,0.0,infer
1,5,correct_output_rating,1.4390243902439024,0.0,infer
1,6,correct_output_rating,1.7804878048780488,0.0,infer
1,7,correct_output_rating,1.8048780487804879,0.0,infer
1,8,correct_output_rating,1.4634146341463414,0.0,infer
1,9,correct_output_rating,1.853658536585366,0.0,infer
1,10,correct_output_rating,1.8780487804878048,0.0,infer
1,11,correct_output_rating,1.6341463414634145,0.0,infer
1,12,correct_output_rating,1.853658536585366,0.0,infer
1,13,correct_output_rating,2.0,0.0,infer
1,14,correct_output_rating,1.9024390243902438,0.0,infer
1,15,correct_output_rating,0.7804878048780488,0.0,infer
1,16,correct_output_rating,1.951219512195122,0.0,infer
1,17,correct_output_rating,1.6585365853658536,0.0,infer
1,18,correct_output_rating,1.3902439024390243,0.0,infer
1,19,correct_output_rating,1.3902439024390243,0.0,infer
1,20,correct_output_rating,1.3902439024390243,0.0,infer
1,21,correct_output_rating,1.3902439024390243,0.0,infer
1,22,correct_output_rating,1.3902439024390243,0.0,infer
1,23,correct_output_rating,1.829268292682927,0.0,infer
1,1,output_difficulty,3.1707317073170733,0.0,infer
1,2,output_difficulty,2.975609756097561,0.0,infer
1,3,output_difficulty,2.3902439024390243,0.0,infer
1,4,output_difficulty,2.4146341463414633,0.0,infer
1,5,output_difficulty,1.975609756097561,0.0,infer
1,6,output_difficulty,3.1219512195121952,0.0,infer
1,7,output_difficulty,3.2195121951219514,0.0,infer
1,8,output_difficulty,2.3902439024390243,0.0,infer
1,9,output_difficulty,3.1707317073170733,0.0,infer
1,10,output_difficulty,3.6341463414634148,0.0,infer
1,11,output_difficulty,3.097560975609756,0.0,infer
1,12,output_difficulty,3.341463414634146,0.0,infer
1,13,output_difficulty,3.731707317073171,0.0,infer
1,14,output_difficulty,3.4878048780487805,0.0,infer
1,15,output_difficulty,1.0731707317073171,0.0,infer
1,16,output_difficulty,3.7804878048780486,0.0,infer
1,17,output_difficulty,3.048780487804878,0.0,infer
1,18,output_difficulty,2.317073170731707,0.0,infer
1,19,output_difficulty,1.9024390243902438,0.0,infer
1,20,output_difficulty,3.1951219512195124,0.0,infer
1,21,output_difficulty,2.4878048780487805,0.0,infer
1,22,output_difficulty,2.3902439024390243,0.0,infer
1,23,output_difficulty,3.4146341463414633,0.0,infer
1,1,time_to_give_output,68.01441463414633,0.0,infer
1,2,time_to_give_output,100.26741463414633,0.0,infer
1,3,time_to_give_output,132.46873170731706,0.0,infer
1,4,time_to_give_output,154.64156097560976,0.0,infer
1,5,time_to_give_output,211.48453658536584,0.0,infer
1,6,time_to_give_output,70.5109512195122,0.0,infer
1,7,time_to_give_output,66.04860975609758,0.0,infer
1,8,time_to_give_output,104.82602439024389,0.0,infer
1,9,time_to_give_output,65.42085365853657,0.0,infer
1,10,time_to_give_output,42.58580487804878,0.0,infer
1,11,time_to_give_output,65.47378048780489,0.0,infer
1,12,time_to_give_output,59.81002439024391,0.0,infer
1,13,time_to_give_output,37.42529268292683,0.0,infer
1,14,time_to_give_output,48.39470731707317,0.0,infer
1,15,time_to_give_output,355.30917073170735,0.0,infer
1,16,time_to_give_output,20.50239024390244,0.0,infer
1,17,time_to_give_output,99.98841463414635,0.0,infer
1,18,time_to_give_output,132.07892682926828,0.0,infer
1,19,time_to_give_output,145.2398292682927,0.0,infer
1,20,time_to_give_output,80.62182926829269,0.0,infer
1,21,time_to_give_output,89.93921951219512,0.0,infer
1,22,time_to_give_output,86.29456097560976,0.0,infer
1,23,time_to_give_output,54.50070731707317,0.0,infer
2,1,brain_deact_31ant,-0.456862813,0.0,infer
2,2,brain_deact_31ant,-0.627872625,0.0,infer
2,3,brain_deact_31ant,-0.569892688,0.0,infer
2,4,brain_deact_31ant,-0.724818625,0.0,infer
2,5,brain_deact_31ant,-0.461402625,0.0,infer
2,6,brain_deact_31ant,-0.573933125,0.0,infer
2,7,brain_deact_31ant,-0.400142063,0.0,infer
2,8,brain_deact_31ant,-0.6289035,0.0,infer
2,9,brain_deact_31ant,-0.512648188,0.0,infer
2,10,brain_deact_31ant,-0.8140095,0.0,infer
2,11,brain_deact_31ant,-0.799689,0.0,infer
2,12,brain_deact_31ant,-0.754594875,0.0,infer
2,1,brain_deact_31post,-0.680167625,0.0,infer
2,2,brain_deact_31post,-0.58754025,0.0,infer
2,3,brain_deact_31post,-0.484311125,0.0,infer
2,4,brain_deact_31post,-0.755176125,0.0,infer
2,5,brain_deact_31post,-0.504249125,0.0,infer
2,6,brain_deact_31post,-0.531375313,0.0,infer
2,7,brain_deact_31post,-0.452398375,0.0,infer
2,8,brain_deact_31post,-0.787476813,0.0,infer
2,9,brain_deact_31post,-0.474544625,0.0,infer
2,10,brain_deact_31post,-0.827268563,0.0,infer
2,11,brain_deact_31post,-0.825552875,0.0,infer
2,12,brain_deact_31post,-0.743071875,0.0,infer
2,1,brain_deact_32,-0.567438063,0.0,infer
2,2,brain_deact_32,-0.760412688,0.0,infer
2,3,brain_deact_32,-0.80337975,0.0,infer
2,4,brain_deact_32,-0.853813313,0.0,infer
2,5,brain_deact_32,-0.534999375,0.0,infer
2,6,brain_deact_32,-0.833937188,0.0,infer
2,7,brain_deact_32,-0.44148875,0.0,infer
2,8,brain_deact_32,-0.687596375,0.0,infer
2,9,brain_deact_32,-0.513088813,0.0,infer
2,10,brain_deact_32,-1.045516125,0.0,infer
2,11,brain_deact_32,-1.065309875,0.0,infer
2,12,brain_deact_32,-0.810991375,0.0,infer
2,1,time_to_understand,277998.6875,0.0,infer
2,2,time_to_understand,379138.5,0.0,infer
2,3,time_to_understand,282050.625,0.0,infer
2,4,time_to_understand,328751.1875,0.0,infer
2,5,time_to_understand,228106.875,0.0,infer
2,6,time_to_understand,256201.1875,0.0,infer
2,7,time_to_understand,173291.875,0.0,infer
2,8,time_to_understand,253121.6875,0.0,infer
2,9,time_to_understand,368599.625,0.0,infer
2,10,time_to_understand,288200.0,0.0,infer
2,11,time_to_understand,513357.5625,0.0,infer
2,12,time_to_understand,432204.875,0.0,infer
3,1,readability_level,2.99,0.0,infer
3,2,readability_level,3.74,0.0,infer
3,3,readability_level,2.69,0.0,infer
3,4,readability_level,4.03,0.0,infer
3,5,readability_level,4.18,0.0,infer
3,6,readability_level,2.18,0.0,infer
3,7,readability_level,3.62,0.0,infer
3,8,readability_level,2.86,0.0,infer
3,9,readability_level,4.13,0.0,infer
3,10,readability_level,3.35,0.0,infer
3,11,readability_level,3.64,0.0,infer
3,12,readability_level,3.53,0.0,infer
3,13,readability_level,3.03,0.0,infer
3,14,readability_level,4.05,0.0,infer
3,15,readability_level,1.82,0.0,infer
3,16,readability_level,2.9,0.0,infer
3,17,readability_level,3.74,0.0,infer
3,18,readability_level,2.46,0.0,infer
3,19,readability_level,3.56,0.0,infer
3,20,readability_level,3.26,0.0,infer
3,21,readability_level,3.73,0.0,infer
3,22,readability_level,2.73,0.0,infer
3,23,readability_level,3.94,0.0,infer
3,24,readability_level,3.48,0.0,infer
3,25,readability_level,2.09,0.0,infer
3,26,readability_level,2.37,0.0,infer
3,27,readability_level,3.76,0.0,infer
3,28,readability_level,2.86,0.0,infer
3,29,readability_level,3.96,0.0,infer
3,30,readability_level,2.78,0.0,infer
3,31,readability_level,3.27,0.0,infer
3,32,readability_level,4.22,0.0,infer
3,33,readability_level,4.02,0.0,infer
3,34,readability_level,4.35,0.0,infer
3,35,readability_level,2.0,0.0,infer
3,36,readability_level,2.52,0.0,infer
3,37,readability_level,2.57,0.0,infer
3,38,readability_level,2.77,0.0,infer
3,39,readability_level,2.96,0.0,infer
3,40,readability_level,2.9,0.0,infer
3,41,readability_level,2.41,0.0,infer
3,42,readability_level,3.08,0.0,infer
3,43,readability_level,3.28,0.0,infer
3,44,readability_level,4.07,0.0,infer
3,45,readability_level,3.84,0.0,infer
3,46,readability_level,3.76,0.0,infer
3,47,readability_level,3.88,0.0,infer
3,48,readability_level,3.93,0.0,infer
3,49,readability_level,4.05,0.0,infer
3,50,readability_level,4.16,0.0,infer
3,51,readability_level,3.92,0.0,infer
3,52,readability_level,2.63,0.0,infer
3,53,readability_level,2.72,0.0,infer
3,54,readability_level,3.6,0.0,infer
3,55,readability_level,2.71,0.0,infer
3,56,readability_level,3.61,0.0,infer
3,57,readability_level,3.6,0.0,infer
3,58,readability_level,2.4,0.0,infer
3,59,readability_level,3.83,0.0,infer
3,60,readability_level,3.88,0.0,infer
3,61,readability_level,3.77,0.0,infer
3,62,readability_level,3.47,0.0,infer
3,63,readability_level,2.64,0.0,infer
3,64,readability_level,3.59,0.0,infer
3,65,readability_level,3.2,0.0,infer
3,66,readability_level,2.59,0.0,infer
3,67,readability_level,4.02,0.0,infer
3,68,readability_level,3.35,0.0,infer
3,69,readability_level,2.92,0.0,infer
3,70,readability_level,2.39,0.0,infer
3,71,readability_level,3.69,0.0,infer
3,72,readability_level,2.86,0.0,infer
3,73,readability_level,3.38,0.0,infer
3,74,readability_level,3.82,0.0,infer
3,75,readability_level,3.39,0.0,infer
3,76,readability_level,3.49,0.0,infer
3,77,readability_level,2.72,0.0,infer
3,78,readability_level,2.28,0.0,infer
3,79,readability_level,3.34,0.0,infer
3,80,readability_level,4.15,0.0,infer
3,81,readability_level,3.93,0.0,infer
3,82,readability_level,4.0,0.0,infer
3,83,readability_level,2.76,0.0,infer
3,84,readability_level,3.94,0.0,infer
3,85,readability_level,3.61,0.0,infer
3,86,readability_level,2.62,0.0,infer
3,87,readability_level,2.87,0.0,infer
3,88,readability_level,3.23,0.0,infer
3,89,readability_level,4.28,0.0,infer
3,90,readability_level,3.35,0.0,infer
3,91,readability_level,2.08,0.0,infer
3,92,readability_level,3.36,0.0,infer
3,93,readability_level,2.36,0.0,infer
3,94,readability_level,4.07,0.0,infer
3,95,readability_level,3.18,0.0,infer
3,96,readability_level,3.81,0.0,infer
3,97,readability_level,2.9,0.0,infer
3,98,readability_level,3.0,0.0,infer
3,99,readability_level,2.95,0.0,infer
3,100,readability_level,2.12,0.0,infer
6,1,correct_verif_questions,0.37037037037037046,0.0,infer
6,2,correct_verif_questions,0.40740740740740733,2.0,infer
6,3,correct_verif_questions,0.41666666666666674,2.0,infer
6,4,correct_verif_questions,0.40740740740740755,0.0,infer
6,5,correct_verif_questions,0.5925925925925927,1.0,infer
6,6,correct_verif_questions,0.44444444444444436,0.0,infer
6,7,correct_verif_questions,0.44444444444444453,0.0,infer
6,8,correct_verif_questions,0.29629629629629634,0.0,infer
6,9,correct_verif_questions,0.5185185185185186,0.0,infer
6,10,correct_verif_questions,0.48148148148148157,0.0,infer
6,11,correct_verif_questions,0.1851851851851851,0.0,infer
6,12,correct_verif_questions,0.5185185185185186,0.0,infer
6,13,correct_verif_questions,0.40740740740740733,0.0,infer
6,14,correct_verif_questions,0.25925925925925924,0.0,infer
6,15,correct_verif_questions,0.40740740740740755,0.0,infer
6,16,correct_verif_questions,0.2222222222222222,0.0,infer
6,17,correct_verif_questions,0.4444444444444444,0.0,infer
6,18,correct_verif_questions,0.29629629629629634,0.0,infer
6,19,correct_verif_questions,0.6296296296296299,0.0,infer
6,20,correct_verif_questions,0.7407407407407408,0.0,infer
6,21,correct_verif_questions,0.074074074074074,0.0,infer
6,22,correct_verif_questions,0.1111111111111111,0.0,infer
6,23,correct_verif_questions,0.5925925925925926,0.0,infer
6,24,correct_verif_questions,0.5185185185185186,0.0,infer
6,25,correct_verif_questions,0.5925925925925928,0.0,infer
6,26,correct_verif_questions,0.2592592592592593,0.0,infer
6,27,correct_verif_questions,0.7407407407407408,0.0,infer
6,28,correct_verif_questions,0.37037037037037046,0.0,infer
6,29,correct_verif_questions,0.40740740740740744,0.0,infer
6,30,correct_verif_questions,0.25925925925925913,0.0,infer
6,31,correct_verif_questions,0.777777777777778,0.0,infer
6,32,correct_verif_questions,0.777777777777778,0.0,infer
6,33,correct_verif_questions,0.5555555555555556,0.0,infer
6,34,correct_verif_questions,0.4814814814814816,0.0,infer
6,35,correct_verif_questions,0.37037037037037035,0.0,infer
6,36,correct_verif_questions,0.5555555555555556,0.0,infer
6,37,correct_verif_questions,0.7407407407407409,0.0,infer
6,38,correct_verif_questions,0.4444444444444444,0.0,infer
6,39,correct_verif_questions,0.48148148148148157,0.0,infer
6,40,correct_verif_questions,0.25925925925925913,0.0,infer
6,41,correct_verif_questions,0.3333333333333335,0.0,infer
6,42,correct_verif_questions,0.20833333333333337,0.0,infer
6,43,correct_verif_questions,0.5416666666666667,0.0,infer
6,44,correct_verif_questions,0.29166666666666674,0.0,infer
6,45,correct_verif_questions,0.41666666666666685,0.0,infer
6,46,correct_verif_questions,0.7037037037037038,0.0,infer
6,47,correct_verif_questions,0.4444444444444444,0.0,infer
6,48,correct_verif_questions,0.8148148148148149,0.0,infer
6,49,correct_verif_questions,0.40740740740740733,0.0,infer
6,50,correct_verif_questions,0.3333333333333334,0.0,infer
6,1,binary_understandability,0.5555555555555556,0.0,infer
6,2,binary_understandability,0.8888888888888888,2.0,infer
6,3,binary_understandability,0.625,2.0,infer
6,4,binary_understandability,0.6666666666666666,0.0,infer
6,5,binary_understandability,0.7777777777777778,1.0,infer
6,6,binary_understandability,0.8888888888888888,0.0,infer
6,7,binary_understandability,0.7777777777777778,0.0,infer
6,8,binary_understandability,0.5555555555555556,0.0,infer
6,9,binary_understandability,0.7777777777777778,0.0,infer
6,10,binary_understandability,0.7777777777777778,0.0,infer
6,11,binary_understandability,0.5555555555555556,0.0,infer
6,12,binary_understandability,0.6666666666666666,0.0,infer
6,13,binary_understandability,0.6666666666666666,0.0,infer
6,14,binary_understandability,0.5555555555555556,0.0,infer
6,15,binary_understandability,0.6666666666666666,0.0,infer
6,16,binary_understandability,0.4444444444444444,0.0,infer
6,17,binary_understandability,0.6666666666666666,0.0,infer
6,18,binary_understandability,0.4444444444444444,0.0,infer
6,19,binary_understandability,0.8888888888888888,0.0,infer
6,20,binary_understandability,0.8888888888888888,0.0,infer
6,21,binary_understandability,0.2222222222222222,0.0,infer
6,22,binary_understandability,0.2222222222222222,0.0,infer
6,23,binary_understandability,0.8888888888888888,0.0,infer
6,24,binary_understandability,0.6666666666666666,0.0,infer
6,25,binary_understandability,0.7777777777777778,0.0,infer
6,26,binary_understandability,0.4444444444444444,0.0,infer
6,27,binary_understandability,0.7777777777777778,0.0,infer
6,28,binary_understandability,0.4444444444444444,0.0,infer
6,29,binary_understandability,0.5555555555555556,0.0,infer
6,30,binary_understandability,0.6666666666666666,0.0,infer
6,31,binary_understandability,1.0,0.0,infer
6,32,binary_understandability,1.0,0.0,infer
6,33,binary_understandability,0.8888888888888888,0.0,infer
6,34,binary_understandability,0.6666666666666666,0.0,infer
6,35,binary_understandability,0.6666666666666666,0.0,infer
6,36,binary_understandability,0.7777777777777778,0.0,infer
6,37,binary_understandability,1.0,0.0,infer
6,38,binary_understandability,0.6666666666666666,0.0,infer
6,39,binary_understandability,0.7777777777777778,0.0,infer
6,40,binary_understandability,0.6666666666666666,0.0,infer
6,41,binary_understandability,0.5,0.0,infer
6,42,binary_understandability,0.375,0.0,infer
6,43,binary_understandability,0.875,0.0,infer
6,44,binary_understandability,0.625,0.0,infer
6,45,binary_understandability,0.75,0.0,infer
6,46,binary_understandability,1.0,0.0,infer
6,47,binary_understandability,0.7777777777777778,0.0,infer
6,48,binary_understandability,1.0,0.0,infer
6,49,binary_understandability,0.7777777777777778,0.0,infer
6,50,binary_understandability,0.5555555555555556,0.0,infer
6,1,time_to_understand,74.4,0.0,infer
6,2,time_to_understand,73.75,2.0,infer
6,3,time_to_understand,59.8,2.0,infer
6,4,time_to_understand,60.5,0.0,infer
6,5,time_to_understand,66.14285714285714,1.0,infer
6,6,time_to_understand,82.625,0.0,infer
6,7,time_to_understand,257.42857142857144,0.0,infer
6,8,time_to_understand,81.4,0.0,infer
6,9,time_to_understand,170.28571428571428,0.0,infer
6,10,time_to_understand,153.57142857142858,0.0,infer
6,11,time_to_understand,241.4,0.0,infer
6,12,time_to_understand,62.333333333333336,0.0,infer
6,13,time_to_understand,53.666666666666664,0.0,infer
6,14,time_to_understand,94.2,0.0,infer
6,15,time_to_understand,113.66666666666667,0.0,infer
6,16,time_to_understand,202.25,0.0,infer
6,17,time_to_understand,237.33333333333334,0.0,infer
6,18,time_to_understand,151.5,0.0,infer
6,19,time_to_understand,435.5,0.0,infer
6,20,time_to_understand,102.5,0.0,infer
6,21,time_to_understand,172.5,0.0,infer
6,22,time_to_understand,28.0,0.0,infer
6,23,time_to_understand,264.25,0.0,infer
6,24,time_to_understand,163.5,0.0,infer
6,25,time_to_understand,48.857142857142854,0.0,infer
6,26,time_to_understand,57.5,0.0,infer
6,27,time_to_understand,144.71428571428572,0.0,infer
6,28,time_to_understand,270.25,0.0,infer
6,29,time_to_understand,51.6,0.0,infer
6,30,time_to_understand,159.5,0.0,infer
6,31,time_to_understand,50.888888888888886,0.0,infer
6,32,time_to_understand,83.55555555555556,0.0,infer
6,33,time_to_understand,122.125,0.0,infer
6,34,time_to_understand,82.5,0.0,infer
6,35,time_to_understand,83.33333333333333,0.0,infer
6,36,time_to_understand,74.57142857142857,0.0,infer
6,37,time_to_understand,238.44444444444446,0.0,infer
6,38,time_to_understand,66.16666666666667,0.0,infer
6,39,time_to_understand,101.85714285714286,0.0,infer
6,40,time_to_understand,247.0,0.0,infer
6,41,time_to_understand,195.5,0.0,infer
6,42,time_to_understand,318.0,0.0,infer
6,43,time_to_understand,47.857142857142854,0.0,infer
6,44,time_to_understand,391.0,0.0,infer
6,45,time_to_understand,162.16666666666666,0.0,infer
6,46,time_to_understand,55.666666666666664,0.0,infer
6,47,time_to_understand,85.42857142857143,0.0,infer
6,48,time_to_understand,117.88888888888889,0.0,infer
6,49,time_to_understand,85.57142857142857,0.0,infer
6,50,time_to_understand,238.0,0.0,infer
63,1,adjusted_gaze_sig,0.9762631428571428,1.0,infer
63,2,adjusted_gaze_sig,0.8230961666666666,0.0,infer
63,3,adjusted_gaze_sig,0.5625836166666667,0.0,infer
63,4,adjusted_gaze_sig,0.89375,0.0,infer
63,5,adjusted_gaze_sig,2.6371384000000004,0.0,infer
63,6,adjusted_gaze_sig,0.743938,0.0,infer
63,7,adjusted_gaze_sig,0.22781025,2.0,infer
63,8,adjusted_gaze_sig,0.296709,0.0,infer
63,9,adjusted_gaze_sig,0.9081987999999999,0.0,infer
63,10,adjusted_gaze_sig,1.328576,1.0,infer
63,11,adjusted_gaze_sig,1.2333020000000003,0.0,infer
63,12,adjusted_gaze_sig,0.62354116,0.0,infer
63,13,adjusted_gaze_sig,7.25147,0.0,infer
63,14,adjusted_gaze_sig,0.0,0.0,infer
63,15,adjusted_gaze_sig,0.6652165666666668,0.0,infer
63,16,adjusted_gaze_sig,0.5481481666666667,0.0,infer
63,17,adjusted_gaze_sig,1.0767303333333333,0.0,infer
63,18,adjusted_gaze_sig,1.75984745,0.0,infer
63,19,adjusted_gaze_sig,0.362847,0.0,infer
63,20,adjusted_gaze_sig,0.0,0.0,infer
63,21,adjusted_gaze_sig,0.0,0.0,infer
63,22,adjusted_gaze_sig,0.5865469125,0.0,infer
63,23,adjusted_gaze_sig,0.413850625,0.0,infer
63,24,adjusted_gaze_sig,0.9035215000000001,0.0,infer
63,25,adjusted_gaze_sig,0.98207,0.0,infer
63,26,adjusted_gaze_sig,0.123751,0.0,infer
63,27,adjusted_gaze_sig,0.0,0.0,infer
63,28,adjusted_gaze_sig,0.393362,0.0,infer
63,29,adjusted_gaze_sig,0.322672,0.0,infer
63,30,adjusted_gaze_sig,1.1762729,0.0,infer
63,31,adjusted_gaze_sig,0.56380175,0.0,infer
63,32,adjusted_gaze_sig,0.867282125,0.0,infer
63,33,adjusted_gaze_sig,1.227694,0.0,infer
63,34,adjusted_gaze_sig,1.1920696666666664,0.0,infer
63,35,adjusted_gaze_sig,0.5767354142857143,0.0,infer
63,36,adjusted_gaze_sig,0.6708358571428573,0.0,infer
63,37,adjusted_gaze_sig,0.7713289999999999,0.0,infer
63,38,adjusted_gaze_sig,1.1950006666666666,0.0,infer
63,39,adjusted_gaze_sig,1.5442762857142858,0.0,infer
63,40,adjusted_gaze_sig,1.0439151428571427,0.0,infer
63,41,adjusted_gaze_sig,0.0,0.0,infer
63,42,adjusted_gaze_sig,0.0,0.0,infer
63,43,adjusted_gaze_sig,0.0,0.0,infer
63,44,adjusted_gaze_sig,0.0,0.0,infer
63,45,adjusted_gaze_sig,0.0,0.0,infer
63,46,adjusted_gaze_sig,0.0,0.0,infer
63,47,adjusted_gaze_sig,0.0,0.0,infer
63,48,adjusted_gaze_sig,0.0,0.0,infer
63,49,adjusted_gaze_sig,0.0,0.0,infer
63,50,adjusted_gaze_sig,0.0,0.0,infer
63,51,adjusted_gaze_sig,0.0,0.0,infer
63,52,adjusted_gaze_sig,0.0,0.0,infer
63,53,adjusted_gaze_sig,0.0,0.0,infer
63,54,adjusted_gaze_sig,0.0,0.0,infer
63,55,adjusted_gaze_sig,0.0,0.0,infer
63,56,adjusted_gaze_sig,0.0,0.0,infer
63,57,adjusted_gaze_sig,0.0,0.0,infer
63,58,adjusted_gaze_sig,0.0,0.0,infer
63,59,adjusted_gaze_sig,0.0,0.0,infer
63,60,adjusted_gaze_sig,0.0,0.0,infer
63,61,adjusted_gaze_sig,0.0,0.0,infer
63,62,adjusted_gaze_sig,0.0,0.0,infer
63,63,adjusted_gaze_sig,0.0,0.0,infer
63,64,adjusted_gaze_sig,0.0,0.0,infer
63,1,adjusted_gaze_non_sig,1.0012627142857142,1.0,infer
63,2,adjusted_gaze_non_sig,1.035382,0.0,infer
63,3,adjusted_gaze_non_sig,1.0388815000000002,0.0,infer
63,4,adjusted_gaze_non_sig,1.0066405,0.0,infer
63,5,adjusted_gaze_non_sig,0.8035439999999999,0.0,infer
63,6,adjusted_gaze_non_sig,1.0221293333333332,0.0,infer
63,7,adjusted_gaze_non_sig,1.1985649999999999,2.0,infer
63,8,adjusted_gaze_non_sig,1.18869,0.0,infer
63,9,adjusted_gaze_non_sig,1.008346,0.0,infer
63,10,adjusted_gaze_non_sig,0.94700475,1.0,infer
63,11,adjusted_gaze_non_sig,0.9611160000000002,0.0,infer
63,12,adjusted_gaze_non_sig,1.0597564,0.0,infer
63,13,adjusted_gaze_non_sig,0.5688641666666666,0.0,infer
63,14,adjusted_gaze_non_sig,1.06452,0.0,infer
63,15,adjusted_gaze_non_sig,1.0464055,0.0,infer
63,16,adjusted_gaze_non_sig,1.0779053333333335,0.0,infer
63,17,adjusted_gaze_non_sig,0.9531083333333333,0.0,infer
63,18,adjusted_gaze_non_sig,0.9831165000000001,0.0,infer
63,19,adjusted_gaze_non_sig,1.03982,0.0,infer
63,20,adjusted_gaze_non_sig,1.13636,0.0,infer
63,21,adjusted_gaze_non_sig,1.35294,0.0,infer
63,22,adjusted_gaze_non_sig,1.036127625,0.0,infer
63,23,adjusted_gaze_non_sig,1.183171625,0.0,infer
63,24,adjusted_gaze_non_sig,1.00470625,0.0,infer
63,25,adjusted_gaze_non_sig,1.0016315,0.0,infer
63,26,adjusted_gaze_non_sig,1.1402,0.0,infer
63,27,adjusted_gaze_non_sig,1.075,0.0,infer
63,28,adjusted_gaze_non_sig,1.07137,0.0,infer
63,29,adjusted_gaze_non_sig,1.079685,0.0,infer
63,30,adjusted_gaze_non_sig,0.9843317500000002,0.0,infer
63,31,adjusted_gaze_non_sig,1.049248625,0.0,infer
63,32,adjusted_gaze_non_sig,1.00717325,0.0,infer
63,33,adjusted_gaze_non_sig,0.988017,0.0,infer
63,34,adjusted_gaze_non_sig,0.9819933333333333,0.0,infer
63,35,adjusted_gaze_non_sig,1.0423244285714286,0.0,infer
63,36,adjusted_gaze_non_sig,1.0173247142857142,0.0,infer
63,37,adjusted_gaze_non_sig,1.024625,0.0,infer
63,38,adjusted_gaze_non_sig,0.98172,0.0,infer
63,39,adjusted_gaze_non_sig,0.9333551428571428,0.0,infer
63,40,adjusted_gaze_non_sig,0.9987081428571428,0.0,infer
63,41,adjusted_gaze_non_sig,0.0,0.0,infer
63,42,adjusted_gaze_non_sig,0.0,0.0,infer
63,43,adjusted_gaze_non_sig,0.0,0.0,infer
63,44,adjusted_gaze_non_sig,0.0,0.0,infer
63,45,adjusted_gaze_non_sig,0.0,0.0,infer
63,46,adjusted_gaze_non_sig,0.0,0.0,infer
63,47,adjusted_gaze_non_sig,0.0,0.0,infer
63,48,adjusted_gaze_non_sig,0.0,0.0,infer
63,49,adjusted_gaze_non_sig,0.0,0.0,infer
63,50,adjusted_gaze_non_sig,0.0,0.0,infer
63,51,adjusted_gaze_non_sig,0.0,0.0,infer
63,52,adjusted_gaze_non_sig,0.0,0.0,infer
63,53,adjusted_gaze_non_sig,0.0,0.0,infer
63,54,adjusted_gaze_non_sig,0.0,0.0,infer
63,55,adjusted_gaze_non_sig,0.0,0.0,infer
63,56,adjusted_gaze_non_sig,0.0,0.0,infer
63,57,adjusted_gaze_non_sig,0.0,0.0,infer
63,58,adjusted_gaze_non_sig,0.0,0.0,infer
63,59,adjusted_gaze_non_sig,0.0,0.0,infer
63,60,adjusted_gaze_non_sig,0.0,0.0,infer
63,61,adjusted_gaze_non_sig,0.0,0.0,infer
63,62,adjusted_gaze_non_sig,0.0,0.0,infer
63,63,adjusted_gaze_non_sig,0.0,0.0,infer
63,64,adjusted_gaze_non_sig,0.0,0.0,infer
63,1,adjusted_fix_sig,0.5704825714285715,1.0,infer
63,2,adjusted_fix_sig,0.6598746666666667,0.0,infer
63,3,adjusted_fix_sig,0.30574583333333333,0.0,infer
63,4,adjusted_fix_sig,0.425,0.0,infer
63,5,adjusted_fix_sig,2.9051914,0.0,infer
63,6,adjusted_fix_sig,0.8669013333333334,0.0,infer
63,7,adjusted_fix_sig,0.10787605,2.0,infer
63,8,adjusted_fix_sig,0.241187,0.0,infer
63,9,adjusted_fix_sig,0.6465266,0.0,infer
63,10,adjusted_fix_sig,1.10297925,1.0,infer
63,11,adjusted_fix_sig,1.2598273333333332,0.0,infer
63,12,adjusted_fix_sig,0.5756184,0.0,infer
63,13,adjusted_fix_sig,6.436988833333333,0.0,infer
63,14,adjusted_fix_sig,0.0,0.0,infer
63,15,adjusted_fix_sig,0.6469865333333333,0.0,infer
63,16,adjusted_fix_sig,0.6525656666666667,0.0,infer
63,17,adjusted_fix_sig,1.0895208333333335,0.0,infer
63,18,adjusted_fix_sig,1.61501335,0.0,infer
63,19,adjusted_fix_sig,0.468504,0.0,infer
63,20,adjusted_fix_sig,0.0,0.0,infer
63,21,adjusted_fix_sig,0.0,0.0,infer
63,22,adjusted_fix_sig,0.369805775,0.0,infer
63,23,adjusted_fix_sig,0.3446160625,0.0,infer
63,24,adjusted_fix_sig,0.782111025,0.0,infer
63,25,adjusted_fix_sig,0.6956899999999999,0.0,infer
63,26,adjusted_fix_sig,0.0788045,0.0,infer
63,27,adjusted_fix_sig,0.0,0.0,infer
63,28,adjusted_fix_sig,0.95,0.0,infer
63,29,adjusted_fix_sig,0.319328,0.0,infer
63,30,adjusted_fix_sig,1.070199575,0.0,infer
63,31,adjusted_fix_sig,0.359252225,0.0,infer
63,32,adjusted_fix_sig,0.7660482500000001,0.0,infer
63,33,adjusted_fix_sig,1.44020525,0.0,infer
63,34,adjusted_fix_sig,0.8920514444444445,0.0,infer
63,35,adjusted_fix_sig,0.6372011142857142,0.0,infer
63,36,adjusted_fix_sig,0.5316787142857143,0.0,infer
63,37,adjusted_fix_sig,0.828344,0.0,infer
63,38,adjusted_fix_sig,0.5885861666666666,0.0,infer
63,39,adjusted_fix_sig,0.7586309714285715,0.0,infer
63,40,adjusted_fix_sig,0.9255011428571428,0.0,infer
63,41,adjusted_fix_sig,0.0,0.0,infer
63,42,adjusted_fix_sig,0.0,0.0,infer
63,43,adjusted_fix_sig,0.0,0.0,infer
63,44,adjusted_fix_sig,0.0,0.0,infer
63,45,adjusted_fix_sig,0.0,0.0,infer
63,46,adjusted_fix_sig,0.0,0.0,infer
63,47,adjusted_fix_sig,0.0,0.0,infer
63,48,adjusted_fix_sig,0.0,0.0,infer
63,49,adjusted_fix_sig,0.0,0.0,infer
63,50,adjusted_fix_sig,0.0,0.0,infer
63,51,adjusted_fix_sig,0.0,0.0,infer
63,52,adjusted_fix_sig,0.0,0.0,infer
63,53,adjusted_fix_sig,0.0,0.0,infer
63,54,adjusted_fix_sig,0.0,0.0,infer
63,55,adjusted_fix_sig,0.0,0.0,infer
63,56,adjusted_fix_sig,0.0,0.0,infer
63,57,adjusted_fix_sig,0.0,0.0,infer
63,58,adjusted_fix_sig,0.0,0.0,infer
63,59,adjusted_fix_sig,0.0,0.0,infer
63,60,adjusted_fix_sig,0.0,0.0,infer
63,61,adjusted_fix_sig,0.0,0.0,infer
63,62,adjusted_fix_sig,0.0,0.0,infer
63,63,adjusted_fix_sig,0.0,0.0,infer
63,64,adjusted_fix_sig,0.0,0.0,infer
63,1,adjusted_fix_non_sig,1.022847142857143,1.0,infer
63,2,adjusted_fix_non_sig,1.0680243333333332,0.0,infer
63,3,adjusted_fix_non_sig,1.06171,0.0,infer
63,4,adjusted_fix_non_sig,1.03594,0.0,infer
63,5,adjusted_fix_non_sig,0.7713774,0.0,infer
63,6,adjusted_fix_non_sig,1.0115040000000002,0.0,infer
63,7,adjusted_fix_non_sig,1.2294025,2.0,infer
63,8,adjusted_fix_non_sig,1.20358,0.0,infer
63,9,adjusted_fix_non_sig,1.0321358,0.0,infer
63,10,adjusted_fix_non_sig,0.98339175,1.0,infer
63,11,adjusted_fix_non_sig,0.9566937333333334,0.0,infer
63,12,adjusted_fix_non_sig,1.067363,0.0,infer
63,13,adjusted_fix_non_sig,0.6250355,0.0,infer
63,14,adjusted_fix_non_sig,1.06452,0.0,infer
63,15,adjusted_fix_non_sig,1.0489339999999998,0.0,infer
63,16,adjusted_fix_non_sig,1.0599005000000001,0.0,infer
63,17,adjusted_fix_non_sig,0.9452923333333333,0.0,infer
63,18,adjusted_fix_non_sig,0.9863329999999999,0.0,infer
63,19,adjusted_fix_non_sig,1.03322,0.0,infer
63,20,adjusted_fix_non_sig,1.13636,0.0,infer
63,21,adjusted_fix_non_sig,1.35294,0.0,infer
63,22,adjusted_fix_non_sig,1.0550675,0.0,infer
63,23,adjusted_fix_non_sig,1.2048075,0.0,infer
63,24,adjusted_fix_non_sig,1.0106297499999999,0.0,infer
63,25,adjusted_fix_non_sig,1.027663,0.0,infer
63,26,adjusted_fix_non_sig,1.14739,0.0,infer
63,27,adjusted_fix_non_sig,1.075,0.0,infer
63,28,adjusted_fix_non_sig,1.005884,0.0,infer
63,29,adjusted_fix_non_sig,1.0800800000000002,0.0,infer
63,30,adjusted_fix_non_sig,0.99375925,0.0,infer
63,31,adjusted_fix_non_sig,1.07234375,0.0,infer
63,32,adjusted_fix_non_sig,1.01264575,0.0,infer
63,33,adjusted_fix_non_sig,0.9768306250000001,0.0,infer
63,34,adjusted_fix_non_sig,1.01012,0.0,infer
63,35,adjusted_fix_non_sig,1.036279857142857,0.0,infer
63,36,adjusted_fix_non_sig,1.0246478571428572,0.0,infer
63,37,adjusted_fix_non_sig,1.0184845,0.0,infer
63,38,adjusted_fix_non_sig,1.0385704999999998,0.0,infer
63,39,adjusted_fix_non_sig,1.0295549999999998,0.0,infer
63,40,adjusted_fix_non_sig,1.0021907142857143,0.0,infer
63,41,adjusted_fix_non_sig,0.0,0.0,infer
63,42,adjusted_fix_non_sig,0.0,0.0,infer
63,43,adjusted_fix_non_sig,0.0,0.0,infer
63,44,adjusted_fix_non_sig,0.0,0.0,infer
63,45,adjusted_fix_non_sig,0.0,0.0,infer
63,46,adjusted_fix_non_sig,0.0,0.0,infer
63,47,adjusted_fix_non_sig,0.0,0.0,infer
63,48,adjusted_fix_non_sig,0.0,0.0,infer
63,49,adjusted_fix_non_sig,0.0,0.0,infer
63,50,adjusted_fix_non_sig,0.0,0.0,infer
63,51,adjusted_fix_non_sig,0.0,0.0,infer
63,52,adjusted_fix_non_sig,0.0,0.0,infer
63,53,adjusted_fix_non_sig,0.0,0.0,infer
63,54,adjusted_fix_non_sig,0.0,0.0,infer
63,55,adjusted_fix_non_sig,0.0,0.0,infer
63,56,adjusted_fix_non_sig,0.0,0.0,infer
63,57,adjusted_fix_non_sig,0.0,0.0,infer
63,58,adjusted_fix_non_sig,0.0,0.0,infer
63,59,adjusted_fix_non_sig,0.0,0.0,infer
63,60,adjusted_fix_non_sig,0.0,0.0,infer
63,61,adjusted_fix_non_sig,0.0,0.0,infer
63,62,adjusted_fix_non_sig,0.0,0.0,infer
63,63,adjusted_fix_non_sig,0.0,0.0,infer
63,64,adjusted_fix_non_sig,0.0,0.0,infer
63,1,adjusted_gaze_flow,0.8939634285714285,1.0,infer
63,2,adjusted_gaze_flow,1.5909683333333333,0.0,infer
63,3,adjusted_gaze_flow,1.4814991666666668,0.0,infer
63,4,adjusted_gaze_flow,0.8340995,0.0,infer
63,5,adjusted_gaze_flow,0.8475556666666666,0.0,infer
63,6,adjusted_gaze_flow,1.78484475,0.0,infer
63,7,adjusted_gaze_flow,0.0,2.0,infer
63,8,adjusted_gaze_flow,1.467374,0.0,infer
63,9,adjusted_gaze_flow,1.7880827750000001,0.0,infer
63,10,adjusted_gaze_flow,1.1948017333333332,1.0,infer
63,11,adjusted_gaze_flow,1.4922766,0.0,infer
63,12,adjusted_gaze_flow,0.5471588333333334,0.0,infer
63,13,adjusted_gaze_flow,0.271832,0.0,infer
63,14,adjusted_gaze_flow,1.4582316666666666,0.0,infer
63,15,adjusted_gaze_flow,1.6839356666666665,0.0,infer
63,16,adjusted_gaze_flow,0.6687440000000001,0.0,infer
63,17,adjusted_gaze_flow,0.91335,0.0,infer
63,18,adjusted_gaze_flow,1.309525,0.0,infer
63,19,adjusted_gaze_flow,2.64243,0.0,infer
63,20,adjusted_gaze_flow,0.584649,0.0,infer
63,21,adjusted_gaze_flow,0.953450875,0.0,infer
63,22,adjusted_gaze_flow,1.2158466250000002,0.0,infer
63,23,adjusted_gaze_flow,0.664894375,0.0,infer
63,24,adjusted_gaze_flow,0.39904100000000003,0.0,infer
63,25,adjusted_gaze_flow,1.2139950000000002,0.0,infer
63,26,adjusted_gaze_flow,1.396597,0.0,infer
63,27,adjusted_gaze_flow,0.59716,0.0,infer
63,28,adjusted_gaze_flow,0.737054,0.0,infer
63,29,adjusted_gaze_flow,1.049636,0.0,infer
63,30,adjusted_gaze_flow,2.0015175000000003,0.0,infer
63,31,adjusted_gaze_flow,0.9105668750000001,0.0,infer
63,32,adjusted_gaze_flow,1.62674875,0.0,infer
63,33,adjusted_gaze_flow,0.8239138888888888,0.0,infer
63,34,adjusted_gaze_flow,0.9286387142857143,0.0,infer
63,35,adjusted_gaze_flow,1.2251139999999998,0.0,infer
63,36,adjusted_gaze_flow,1.3266493333333333,0.0,infer
63,37,adjusted_gaze_flow,0.841827,0.0,infer
63,38,adjusted_gaze_flow,0.7460811428571429,0.0,infer
63,39,adjusted_gaze_flow,0.0,0.0,infer
63,40,adjusted_gaze_flow,0.0,0.0,infer
63,41,adjusted_gaze_flow,0.0,0.0,infer
63,42,adjusted_gaze_flow,0.0,0.0,infer
63,43,adjusted_gaze_flow,0.0,0.0,infer
63,44,adjusted_gaze_flow,0.0,0.0,infer
63,45,adjusted_gaze_flow,0.0,0.0,infer
63,46,adjusted_gaze_flow,0.0,0.0,infer
63,47,adjusted_gaze_flow,0.0,0.0,infer
63,48,adjusted_gaze_flow,0.0,0.0,infer
63,49,adjusted_gaze_flow,0.0,0.0,infer
63,50,adjusted_gaze_flow,0.0,0.0,infer
63,51,adjusted_gaze_flow,0.0,0.0,infer
63,52,adjusted_gaze_flow,0.0,0.0,infer
63,53,adjusted_gaze_flow,0.0,0.0,infer
63,54,adjusted_gaze_flow,0.0,0.0,infer
63,55,adjusted_gaze_flow,0.0,0.0,infer
63,56,adjusted_gaze_flow,0.0,0.0,infer
63,57,adjusted_gaze_flow,0.0,0.0,infer
63,58,adjusted_gaze_flow,0.0,0.0,infer
63,59,adjusted_gaze_flow,0.0,0.0,infer
63,60,adjusted_gaze_flow,0.0,0.0,infer
63,61,adjusted_gaze_flow,0.0,0.0,infer
63,62,adjusted_gaze_flow,0.0,0.0,infer
63,63,adjusted_gaze_flow,0.0,0.0,infer
63,64,adjusted_gaze_flow,0.0,0.0,infer
63,1,adjusted_gaze_non_flow,1.0452225714285714,1.0,infer
63,2,adjusted_gaze_non_flow,0.8153225000000001,0.0,infer
63,3,adjusted_gaze_non_flow,0.9060483333333332,0.0,infer
63,4,adjusted_gaze_non_flow,1.1235435,0.0,infer
63,5,adjusted_gaze_non_flow,1.2018866666666668,0.0,infer
63,6,adjusted_gaze_non_flow,0.9607587500000001,0.0,infer
63,7,adjusted_gaze_non_flow,1.02222,2.0,infer
63,8,adjusted_gaze_non_flow,0.8504400000000001,0.0,infer
63,9,adjusted_gaze_non_flow,0.97748425,0.0,infer
63,10,adjusted_gaze_non_flow,0.9503439333333333,1.0,infer
63,11,adjusted_gaze_non_flow,0.9097497999999999,0.0,infer
63,12,adjusted_gaze_non_flow,1.1378205,0.0,infer
63,13,adjusted_gaze_non_flow,1.21845,0.0,infer
63,14,adjusted_gaze_non_flow,0.7639411666666667,0.0,infer
63,15,adjusted_gaze_non_flow,0.9316063333333333,0.0,infer
63,16,adjusted_gaze_non_flow,1.0451714999999997,0.0,infer
63,17,adjusted_gaze_non_flow,1.032905,0.0,infer
63,18,adjusted_gaze_non_flow,0.850228,0.0,infer
63,19,adjusted_gaze_non_flow,0.850688,0.0,infer
63,20,adjusted_gaze_non_flow,1.06558,0.0,infer
63,21,adjusted_gaze_non_flow,1.01070075,0.0,infer
63,22,adjusted_gaze_non_flow,0.9877821250000001,0.0,infer
63,23,adjusted_gaze_non_flow,1.5445462499999998,0.0,infer
63,24,adjusted_gaze_non_flow,1.1155650000000001,0.0,infer
63,25,adjusted_gaze_non_flow,0.940281,0.0,infer
63,26,adjusted_gaze_non_flow,0.9228835,0.0,infer
63,27,adjusted_gaze_non_flow,1.1272135,0.0,infer
63,28,adjusted_gaze_non_flow,1.08452,0.0,infer
63,29,adjusted_gaze_non_flow,0.9702204999999999,0.0,infer
63,30,adjusted_gaze_non_flow,0.788140625,0.0,infer
63,31,adjusted_gaze_non_flow,1.0505493750000001,0.0,infer
63,32,adjusted_gaze_non_flow,0.87032775,0.0,infer
63,33,adjusted_gaze_non_flow,1.344346888888889,0.0,infer
63,34,adjusted_gaze_non_flow,1.0558482857142857,0.0,infer
63,35,adjusted_gaze_non_flow,0.9389531249999999,0.0,infer
63,36,adjusted_gaze_non_flow,0.9216045,0.0,infer
63,37,adjusted_gaze_non_flow,1.036784,0.0,infer
63,38,adjusted_gaze_non_flow,1.0149342857142856,0.0,infer
63,39,adjusted_gaze_non_flow,0.0,0.0,infer
63,40,adjusted_gaze_non_flow,0.0,0.0,infer
63,41,adjusted_gaze_non_flow,0.0,0.0,infer
63,42,adjusted_gaze_non_flow,0.0,0.0,infer
63,43,adjusted_gaze_non_flow,0.0,0.0,infer
63,44,adjusted_gaze_non_flow,0.0,0.0,infer
63,45,adjusted_gaze_non_flow,0.0,0.0,infer
63,46,adjusted_gaze_non_flow,0.0,0.0,infer
63,47,adjusted_gaze_non_flow,0.0,0.0,infer
63,48,adjusted_gaze_non_flow,0.0,0.0,infer
63,49,adjusted_gaze_non_flow,0.0,0.0,infer
63,50,adjusted_gaze_non_flow,0.0,0.0,infer
63,51,adjusted_gaze_non_flow,0.0,0.0,infer
63,52,adjusted_gaze_non_flow,0.0,0.0,infer
63,53,adjusted_gaze_non_flow,0.0,0.0,infer
63,54,adjusted_gaze_non_flow,0.0,0.0,infer
63,55,adjusted_gaze_non_flow,0.0,0.0,infer
63,56,adjusted_gaze_non_flow,0.0,0.0,infer
63,57,adjusted_gaze_non_flow,0.0,0.0,infer
63,58,adjusted_gaze_non_flow,0.0,0.0,infer
63,59,adjusted_gaze_non_flow,0.0,0.0,infer
63,60,adjusted_gaze_non_flow,0.0,0.0,infer
63,61,adjusted_gaze_non_flow,0.0,0.0,infer
63,62,adjusted_gaze_non_flow,0.0,0.0,infer
63,63,adjusted_gaze_non_flow,0.0,0.0,infer
63,64,adjusted_gaze_non_flow,0.0,0.0,infer
63,1,adjusted_fix_flow,0.8996162857142859,1.0,infer
63,2,adjusted_fix_flow,1.550205,0.0,infer
63,3,adjusted_fix_flow,1.4372716666666667,0.0,infer
63,4,adjusted_fix_flow,0.831264,0.0,infer
63,5,adjusted_fix_flow,0.9216433333333334,0.0,infer
63,6,adjusted_fix_flow,2.3485692499999997,0.0,infer
63,7,adjusted_fix_flow,0.0,2.0,infer
63,8,adjusted_fix_flow,1.495002,0.0,infer
63,9,adjusted_fix_flow,1.79808875,0.0,infer
63,10,adjusted_fix_flow,1.243632,1.0,infer
63,11,adjusted_fix_flow,1.6806484000000002,0.0,infer
63,12,adjusted_fix_flow,0.7300476666666667,0.0,infer
63,13,adjusted_fix_flow,0.236364,0.0,infer
63,14,adjusted_fix_flow,1.4864766666666667,0.0,infer
63,15,adjusted_fix_flow,1.6561683333333335,0.0,infer
63,16,adjusted_fix_flow,0.9332984999999999,0.0,infer
63,17,adjusted_fix_flow,0.9798629999999999,0.0,infer
63,18,adjusted_fix_flow,1.44657,0.0,infer
63,19,adjusted_fix_flow,2.64935,0.0,infer
63,20,adjusted_fix_flow,0.698413,0.0,infer
63,21,adjusted_fix_flow,0.998019125,0.0,infer
63,22,adjusted_fix_flow,1.414336375,0.0,infer
63,23,adjusted_fix_flow,0.64260675,0.0,infer
63,24,adjusted_fix_flow,0.525893,0.0,infer
63,25,adjusted_fix_flow,1.39352,0.0,infer
63,26,adjusted_fix_flow,1.5599625,0.0,infer
63,27,adjusted_fix_flow,0.520835,0.0,infer
63,28,adjusted_fix_flow,0.814161,0.0,infer
63,29,adjusted_fix_flow,1.0257467500000002,0.0,infer
63,30,adjusted_fix_flow,2.060645,0.0,infer
63,31,adjusted_fix_flow,1.028306,0.0,infer
63,32,adjusted_fix_flow,1.5692050000000002,0.0,infer
63,33,adjusted_fix_flow,0.8923857777777777,0.0,infer
63,34,adjusted_fix_flow,0.8557254285714286,0.0,infer
63,35,adjusted_fix_flow,1.340073,0.0,infer
63,36,adjusted_fix_flow,1.4290046666666665,0.0,infer
63,37,adjusted_fix_flow,1.0569911428571428,0.0,infer
63,38,adjusted_fix_flow,0.7603277142857143,0.0,infer
63,39,adjusted_fix_flow,0.0,0.0,infer
63,40,adjusted_fix_flow,0.0,0.0,infer
63,41,adjusted_fix_flow,0.0,0.0,infer
63,42,adjusted_fix_flow,0.0,0.0,infer
63,43,adjusted_fix_flow,0.0,0.0,infer
63,44,adjusted_fix_flow,0.0,0.0,infer
63,45,adjusted_fix_flow,0.0,0.0,infer
63,46,adjusted_fix_flow,0.0,0.0,infer
63,47,adjusted_fix_flow,0.0,0.0,infer
63,48,adjusted_fix_flow,0.0,0.0,infer
63,49,adjusted_fix_flow,0.0,0.0,infer
63,50,adjusted_fix_flow,0.0,0.0,infer
63,51,adjusted_fix_flow,0.0,0.0,infer
63,52,adjusted_fix_flow,0.0,0.0,infer
63,53,adjusted_fix_flow,0.0,0.0,infer
63,54,adjusted_fix_flow,0.0,0.0,infer
63,55,adjusted_fix_flow,0.0,0.0,infer
63,56,adjusted_fix_flow,0.0,0.0,infer
63,57,adjusted_fix_flow,0.0,0.0,infer
63,58,adjusted_fix_flow,0.0,0.0,infer
63,59,adjusted_fix_flow,0.0,0.0,infer
63,60,adjusted_fix_flow,0.0,0.0,infer
63,61,adjusted_fix_flow,0.0,0.0,infer
63,62,adjusted_fix_flow,0.0,0.0,infer
63,63,adjusted_fix_flow,0.0,0.0,infer
63,64,adjusted_fix_flow,0.0,0.0,infer
63,1,adjusted_fix_non_flow,1.0428102857142858,1.0,infer
63,2,adjusted_fix_non_flow,0.8280616666666666,0.0,infer
63,3,adjusted_fix_non_flow,0.9146789999999999,0.0,infer
63,4,adjusted_fix_non_flow,1.125655,0.0,infer
63,5,adjusted_fix_non_flow,1.10377,0.0,infer
63,6,adjusted_fix_non_flow,0.932572,0.0,infer
63,7,adjusted_fix_non_flow,1.02222,2.0,infer
63,8,adjusted_fix_non_flow,0.8415996,0.0,infer
63,9,adjusted_fix_non_flow,0.9771967500000001,0.0,infer
63,10,adjusted_fix_non_flow,0.9378979333333334,1.0,infer
63,11,adjusted_fix_non_flow,0.8752138,0.0,infer
63,12,adjusted_fix_non_flow,1.0821593333333333,0.0,infer
63,13,adjusted_fix_non_flow,1.22909,0.0,infer
63,14,adjusted_fix_non_flow,0.7493910833333334,0.0,infer
63,15,adjusted_fix_non_flow,0.9343831666666667,0.0,infer
63,16,adjusted_fix_non_flow,1.0090931666666665,0.0,infer
63,17,adjusted_fix_non_flow,1.0076465,0.0,infer
63,18,adjusted_fix_non_flow,0.7839175,0.0,infer
63,19,adjusted_fix_non_flow,0.850059,0.0,infer
63,20,adjusted_fix_non_flow,1.04762,0.0,infer
63,21,adjusted_fix_non_flow,1.000455375,0.0,infer
63,22,adjusted_fix_non_flow,0.9765472500000001,0.0,infer
63,23,adjusted_fix_non_flow,1.580765,0.0,infer
63,24,adjusted_fix_non_flow,1.091175,0.0,infer
63,25,adjusted_fix_non_flow,0.8901805,0.0,infer
63,26,adjusted_fix_non_flow,0.8911195,0.0,infer
63,27,adjusted_fix_non_flow,1.151316,0.0,infer
63,28,adjusted_fix_non_flow,1.05973,0.0,infer
63,29,adjusted_fix_non_flow,0.9845515,0.0,infer
63,30,adjusted_fix_non_flow,0.775632375,0.0,infer
63,31,adjusted_fix_non_flow,0.9840011249999999,0.0,infer
63,32,adjusted_fix_non_flow,0.8822336249999999,0.0,infer
63,33,adjusted_fix_non_flow,1.2104448888888888,0.0,infer
63,34,adjusted_fix_non_flow,1.1129104285714284,0.0,infer
63,35,adjusted_fix_non_flow,0.9077762500000001,0.0,infer
63,36,adjusted_fix_non_flow,0.8970391666666666,0.0,infer
63,37,adjusted_fix_non_flow,0.9867467142857143,0.0,infer
63,38,adjusted_fix_non_flow,1.014098142857143,0.0,infer
63,39,adjusted_fix_non_flow,0.0,0.0,infer
63,40,adjusted_fix_non_flow,0.0,0.0,infer
63,41,adjusted_fix_non_flow,0.0,0.0,infer
63,42,adjusted_fix_non_flow,0.0,0.0,infer
63,43,adjusted_fix_non_flow,0.0,0.0,infer
63,44,adjusted_fix_non_flow,0.0,0.0,infer
63,45,adjusted_fix_non_flow,0.0,0.0,infer
63,46,adjusted_fix_non_flow,0.0,0.0,infer
63,47,adjusted_fix_non_flow,0.0,0.0,infer
63,48,adjusted_fix_non_flow,0.0,0.0,infer
63,49,adjusted_fix_non_flow,0.0,0.0,infer
63,50,adjusted_fix_non_flow,0.0,0.0,infer
63,51,adjusted_fix_non_flow,0.0,0.0,infer
63,52,adjusted_fix_non_flow,0.0,0.0,infer
63,53,adjusted_fix_non_flow,0.0,0.0,infer
63,54,adjusted_fix_non_flow,0.0,0.0,infer
63,55,adjusted_fix_non_flow,0.0,0.0,infer
63,56,adjusted_fix_non_flow,0.0,0.0,infer
63,57,adjusted_fix_non_flow,0.0,0.0,infer
63,58,adjusted_fix_non_flow,0.0,0.0,infer
63,59,adjusted_fix_non_flow,0.0,0.0,infer
63,60,adjusted_fix_non_flow,0.0,0.0,infer
63,61,adjusted_fix_non_flow,0.0,0.0,infer
63,62,adjusted_fix_non_flow,0.0,0.0,infer
63,63,adjusted_fix_non_flow,0.0,0.0,infer
63,64,adjusted_fix_non_flow,0.0,0.0,infer
63,1,adjusted_gaze_call,1.3207982857142857,1.0,infer
63,2,adjusted_gaze_call,1.3130311666666667,0.0,infer
63,3,adjusted_gaze_call,0.9968253333333333,0.0,infer
63,4,adjusted_gaze_call,1.031472,0.0,infer
63,5,adjusted_gaze_call,1.1174448,0.0,infer
63,6,adjusted_gaze_call,0.7654860000000001,0.0,infer
63,7,adjusted_gaze_call,1.4630325000000002,2.0,infer
63,8,adjusted_gaze_call,1.26103,0.0,infer
63,9,adjusted_gaze_call,0.9923811999999999,0.0,infer
63,10,adjusted_gaze_call,1.145975,1.0,infer
63,11,adjusted_gaze_call,1.0657764,0.0,infer
63,12,adjusted_gaze_call,1.363254,0.0,infer
63,13,adjusted_gaze_call,0.7502295000000001,0.0,infer
63,14,adjusted_gaze_call,1.23122,0.0,infer
63,15,adjusted_gaze_call,0.7226378333333335,0.0,infer
63,16,adjusted_gaze_call,1.1199156666666668,0.0,infer
63,17,adjusted_gaze_call,0.7965374333333334,0.0,infer
63,18,adjusted_gaze_call,1.49011,0.0,infer
63,19,adjusted_gaze_call,1.1109274999999998,0.0,infer
63,20,adjusted_gaze_call,1.48593,0.0,infer
63,21,adjusted_gaze_call,2.22419,0.0,infer
63,22,adjusted_gaze_call,1.171768,0.0,infer
63,23,adjusted_gaze_call,0.570859375,0.0,infer
63,24,adjusted_gaze_call,1.9959475000000002,0.0,infer
63,25,adjusted_gaze_call,1.577285,0.0,infer
63,26,adjusted_gaze_call,1.76128,0.0,infer
63,27,adjusted_gaze_call,2.319255,0.0,infer
63,28,adjusted_gaze_call,1.192862,0.0,infer
63,29,adjusted_gaze_call,0.9691810000000001,0.0,infer
63,30,adjusted_gaze_call,1.1555195,0.0,infer
63,31,adjusted_gaze_call,0.8852586250000001,0.0,infer
63,32,adjusted_gaze_call,2.61380875,0.0,infer
63,33,adjusted_gaze_call,1.329637375,0.0,infer
63,34,adjusted_gaze_call,1.6969304444444444,0.0,infer
63,35,adjusted_gaze_call,1.2604557142857142,0.0,infer
63,36,adjusted_gaze_call,1.387386857142857,0.0,infer
63,37,adjusted_gaze_call,1.166334625,0.0,infer
63,38,adjusted_gaze_call,1.15456,0.0,infer
63,39,adjusted_gaze_call,1.4981557142857145,0.0,infer
63,40,adjusted_gaze_call,1.1509637142857143,0.0,infer
63,41,adjusted_gaze_call,0.0,0.0,infer
63,42,adjusted_gaze_call,0.0,0.0,infer
63,43,adjusted_gaze_call,0.0,0.0,infer
63,44,adjusted_gaze_call,0.0,0.0,infer
63,45,adjusted_gaze_call,0.0,0.0,infer
63,46,adjusted_gaze_call,0.0,0.0,infer
63,47,adjusted_gaze_call,0.0,0.0,infer
63,48,adjusted_gaze_call,0.0,0.0,infer
63,49,adjusted_gaze_call,0.0,0.0,infer
63,50,adjusted_gaze_call,0.0,0.0,infer
63,51,adjusted_gaze_call,0.0,0.0,infer
63,52,adjusted_gaze_call,0.0,0.0,infer
63,53,adjusted_gaze_call,0.0,0.0,infer
63,54,adjusted_gaze_call,0.0,0.0,infer
63,55,adjusted_gaze_call,0.0,0.0,infer
63,56,adjusted_gaze_call,0.0,0.0,infer
63,57,adjusted_gaze_call,0.0,0.0,infer
63,58,adjusted_gaze_call,0.0,0.0,infer
63,59,adjusted_gaze_call,0.0,0.0,infer
63,60,adjusted_gaze_call,0.0,0.0,infer
63,61,adjusted_gaze_call,0.0,0.0,infer
63,62,adjusted_gaze_call,0.0,0.0,infer
63,63,adjusted_gaze_call,0.0,0.0,infer
63,64,adjusted_gaze_call,0.0,0.0,infer
63,1,adjusted_gaze_non_call,0.839600857142857,1.0,infer
63,2,adjusted_gaze_non_call,0.9373936666666666,0.0,infer
63,3,adjusted_gaze_non_call,1.0035863333333335,0.0,infer
63,4,adjusted_gaze_non_call,0.9792270000000001,0.0,infer
63,5,adjusted_gaze_non_call,0.9428650000000001,0.0,infer
63,6,adjusted_gaze_non_call,1.0316910000000001,0.0,infer
63,7,adjusted_gaze_non_call,0.4443625,2.0,infer
63,8,adjusted_gaze_non_call,0.738974,0.0,infer
63,9,adjusted_gaze_non_call,1.0106646,0.0,infer
63,10,adjusted_gaze_non_call,0.84543875,1.0,infer
63,11,adjusted_gaze_non_call,0.9446091333333333,0.0,infer
63,12,adjusted_gaze_non_call,0.7430656000000001,0.0,infer
63,13,adjusted_gaze_non_call,1.2664225,0.0,infer
63,14,adjusted_gaze_non_call,0.867872,0.0,infer
63,15,adjusted_gaze_non_call,1.1158608333333337,0.0,infer
63,16,adjusted_gaze_non_call,0.854389,0.0,infer
63,17,adjusted_gaze_non_call,1.0915588333333333,0.0,infer
63,18,adjusted_gaze_non_call,0.6707650000000001,0.0,infer
63,19,adjusted_gaze_non_call,0.9096124999999999,0.0,infer
63,20,adjusted_gaze_non_call,0.670265,0.0,infer
63,21,adjusted_gaze_non_call,0.21302,0.0,infer
63,22,adjusted_gaze_non_call,0.87458125,0.0,infer
63,23,adjusted_gaze_non_call,1.146536625,0.0,infer
63,24,adjusted_gaze_non_call,0.61447175,0.0,infer
63,25,adjusted_gaze_non_call,0.6943794999999999,0.0,infer
63,26,adjusted_gaze_non_call,0.7281135,0.0,infer
63,27,adjusted_gaze_non_call,0.72705,0.0,infer
63,28,adjusted_gaze_non_call,0.78570685,0.0,infer
63,29,adjusted_gaze_non_call,1.018761,0.0,infer
63,30,adjusted_gaze_non_call,0.88336025,0.0,infer
63,31,adjusted_gaze_non_call,1.15035125,0.0,infer
63,32,adjusted_gaze_non_call,0.6772382499999999,0.0,infer
63,33,adjusted_gaze_non_call,0.7802422499999999,0.0,infer
63,34,adjusted_gaze_non_call,0.9502195555555555,0.0,infer
63,35,adjusted_gaze_non_call,0.8511685714285714,0.0,infer
63,36,adjusted_gaze_non_call,0.567039,0.0,infer
63,37,adjusted_gaze_non_call,0.8995065,0.0,infer
63,38,adjusted_gaze_non_call,0.8754933333333333,0.0,infer
63,39,adjusted_gaze_non_call,0.6419508571428573,0.0,infer
63,40,adjusted_gaze_non_call,0.7052595714285713,0.0,infer
63,41,adjusted_gaze_non_call,0.0,0.0,infer
63,42,adjusted_gaze_non_call,0.0,0.0,infer
63,43,adjusted_gaze_non_call,0.0,0.0,infer
63,44,adjusted_gaze_non_call,0.0,0.0,infer
63,45,adjusted_gaze_non_call,0.0,0.0,infer
63,46,adjusted_gaze_non_call,0.0,0.0,infer
63,47,adjusted_gaze_non_call,0.0,0.0,infer
63,48,adjusted_gaze_non_call,0.0,0.0,infer
63,49,adjusted_gaze_non_call,0.0,0.0,infer
63,50,adjusted_gaze_non_call,0.0,0.0,infer
63,51,adjusted_gaze_non_call,0.0,0.0,infer
63,52,adjusted_gaze_non_call,0.0,0.0,infer
63,53,adjusted_gaze_non_call,0.0,0.0,infer
63,54,adjusted_gaze_non_call,0.0,0.0,infer
63,55,adjusted_gaze_non_call,0.0,0.0,infer
63,56,adjusted_gaze_non_call,0.0,0.0,infer
63,57,adjusted_gaze_non_call,0.0,0.0,infer
63,58,adjusted_gaze_non_call,0.0,0.0,infer
63,59,adjusted_gaze_non_call,0.0,0.0,infer
63,60,adjusted_gaze_non_call,0.0,0.0,infer
63,61,adjusted_gaze_non_call,0.0,0.0,infer
63,62,adjusted_gaze_non_call,0.0,0.0,infer
63,63,adjusted_gaze_non_call,0.0,0.0,infer
63,64,adjusted_gaze_non_call,0.0,0.0,infer
63,1,adjusted_fix_call,1.5315628571428572,1.0,infer
63,2,adjusted_fix_call,1.3597468333333333,0.0,infer
63,3,adjusted_fix_call,1.01612,0.0,infer
63,4,adjusted_fix_call,1.051205,0.0,infer
63,5,adjusted_fix_call,0.9722538000000001,0.0,infer
63,6,adjusted_fix_call,0.741572,0.0,infer
63,7,adjusted_fix_call,1.4210000000000003,2.0,infer
63,8,adjusted_fix_call,1.13846,0.0,infer
63,9,adjusted_fix_call,0.9836478,0.0,infer
63,10,adjusted_fix_call,1.21572,1.0,infer
63,11,adjusted_fix_call,1.0566778666666667,0.0,infer
63,12,adjusted_fix_call,1.211518,0.0,infer
63,13,adjusted_fix_call,0.7976386666666667,0.0,infer
63,14,adjusted_fix_call,1.2,0.0,infer
63,15,adjusted_fix_call,0.7751625833333334,0.0,infer
63,16,adjusted_fix_call,1.1032686666666667,0.0,infer
63,17,adjusted_fix_call,0.681917,0.0,infer
63,18,adjusted_fix_call,1.398075,0.0,infer
63,19,adjusted_fix_call,0.976522,0.0,infer
63,20,adjusted_fix_call,1.39643,0.0,infer
63,21,adjusted_fix_call,1.94709,0.0,infer
63,22,adjusted_fix_call,1.12094425,0.0,infer
63,23,adjusted_fix_call,0.4681375,0.0,infer
63,24,adjusted_fix_call,2.03806375,0.0,infer
63,25,adjusted_fix_call,1.87406,0.0,infer
63,26,adjusted_fix_call,1.49841,0.0,infer
63,27,adjusted_fix_call,1.9572349999999998,0.0,infer
63,28,adjusted_fix_call,1.152315,0.0,infer
63,29,adjusted_fix_call,0.820661,0.0,infer
63,30,adjusted_fix_call,1.2096974999999999,0.0,infer
63,31,adjusted_fix_call,0.8896772499999999,0.0,infer
63,32,adjusted_fix_call,2.4722350000000004,0.0,infer
63,33,adjusted_fix_call,1.42003725,0.0,infer
63,34,adjusted_fix_call,1.629032222222222,0.0,infer
63,35,adjusted_fix_call,1.3643342857142857,0.0,infer
63,36,adjusted_fix_call,1.4093742857142857,0.0,infer
63,37,adjusted_fix_call,1.124723,0.0,infer
63,38,adjusted_fix_call,1.1437178333333335,0.0,infer
63,39,adjusted_fix_call,1.52509,0.0,infer
63,40,adjusted_fix_call,1.1285195714285714,0.0,infer
63,41,adjusted_fix_call,0.0,0.0,infer
63,42,adjusted_fix_call,0.0,0.0,infer
63,43,adjusted_fix_call,0.0,0.0,infer
63,44,adjusted_fix_call,0.0,0.0,infer
63,45,adjusted_fix_call,0.0,0.0,infer
63,46,adjusted_fix_call,0.0,0.0,infer
63,47,adjusted_fix_call,0.0,0.0,infer
63,48,adjusted_fix_call,0.0,0.0,infer
63,49,adjusted_fix_call,0.0,0.0,infer
63,50,adjusted_fix_call,0.0,0.0,infer
63,51,adjusted_fix_call,0.0,0.0,infer
63,52,adjusted_fix_call,0.0,0.0,infer
63,53,adjusted_fix_call,0.0,0.0,infer
63,54,adjusted_fix_call,0.0,0.0,infer
63,55,adjusted_fix_call,0.0,0.0,infer
63,56,adjusted_fix_call,0.0,0.0,infer
63,57,adjusted_fix_call,0.0,0.0,infer
63,58,adjusted_fix_call,0.0,0.0,infer
63,59,adjusted_fix_call,0.0,0.0,infer
63,60,adjusted_fix_call,0.0,0.0,infer
63,61,adjusted_fix_call,0.0,0.0,infer
63,62,adjusted_fix_call,0.0,0.0,infer
63,63,adjusted_fix_call,0.0,0.0,infer
63,64,adjusted_fix_call,0.0,0.0,infer
63,1,adjusted_fix_non_call,0.7342182857142856,1.0,infer
63,2,adjusted_fix_non_call,0.9280510000000001,0.0,infer
63,3,adjusted_fix_non_call,0.9817771666666667,0.0,infer
63,4,adjusted_fix_non_call,0.966205,0.0,infer
63,5,adjusted_fix_non_call,1.0134994,0.0,infer
63,6,adjusted_fix_non_call,1.0349243333333333,0.0,infer
63,7,adjusted_fix_non_call,0.4948025,2.0,infer
63,8,adjusted_fix_non_call,0.861538,0.0,infer
63,9,adjusted_fix_non_call,1.0228922,0.0,infer
63,10,adjusted_fix_non_call,0.7715924999999999,1.0,infer
63,11,adjusted_fix_non_call,0.9522716666666667,0.0,infer
63,12,adjusted_fix_non_call,0.8503906000000001,0.0,infer
63,13,adjusted_fix_non_call,1.2158498333333332,0.0,infer
63,14,adjusted_fix_non_call,0.885714,0.0,infer
63,15,adjusted_fix_non_call,1.0939189999999999,0.0,infer
63,16,adjusted_fix_non_call,0.8746015000000001,0.0,infer
63,17,adjusted_fix_non_call,1.1431371666666668,0.0,infer
63,18,adjusted_fix_non_call,0.732591,0.0,infer
63,19,adjusted_fix_non_call,1.0191305000000002,0.0,infer
63,20,adjusted_fix_non_call,0.730991,0.0,infer
63,21,adjusted_fix_non_call,0.391156,0.0,infer
63,22,adjusted_fix_non_call,0.911691625,0.0,infer
63,23,adjusted_fix_non_call,1.181611875,0.0,infer
63,24,adjusted_fix_non_call,0.598169,0.0,infer
63,25,adjusted_fix_non_call,0.5372645,0.0,infer
63,26,adjusted_fix_non_call,0.8219965,0.0,infer
63,27,adjusted_fix_non_call,0.801951,0.0,infer
63,28,adjusted_fix_non_call,0.83075965,0.0,infer
63,29,adjusted_fix_non_call,1.109165,0.0,infer
63,30,adjusted_fix_non_call,0.8427250000000001,0.0,infer
63,31,adjusted_fix_non_call,1.1445604999999999,0.0,infer
63,32,adjusted_fix_non_call,0.70555325,0.0,infer
63,33,adjusted_fix_non_call,0.71997575,0.0,infer
63,34,adjusted_fix_non_call,0.9550685555555556,0.0,infer
63,35,adjusted_fix_non_call,0.7918085714285714,0.0,infer
63,36,adjusted_fix_non_call,0.5424632857142857,0.0,infer
63,37,adjusted_fix_non_call,0.92464825,0.0,infer
63,38,adjusted_fix_non_call,0.8842275,0.0,infer
63,39,adjusted_fix_non_call,0.6225907142857142,0.0,infer
63,40,adjusted_fix_non_call,0.7490825714285714,0.0,infer
63,41,adjusted_fix_non_call,0.0,0.0,infer
63,42,adjusted_fix_non_call,0.0,0.0,infer
63,43,adjusted_fix_non_call,0.0,0.0,infer
63,44,adjusted_fix_non_call,0.0,0.0,infer
63,45,adjusted_fix_non_call,0.0,0.0,infer
63,46,adjusted_fix_non_call,0.0,0.0,infer
63,47,adjusted_fix_non_call,0.0,0.0,infer
63,48,adjusted_fix_non_call,0.0,0.0,infer
63,49,adjusted_fix_non_call,0.0,0.0,infer
63,50,adjusted_fix_non_call,0.0,0.0,infer
63,51,adjusted_fix_non_call,0.0,0.0,infer
63,52,adjusted_fix_non_call,0.0,0.0,infer
63,53,adjusted_fix_non_call,0.0,0.0,infer
63,54,adjusted_fix_non_call,0.0,0.0,infer
63,55,adjusted_fix_non_call,0.0,0.0,infer
63,56,adjusted_fix_non_call,0.0,0.0,infer
63,57,adjusted_fix_non_call,0.0,0.0,infer
63,58,adjusted_fix_non_call,0.0,0.0,infer
63,59,adjusted_fix_non_call,0.0,0.0,infer
63,60,adjusted_fix_non_call,0.0,0.0,infer
63,61,adjusted_fix_non_call,0.0,0.0,infer
63,62,adjusted_fix_non_call,0.0,0.0,infer
63,63,adjusted_fix_non_call,0.0,0.0,infer
63,64,adjusted_fix_non_call,0.0,0.0,infer
9_gc,1,gap_accuracy,0.3958333333333333,0.0,infer
9_gc,2,gap_accuracy,0.2740740740740741,0.0,infer
9_gc,3,gap_accuracy,0.5,0.0,infer
9_gc,4,gap_accuracy,0.5238095238095238,0.0,infer
9_gc,5,gap_accuracy,0.48309178743961345,0.0,infer
9_gc,6,gap_accuracy,0.40211640211640215,0.0,infer
9_gc,7,gap_accuracy,0.36904761904761907,0.0,infer
9_gc,8,gap_accuracy,0.36666666666666675,0.0,infer
9_gc,9,gap_accuracy,0.46825396825396826,0.0,infer
9_gc,10,gap_accuracy,0.5253623188405797,0.0,infer
9_gc,1,readability_level_before,2.8125,0.0,infer
9_gc,2,readability_level_before,2.6,0.0,infer
9_gc,3,readability_level_before,2.6,0.0,infer
9_gc,4,readability_level_before,2.4285714285714284,0.0,infer
9_gc,5,readability_level_before,3.347826086956522,0.0,infer
9_gc,6,readability_level_before,3.0,0.0,infer
9_gc,7,readability_level_before,2.7857142857142856,0.0,infer
9_gc,8,readability_level_before,2.933333333333333,0.0,infer
9_gc,9,readability_level_before,3.380952380952381,0.0,infer
9_gc,10,readability_level_before,3.130434782608696,0.0,infer
9_gc,1,readability_level_ba,2.59375,0.0,infer
9_gc,2,readability_level_ba,2.433333333333333,0.0,infer
9_gc,3,readability_level_ba,2.566666666666667,0.0,infer
9_gc,4,readability_level_ba,2.5,0.0,infer
9_gc,5,readability_level_ba,3.1739130434782608,0.0,infer
9_gc,6,readability_level_ba,2.9285714285714284,0.0,infer
9_gc,7,readability_level_ba,2.5357142857142856,0.0,infer
9_gc,8,readability_level_ba,2.9,0.0,infer
9_gc,9,readability_level_ba,3.380952380952381,0.0,infer
9_gc,10,readability_level_ba,3.0652173913043477,0.0,infer
9_gc,1,time_to_read_complete,137.36374999999998,0.0,infer
9_gc,2,time_to_read_complete,123.19000000000001,0.0,infer
9_gc,3,time_to_read_complete,212.6206666666667,0.0,infer
9_gc,4,time_to_read_complete,202.57285714285715,0.0,infer
9_gc,5,time_to_read_complete,165.18,0.0,infer
9_gc,6,time_to_read_complete,197.07452380952378,0.0,infer
9_gc,7,time_to_read_complete,123.02642857142857,0.0,infer
9_gc,8,time_to_read_complete,533.914,0.0,infer
9_gc,9,time_to_read_complete,126.68928571428569,0.0,infer
9_gc,10,time_to_read_complete,124.68173913043479,0.0,infer
9_bc,1,gap_accuracy,0.3840579710144927,0.0,infer
9_bc,2,gap_accuracy,0.4074074074074074,0.0,infer
9_bc,3,gap_accuracy,0.611111111111111,0.0,infer
9_bc,4,gap_accuracy,0.5052083333333334,0.0,infer
9_bc,5,gap_accuracy,0.4126984126984127,0.0,infer
9_bc,6,gap_accuracy,0.3703703703703703,0.0,infer
9_bc,7,gap_accuracy,0.48958333333333337,0.0,infer
9_bc,8,gap_accuracy,0.44444444444444453,0.0,infer
9_bc,9,gap_accuracy,0.36666666666666664,0.0,infer
9_bc,10,gap_accuracy,0.39285714285714285,0.0,infer
9_bc,1,readability_level_before,2.739130434782609,0.0,infer
9_bc,2,readability_level_before,3.0,0.0,infer
9_bc,3,readability_level_before,2.6,0.0,infer
9_bc,4,readability_level_before,2.0,0.0,infer
9_bc,5,readability_level_before,2.642857142857143,0.0,infer
9_bc,6,readability_level_before,2.3333333333333335,0.0,infer
9_bc,7,readability_level_before,2.9375,0.0,infer
9_bc,8,readability_level_before,3.0,0.0,infer
9_bc,9,readability_level_before,2.4,0.0,infer
9_bc,10,readability_level_before,2.9285714285714284,0.0,infer
9_bc,1,readability_level_ba,2.717391304347826,0.0,infer
9_bc,2,readability_level_ba,2.857142857142857,0.0,infer
9_bc,3,readability_level_ba,2.533333333333333,0.0,infer
9_bc,4,readability_level_ba,1.96875,0.0,infer
9_bc,5,readability_level_ba,2.4642857142857144,0.0,infer
9_bc,6,readability_level_ba,2.1,0.0,infer
9_bc,7,readability_level_ba,2.8125,0.0,infer
9_bc,8,readability_level_ba,2.9,0.0,infer
9_bc,9,readability_level_ba,2.5,0.0,infer
9_bc,10,readability_level_ba,2.75,0.0,infer
9_bc,1,time_to_read_complete,143.56804347826088,0.0,infer
9_bc,2,time_to_read_complete,134.24785714285716,0.0,infer
9_bc,3,time_to_read_complete,161.12800000000001,0.0,infer
9_bc,4,time_to_read_complete,188.78187499999999,0.0,infer
9_bc,5,time_to_read_complete,184.00178571428572,0.0,infer
9_bc,6,time_to_read_complete,224.49699999999999,0.0,infer
9_bc,7,time_to_read_complete,106.00562500000001,0.0,infer
9_bc,8,time_to_read_complete,111.08466666666665,0.0,infer
9_bc,9,time_to_read_complete,102.94033333333333,0.0,infer
9_bc,10,time_to_read_complete,200.44,0.0,infer
9_nc,1,gap_accuracy,0.380952380952381,0.0,infer
9_nc,2,gap_accuracy,0.3259259259259259,0.0,infer
9_nc,3,gap_accuracy,0.6507936507936508,0.0,infer
9_nc,4,gap_accuracy,0.5253623188405797,0.0,infer
9_nc,5,gap_accuracy,0.4583333333333333,0.0,infer
9_nc,6,gap_accuracy,0.28148148148148144,0.0,infer
9_nc,7,gap_accuracy,0.43478260869565216,0.0,infer
9_nc,8,gap_accuracy,0.5158730158730158,0.0,infer
9_nc,9,gap_accuracy,0.2777777777777778,0.0,infer
9_nc,10,gap_accuracy,0.4635416666666667,0.0,infer
9_nc,1,readability_level_before,2.7142857142857144,0.0,infer
9_nc,2,readability_level_before,2.466666666666667,0.0,infer
9_nc,3,readability_level_before,2.2857142857142856,0.0,infer
9_nc,4,readability_level_before,2.347826086956522,0.0,infer
9_nc,5,readability_level_before,2.25,0.0,infer
9_nc,6,readability_level_before,2.7333333333333334,0.0,infer
9_nc,7,readability_level_before,2.3043478260869565,0.0,infer
9_nc,8,readability_level_before,2.6666666666666665,0.0,infer
9_nc,9,readability_level_before,2.933333333333333,0.0,infer
9_nc,10,readability_level_before,2.75,0.0,infer
9_nc,1,readability_level_ba,2.642857142857143,0.0,infer
9_nc,2,readability_level_ba,2.3333333333333335,0.0,infer
9_nc,3,readability_level_ba,2.261904761904762,0.0,infer
9_nc,4,readability_level_ba,2.3043478260869565,0.0,infer
9_nc,5,readability_level_ba,2.25,0.0,infer
9_nc,6,readability_level_ba,2.533333333333333,0.0,infer
9_nc,7,readability_level_ba,2.1956521739130435,0.0,infer
9_nc,8,readability_level_ba,2.5714285714285716,0.0,infer
9_nc,9,readability_level_ba,2.966666666666667,0.0,infer
9_nc,10,readability_level_ba,2.65625,0.0,infer
9_nc,1,time_to_read_complete,97.71571428571428,0.0,infer
9_nc,2,time_to_read_complete,131.76166666666668,0.0,infer
9_nc,3,time_to_read_complete,180.75071428571428,0.0,infer
9_nc,4,time_to_read_complete,191.89021739130433,0.0,infer
9_nc,5,time_to_read_complete,155.11781249999996,0.0,infer
9_nc,6,time_to_read_complete,114.97499999999998,0.0,infer
9_nc,7,time_to_read_complete,166.80847826086958,0.0,infer
9_nc,8,time_to_read_complete,134.88285714285712,0.0,infer
9_nc,9,time_to_read_complete,81.70666666666666,0.0,infer
9_nc,10,time_to_read_complete,115.86906250000001,0.0,infer
f,1,perc_correct_output,39.473684210526315,1.0,infer
f,2,perc_correct_output,89.47368421052632,0.0,infer
f,3,perc_correct_output,78.94736842105263,0.0,infer
f,4,perc_correct_output,47.368421052631575,0.0,infer
f,5,perc_correct_output,52.63157894736842,0.0,infer
f,6,perc_correct_output,100.0,0.0,infer
f,7,perc_correct_output,78.94736842105263,0.0,infer
f,8,perc_correct_output,61.111111111111114,0.0,infer
f,9,perc_correct_output,66.66666666666666,0.0,infer
f,10,perc_correct_output,88.88888888888889,0.0,infer
f,11,perc_correct_output,94.73684210526315,0.0,infer
f,12,perc_correct_output,84.21052631578947,0.0,infer
f,13,perc_correct_output,78.94736842105263,0.0,infer
f,14,perc_correct_output,68.42105263157895,0.0,infer
f,15,perc_correct_output,18.0,0.0,infer
f,16,perc_correct_output,0.0,0.0,infer
f,1,brain_deact_31,-2.248355733,1.0,infer
f,2,brain_deact_31,-2.137145163,0.0,infer
f,3,brain_deact_31,-1.921303548,0.0,infer
f,4,brain_deact_31,-1.831843539,0.0,infer
f,5,brain_deact_31,-1.93865049,0.0,infer
f,6,brain_deact_31,-2.063537981,0.0,infer
f,7,brain_deact_31,-1.730000171,0.0,infer
f,8,brain_deact_31,-2.103988089,0.0,infer
f,9,brain_deact_31,-2.034462625,0.0,infer
f,10,brain_deact_31,-2.180495768,0.0,infer
f,11,brain_deact_31,-1.936397923,0.0,infer
f,12,brain_deact_31,-1.545885531,0.0,infer
f,13,brain_deact_31,-1.835985696,0.0,infer
f,14,brain_deact_31,-1.897029609,0.0,infer
f,15,brain_deact_31,-2.115286243,0.0,infer
f,16,brain_deact_31,-1.729084884,0.0,infer
f,1,brain_deact_32,-1.774586165,1.0,infer
f,2,brain_deact_32,-1.91559082,0.0,infer
f,3,brain_deact_32,-1.495832442,0.0,infer
f,4,brain_deact_32,-1.46374886,0.0,infer
f,5,brain_deact_32,-1.526649428,0.0,infer
f,6,brain_deact_32,-1.848531743,0.0,infer
f,7,brain_deact_32,-1.236600384,0.0,infer
f,8,brain_deact_32,-1.565782627,0.0,infer
f,9,brain_deact_32,-1.699418305,0.0,infer
f,10,brain_deact_32,-1.907988566,0.0,infer
f,11,brain_deact_32,-1.45635117,0.0,infer
f,12,brain_deact_32,-1.37916458,0.0,infer
f,13,brain_deact_32,-1.458877878,0.0,infer
f,14,brain_deact_32,-1.6700936,0.0,infer
f,15,brain_deact_32,-1.820133117,0.0,infer
f,16,brain_deact_32,-1.241652874,0.0,infer
f,1,complexity_level,46.6,1.0,infer
f,2,complexity_level,73.73684210526316,0.0,infer
f,3,complexity_level,38.578947368421055,0.0,infer
f,4,complexity_level,25.88888888888889,0.0,infer
f,5,complexity_level,61.421052631578945,0.0,infer
f,6,complexity_level,74.57894736842105,0.0,infer
f,7,complexity_level,0.0,0.0,infer
f,8,complexity_level,44.73684210526316,0.0,infer
f,9,complexity_level,45.44444444444444,0.0,infer
f,10,complexity_level,57.5,0.0,infer
f,11,complexity_level,33.31578947368421,0.0,infer
f,12,complexity_level,25.944444444444443,0.0,infer
f,13,complexity_level,47.22222222222222,0.0,infer
f,14,complexity_level,44.44444444444444,0.0,infer
f,15,complexity_level,47.22222222222222,0.0,infer
f,16,complexity_level,150.0,0.0,infer
f,1,time_to_understand,48.275447368421055,1.0,infer
f,2,time_to_understand,30.38747368421053,0.0,infer
f,3,time_to_understand,41.406684210526315,0.0,infer
f,4,time_to_understand,50.024,0.0,infer
f,5,time_to_understand,45.99226315789474,0.0,infer
f,6,time_to_understand,21.517,0.0,infer
f,7,time_to_understand,38.38831578947369,0.0,infer
f,8,time_to_understand,43.33011111111111,0.0,infer
f,9,time_to_understand,42.33516666666665,0.0,infer
f,10,time_to_understand,27.647555555555552,0.0,infer
f,11,time_to_understand,22.280263157894737,0.0,infer
f,12,time_to_understand,35.582526315789465,0.0,infer
f,13,time_to_understand,33.25842105263157,0.0,infer
f,14,time_to_understand,40.122473684210526,0.0,infer
f,15,time_to_understand,445.544,0.0,infer
f,16,time_to_understand,0.0,0.0,infer
1,1,correct_output_rating,1.2195121951219512,1.0,openjml
1,2,correct_output_rating,1.951219512195122,1.0,openjml
1,3,correct_output_rating,1.4878048780487805,1.0,openjml
1,4,correct_output_rating,1.4878048780487805,3.0,openjml
1,5,correct_output_rating,1.4390243902439024,4.0,openjml
1,6,correct_output_rating,1.7804878048780488,2.0,openjml
1,7,correct_output_rating,1.8048780487804879,1.0,openjml
1,8,correct_output_rating,1.4634146341463414,2.0,openjml
1,9,correct_output_rating,1.853658536585366,1.0,openjml
1,10,correct_output_rating,1.8780487804878048,0.0,openjml
1,11,correct_output_rating,1.6341463414634145,1.0,openjml
1,12,correct_output_rating,1.853658536585366,0.0,openjml
1,13,correct_output_rating,2.0,0.0,openjml
1,14,correct_output_rating,1.9024390243902438,0.0,openjml
1,15,correct_output_rating,0.7804878048780488,0.0,openjml
1,16,correct_output_rating,1.951219512195122,0.0,openjml
1,17,correct_output_rating,1.6585365853658536,0.0,openjml
1,18,correct_output_rating,1.3902439024390243,2.0,openjml
1,19,correct_output_rating,1.3902439024390243,2.0,openjml
1,20,correct_output_rating,1.3902439024390243,0.0,openjml
1,21,correct_output_rating,1.3902439024390243,5.0,openjml
1,22,correct_output_rating,1.3902439024390243,0.0,openjml
1,23,correct_output_rating,1.829268292682927,3.0,openjml
1,1,output_difficulty,3.1707317073170733,1.0,openjml
1,2,output_difficulty,2.975609756097561,1.0,openjml
1,3,output_difficulty,2.3902439024390243,1.0,openjml
1,4,output_difficulty,2.4146341463414633,3.0,openjml
1,5,output_difficulty,1.975609756097561,4.0,openjml
1,6,output_difficulty,3.1219512195121952,2.0,openjml
1,7,output_difficulty,3.2195121951219514,1.0,openjml
1,8,output_difficulty,2.3902439024390243,2.0,openjml
1,9,output_difficulty,3.1707317073170733,1.0,openjml
1,10,output_difficulty,3.6341463414634148,0.0,openjml
1,11,output_difficulty,3.097560975609756,1.0,openjml
1,12,output_difficulty,3.341463414634146,0.0,openjml
1,13,output_difficulty,3.731707317073171,0.0,openjml
1,14,output_difficulty,3.4878048780487805,0.0,openjml
1,15,output_difficulty,1.0731707317073171,0.0,openjml
1,16,output_difficulty,3.7804878048780486,0.0,openjml
1,17,output_difficulty,3.048780487804878,0.0,openjml
1,18,output_difficulty,2.317073170731707,2.0,openjml
1,19,output_difficulty,1.9024390243902438,2.0,openjml
1,20,output_difficulty,3.1951219512195124,0.0,openjml
1,21,output_difficulty,2.4878048780487805,5.0,openjml
1,22,output_difficulty,2.3902439024390243,0.0,openjml
1,23,output_difficulty,3.4146341463414633,3.0,openjml
1,1,time_to_give_output,68.01441463414633,1.0,openjml
1,2,time_to_give_output,100.26741463414633,1.0,openjml
1,3,time_to_give_output,132.46873170731706,1.0,openjml
1,4,time_to_give_output,154.64156097560976,3.0,openjml
1,5,time_to_give_output,211.48453658536584,4.0,openjml
1,6,time_to_give_output,70.5109512195122,2.0,openjml
1,7,time_to_give_output,66.04860975609758,1.0,openjml
1,8,time_to_give_output,104.82602439024389,2.0,openjml
1,9,time_to_give_output,65.42085365853657,1.0,openjml
1,10,time_to_give_output,42.58580487804878,0.0,openjml
1,11,time_to_give_output,65.47378048780489,1.0,openjml
1,12,time_to_give_output,59.81002439024391,0.0,openjml
1,13,time_to_give_output,37.42529268292683,0.0,openjml
1,14,time_to_give_output,48.39470731707317,0.0,openjml
1,15,time_to_give_output,355.30917073170735,0.0,openjml
1,16,time_to_give_output,20.50239024390244,0.0,openjml
1,17,time_to_give_output,99.98841463414635,0.0,openjml
1,18,time_to_give_output,132.07892682926828,2.0,openjml
1,19,time_to_give_output,145.2398292682927,2.0,openjml
1,20,time_to_give_output,80.62182926829269,0.0,openjml
1,21,time_to_give_output,89.93921951219512,5.0,openjml
1,22,time_to_give_output,86.29456097560976,0.0,openjml
1,23,time_to_give_output,54.50070731707317,3.0,openjml
2,1,brain_deact_31ant,-0.456862813,1.0,openjml
2,2,brain_deact_31ant,-0.627872625,1.0,openjml
2,3,brain_deact_31ant,-0.569892688,1.0,openjml
2,4,brain_deact_31ant,-0.724818625,2.0,openjml
2,5,brain_deact_31ant,-0.461402625,0.0,openjml
2,6,brain_deact_31ant,-0.573933125,1.0,openjml
2,7,brain_deact_31ant,-0.400142063,0.0,openjml
2,8,brain_deact_31ant,-0.6289035,0.0,openjml
2,9,brain_deact_31ant,-0.512648188,0.0,openjml
2,10,brain_deact_31ant,-0.8140095,0.0,openjml
2,11,brain_deact_31ant,-0.799689,5.0,openjml
2,12,brain_deact_31ant,-0.754594875,0.0,openjml
2,1,brain_deact_31post,-0.680167625,1.0,openjml
2,2,brain_deact_31post,-0.58754025,1.0,openjml
2,3,brain_deact_31post,-0.484311125,1.0,openjml
2,4,brain_deact_31post,-0.755176125,2.0,openjml
2,5,brain_deact_31post,-0.504249125,0.0,openjml
2,6,brain_deact_31post,-0.531375313,1.0,openjml
2,7,brain_deact_31post,-0.452398375,0.0,openjml
2,8,brain_deact_31post,-0.787476813,0.0,openjml
2,9,brain_deact_31post,-0.474544625,0.0,openjml
2,10,brain_deact_31post,-0.827268563,0.0,openjml
2,11,brain_deact_31post,-0.825552875,5.0,openjml
2,12,brain_deact_31post,-0.743071875,0.0,openjml
2,1,brain_deact_32,-0.567438063,1.0,openjml
2,2,brain_deact_32,-0.760412688,1.0,openjml
2,3,brain_deact_32,-0.80337975,1.0,openjml
2,4,brain_deact_32,-0.853813313,2.0,openjml
2,5,brain_deact_32,-0.534999375,0.0,openjml
2,6,brain_deact_32,-0.833937188,1.0,openjml
2,7,brain_deact_32,-0.44148875,0.0,openjml
2,8,brain_deact_32,-0.687596375,0.0,openjml
2,9,brain_deact_32,-0.513088813,0.0,openjml
2,10,brain_deact_32,-1.045516125,0.0,openjml
2,11,brain_deact_32,-1.065309875,5.0,openjml
2,12,brain_deact_32,-0.810991375,0.0,openjml
2,1,time_to_understand,277998.6875,1.0,openjml
2,2,time_to_understand,379138.5,1.0,openjml
2,3,time_to_understand,282050.625,1.0,openjml
2,4,time_to_understand,328751.1875,2.0,openjml
2,5,time_to_understand,228106.875,0.0,openjml
2,6,time_to_understand,256201.1875,1.0,openjml
2,7,time_to_understand,173291.875,0.0,openjml
2,8,time_to_understand,253121.6875,0.0,openjml
2,9,time_to_understand,368599.625,0.0,openjml
2,10,time_to_understand,288200.0,0.0,openjml
2,11,time_to_understand,513357.5625,5.0,openjml
2,12,time_to_understand,432204.875,0.0,openjml
3,1,readability_level,2.99,0.0,openjml
3,2,readability_level,3.74,2.0,openjml
3,3,readability_level,2.69,7.0,openjml
3,4,readability_level,4.03,0.0,openjml
3,5,readability_level,4.18,1.0,openjml
3,6,readability_level,2.18,0.0,openjml
3,7,readability_level,3.62,0.0,openjml
3,8,readability_level,2.86,1.0,openjml
3,9,readability_level,4.13,1.0,openjml
3,10,readability_level,3.35,1.0,openjml
3,11,readability_level,3.64,0.0,openjml
3,12,readability_level,3.53,1.0,openjml
3,13,readability_level,3.03,0.0,openjml
3,14,readability_level,4.05,2.0,openjml
3,15,readability_level,1.82,2.0,openjml
3,16,readability_level,2.9,0.0,openjml
3,17,readability_level,3.74,1.0,openjml
3,18,readability_level,2.46,15.0,openjml
3,19,readability_level,3.56,0.0,openjml
3,20,readability_level,3.26,0.0,openjml
3,21,readability_level,3.73,0.0,openjml
3,22,readability_level,2.73,15.0,openjml
3,23,readability_level,3.94,15.0,openjml
3,24,readability_level,3.48,0.0,openjml
3,25,readability_level,2.09,15.0,openjml
3,26,readability_level,2.37,15.0,openjml
3,27,readability_level,3.76,4.0,openjml
3,28,readability_level,2.86,0.0,openjml
3,29,readability_level,3.96,0.0,openjml
3,30,readability_level,2.78,1.0,openjml
3,31,readability_level,3.27,1.0,openjml
3,32,readability_level,4.22,1.0,openjml
3,33,readability_level,4.02,0.0,openjml
3,34,readability_level,4.35,0.0,openjml
3,35,readability_level,2.0,1.0,openjml
3,36,readability_level,2.52,15.0,openjml
3,37,readability_level,2.57,15.0,openjml
3,38,readability_level,2.77,15.0,openjml
3,39,readability_level,2.96,15.0,openjml
3,40,readability_level,2.9,1.0,openjml
3,41,readability_level,2.41,0.0,openjml
3,42,readability_level,3.08,0.0,openjml
3,43,readability_level,3.28,0.0,openjml
3,44,readability_level,4.07,0.0,openjml
3,45,readability_level,3.84,15.0,openjml
3,46,readability_level,3.76,15.0,openjml
3,47,readability_level,3.88,15.0,openjml
3,48,readability_level,3.93,4.0,openjml
3,49,readability_level,4.05,15.0,openjml
3,50,readability_level,4.16,0.0,openjml
3,51,readability_level,3.92,0.0,openjml
3,52,readability_level,2.63,15.0,openjml
3,53,readability_level,2.72,3.0,openjml
3,54,readability_level,3.6,0.0,openjml
3,55,readability_level,2.71,0.0,openjml
3,56,readability_level,3.61,2.0,openjml
3,57,readability_level,3.6,15.0,openjml
3,58,readability_level,2.4,15.0,openjml
3,59,readability_level,3.83,1.0,openjml
3,60,readability_level,3.88,1.0,openjml
3,61,readability_level,3.77,15.0,openjml
3,62,readability_level,3.47,15.0,openjml
3,63,readability_level,2.64,1.0,openjml
3,64,readability_level,3.59,15.0,openjml
3,65,readability_level,3.2,1.0,openjml
3,66,readability_level,2.59,15.0,openjml
3,67,readability_level,4.02,0.0,openjml
3,68,readability_level,3.35,0.0,openjml
3,69,readability_level,2.92,15.0,openjml
3,70,readability_level,2.39,2.0,openjml
3,71,readability_level,3.69,0.0,openjml
3,72,readability_level,2.86,15.0,openjml
3,73,readability_level,3.38,0.0,openjml
3,74,readability_level,3.82,2.0,openjml
3,75,readability_level,3.39,1.0,openjml
3,76,readability_level,3.49,15.0,openjml
3,77,readability_level,2.72,15.0,openjml
3,78,readability_level,2.28,1.0,openjml
3,79,readability_level,3.34,15.0,openjml
3,80,readability_level,4.15,1.0,openjml
3,81,readability_level,3.93,15.0,openjml
3,82,readability_level,4.0,15.0,openjml
3,83,readability_level,2.76,15.0,openjml
3,84,readability_level,3.94,0.0,openjml
3,85,readability_level,3.61,15.0,openjml
3,86,readability_level,2.62,0.0,openjml
3,87,readability_level,2.87,1.0,openjml
3,88,readability_level,3.23,0.0,openjml
3,89,readability_level,4.28,15.0,openjml
3,90,readability_level,3.35,15.0,openjml
3,91,readability_level,2.08,0.0,openjml
3,92,readability_level,3.36,1.0,openjml
3,93,readability_level,2.36,15.0,openjml
3,94,readability_level,4.07,15.0,openjml
3,95,readability_level,3.18,15.0,openjml
3,96,readability_level,3.81,0.0,openjml
3,97,readability_level,2.9,15.0,openjml
3,98,readability_level,3.0,15.0,openjml
3,99,readability_level,2.95,0.0,openjml
3,100,readability_level,2.12,15.0,openjml
6,1,correct_verif_questions,0.37037037037037046,105.0,openjml
6,2,correct_verif_questions,0.40740740740740733,14.0,openjml
6,3,correct_verif_questions,0.41666666666666674,77.0,openjml
6,4,correct_verif_questions,0.40740740740740755,28.0,openjml
6,5,correct_verif_questions,0.5925925925925927,12.0,openjml
6,6,correct_verif_questions,0.44444444444444436,0.0,openjml
6,7,correct_verif_questions,0.44444444444444453,0.0,openjml
6,8,correct_verif_questions,0.29629629629629634,0.0,openjml
6,9,correct_verif_questions,0.5185185185185186,0.0,openjml
6,10,correct_verif_questions,0.48148148148148157,0.0,openjml
6,11,correct_verif_questions,0.1851851851851851,0.0,openjml
6,12,correct_verif_questions,0.5185185185185186,0.0,openjml
6,13,correct_verif_questions,0.40740740740740733,0.0,openjml
6,14,correct_verif_questions,0.25925925925925924,0.0,openjml
6,15,correct_verif_questions,0.40740740740740755,0.0,openjml
6,16,correct_verif_questions,0.2222222222222222,0.0,openjml
6,17,correct_verif_questions,0.4444444444444444,0.0,openjml
6,18,correct_verif_questions,0.29629629629629634,0.0,openjml
6,19,correct_verif_questions,0.6296296296296299,0.0,openjml
6,20,correct_verif_questions,0.7407407407407408,0.0,openjml
6,21,correct_verif_questions,0.074074074074074,0.0,openjml
6,22,correct_verif_questions,0.1111111111111111,0.0,openjml
6,23,correct_verif_questions,0.5925925925925926,0.0,openjml
6,24,correct_verif_questions,0.5185185185185186,0.0,openjml
6,25,correct_verif_questions,0.5925925925925928,0.0,openjml
6,26,correct_verif_questions,0.2592592592592593,0.0,openjml
6,27,correct_verif_questions,0.7407407407407408,0.0,openjml
6,28,correct_verif_questions,0.37037037037037046,0.0,openjml
6,29,correct_verif_questions,0.40740740740740744,0.0,openjml
6,30,correct_verif_questions,0.25925925925925913,0.0,openjml
6,31,correct_verif_questions,0.777777777777778,0.0,openjml
6,32,correct_verif_questions,0.777777777777778,0.0,openjml
6,33,correct_verif_questions,0.5555555555555556,0.0,openjml
6,34,correct_verif_questions,0.4814814814814816,0.0,openjml
6,35,correct_verif_questions,0.37037037037037035,0.0,openjml
6,36,correct_verif_questions,0.5555555555555556,0.0,openjml
6,37,correct_verif_questions,0.7407407407407409,0.0,openjml
6,38,correct_verif_questions,0.4444444444444444,0.0,openjml
6,39,correct_verif_questions,0.48148148148148157,0.0,openjml
6,40,correct_verif_questions,0.25925925925925913,0.0,openjml
6,41,correct_verif_questions,0.3333333333333335,0.0,openjml
6,42,correct_verif_questions,0.20833333333333337,0.0,openjml
6,43,correct_verif_questions,0.5416666666666667,0.0,openjml
6,44,correct_verif_questions,0.29166666666666674,0.0,openjml
6,45,correct_verif_questions,0.41666666666666685,0.0,openjml
6,46,correct_verif_questions,0.7037037037037038,0.0,openjml
6,47,correct_verif_questions,0.4444444444444444,0.0,openjml
6,48,correct_verif_questions,0.8148148148148149,0.0,openjml
6,49,correct_verif_questions,0.40740740740740733,0.0,openjml
6,50,correct_verif_questions,0.3333333333333334,0.0,openjml
6,1,binary_understandability,0.5555555555555556,105.0,openjml
6,2,binary_understandability,0.8888888888888888,14.0,openjml
6,3,binary_understandability,0.625,77.0,openjml
6,4,binary_understandability,0.6666666666666666,28.0,openjml
6,5,binary_understandability,0.7777777777777778,12.0,openjml
6,6,binary_understandability,0.8888888888888888,0.0,openjml
6,7,binary_understandability,0.7777777777777778,0.0,openjml
6,8,binary_understandability,0.5555555555555556,0.0,openjml
6,9,binary_understandability,0.7777777777777778,0.0,openjml
6,10,binary_understandability,0.7777777777777778,0.0,openjml
6,11,binary_understandability,0.5555555555555556,0.0,openjml
6,12,binary_understandability,0.6666666666666666,0.0,openjml
6,13,binary_understandability,0.6666666666666666,0.0,openjml
6,14,binary_understandability,0.5555555555555556,0.0,openjml
6,15,binary_understandability,0.6666666666666666,0.0,openjml
6,16,binary_understandability,0.4444444444444444,0.0,openjml
6,17,binary_understandability,0.6666666666666666,0.0,openjml
6,18,binary_understandability,0.4444444444444444,0.0,openjml
6,19,binary_understandability,0.8888888888888888,0.0,openjml
6,20,binary_understandability,0.8888888888888888,0.0,openjml
6,21,binary_understandability,0.2222222222222222,0.0,openjml
6,22,binary_understandability,0.2222222222222222,0.0,openjml
6,23,binary_understandability,0.8888888888888888,0.0,openjml
6,24,binary_understandability,0.6666666666666666,0.0,openjml
6,25,binary_understandability,0.7777777777777778,0.0,openjml
6,26,binary_understandability,0.4444444444444444,0.0,openjml
6,27,binary_understandability,0.7777777777777778,0.0,openjml
6,28,binary_understandability,0.4444444444444444,0.0,openjml
6,29,binary_understandability,0.5555555555555556,0.0,openjml
6,30,binary_understandability,0.6666666666666666,0.0,openjml
6,31,binary_understandability,1.0,0.0,openjml
6,32,binary_understandability,1.0,0.0,openjml
6,33,binary_understandability,0.8888888888888888,0.0,openjml
6,34,binary_understandability,0.6666666666666666,0.0,openjml
6,35,binary_understandability,0.6666666666666666,0.0,openjml
6,36,binary_understandability,0.7777777777777778,0.0,openjml
6,37,binary_understandability,1.0,0.0,openjml
6,38,binary_understandability,0.6666666666666666,0.0,openjml
6,39,binary_understandability,0.7777777777777778,0.0,openjml
6,40,binary_understandability,0.6666666666666666,0.0,openjml
6,41,binary_understandability,0.5,0.0,openjml
6,42,binary_understandability,0.375,0.0,openjml
6,43,binary_understandability,0.875,0.0,openjml
6,44,binary_understandability,0.625,0.0,openjml
6,45,binary_understandability,0.75,0.0,openjml
6,46,binary_understandability,1.0,0.0,openjml
6,47,binary_understandability,0.7777777777777778,0.0,openjml
6,48,binary_understandability,1.0,0.0,openjml
6,49,binary_understandability,0.7777777777777778,0.0,openjml
6,50,binary_understandability,0.5555555555555556,0.0,openjml
6,1,time_to_understand,74.4,105.0,openjml
6,2,time_to_understand,73.75,14.0,openjml
6,3,time_to_understand,59.8,77.0,openjml
6,4,time_to_understand,60.5,28.0,openjml
6,5,time_to_understand,66.14285714285714,12.0,openjml
6,6,time_to_understand,82.625,0.0,openjml
6,7,time_to_understand,257.42857142857144,0.0,openjml
6,8,time_to_understand,81.4,0.0,openjml
6,9,time_to_understand,170.28571428571428,0.0,openjml
6,10,time_to_understand,153.57142857142858,0.0,openjml
6,11,time_to_understand,241.4,0.0,openjml
6,12,time_to_understand,62.333333333333336,0.0,openjml
6,13,time_to_understand,53.666666666666664,0.0,openjml
6,14,time_to_understand,94.2,0.0,openjml
6,15,time_to_understand,113.66666666666667,0.0,openjml
6,16,time_to_understand,202.25,0.0,openjml
6,17,time_to_understand,237.33333333333334,0.0,openjml
6,18,time_to_understand,151.5,0.0,openjml
6,19,time_to_understand,435.5,0.0,openjml
6,20,time_to_understand,102.5,0.0,openjml
6,21,time_to_understand,172.5,0.0,openjml
6,22,time_to_understand,28.0,0.0,openjml
6,23,time_to_understand,264.25,0.0,openjml
6,24,time_to_understand,163.5,0.0,openjml
6,25,time_to_understand,48.857142857142854,0.0,openjml
6,26,time_to_understand,57.5,0.0,openjml
6,27,time_to_understand,144.71428571428572,0.0,openjml
6,28,time_to_understand,270.25,0.0,openjml
6,29,time_to_understand,51.6,0.0,openjml
6,30,time_to_understand,159.5,0.0,openjml
6,31,time_to_understand,50.888888888888886,0.0,openjml
6,32,time_to_understand,83.55555555555556,0.0,openjml
6,33,time_to_understand,122.125,0.0,openjml
6,34,time_to_understand,82.5,0.0,openjml
6,35,time_to_understand,83.33333333333333,0.0,openjml
6,36,time_to_understand,74.57142857142857,0.0,openjml
6,37,time_to_understand,238.44444444444446,0.0,openjml
6,38,time_to_understand,66.16666666666667,0.0,openjml
6,39,time_to_understand,101.85714285714286,0.0,openjml
6,40,time_to_understand,247.0,0.0,openjml
6,41,time_to_understand,195.5,0.0,openjml
6,42,time_to_understand,318.0,0.0,openjml
6,43,time_to_understand,47.857142857142854,0.0,openjml
6,44,time_to_understand,391.0,0.0,openjml
6,45,time_to_understand,162.16666666666666,0.0,openjml
6,46,time_to_understand,55.666666666666664,0.0,openjml
6,47,time_to_understand,85.42857142857143,0.0,openjml
6,48,time_to_understand,117.88888888888889,0.0,openjml
6,49,time_to_understand,85.57142857142857,0.0,openjml
6,50,time_to_understand,238.0,0.0,openjml
63,1,adjusted_gaze_sig,0.9762631428571428,22.0,openjml
63,2,adjusted_gaze_sig,0.8230961666666666,65.0,openjml
63,3,adjusted_gaze_sig,0.5625836166666667,61.0,openjml
63,4,adjusted_gaze_sig,0.89375,48.0,openjml
63,5,adjusted_gaze_sig,2.6371384000000004,23.0,openjml
63,6,adjusted_gaze_sig,0.743938,62.0,openjml
63,7,adjusted_gaze_sig,0.22781025,23.0,openjml
63,8,adjusted_gaze_sig,0.296709,45.0,openjml
63,9,adjusted_gaze_sig,0.9081987999999999,21.0,openjml
63,10,adjusted_gaze_sig,1.328576,12.0,openjml
63,11,adjusted_gaze_sig,1.2333020000000003,45.0,openjml
63,12,adjusted_gaze_sig,0.62354116,65.0,openjml
63,13,adjusted_gaze_sig,7.25147,40.0,openjml
63,14,adjusted_gaze_sig,0.0,20.0,openjml
63,15,adjusted_gaze_sig,0.6652165666666668,21.0,openjml
63,16,adjusted_gaze_sig,0.5481481666666667,20.0,openjml
63,17,adjusted_gaze_sig,1.0767303333333333,0.0,openjml
63,18,adjusted_gaze_sig,1.75984745,0.0,openjml
63,19,adjusted_gaze_sig,0.362847,0.0,openjml
63,20,adjusted_gaze_sig,0.0,0.0,openjml
63,21,adjusted_gaze_sig,0.0,0.0,openjml
63,22,adjusted_gaze_sig,0.5865469125,0.0,openjml
63,23,adjusted_gaze_sig,0.413850625,0.0,openjml
63,24,adjusted_gaze_sig,0.9035215000000001,0.0,openjml
63,25,adjusted_gaze_sig,0.98207,0.0,openjml
63,26,adjusted_gaze_sig,0.123751,0.0,openjml
63,27,adjusted_gaze_sig,0.0,0.0,openjml
63,28,adjusted_gaze_sig,0.393362,0.0,openjml
63,29,adjusted_gaze_sig,0.322672,0.0,openjml
63,30,adjusted_gaze_sig,1.1762729,0.0,openjml
63,31,adjusted_gaze_sig,0.56380175,0.0,openjml
63,32,adjusted_gaze_sig,0.867282125,0.0,openjml
63,33,adjusted_gaze_sig,1.227694,0.0,openjml
63,34,adjusted_gaze_sig,1.1920696666666664,0.0,openjml
63,35,adjusted_gaze_sig,0.5767354142857143,0.0,openjml
63,36,adjusted_gaze_sig,0.6708358571428573,0.0,openjml
63,37,adjusted_gaze_sig,0.7713289999999999,0.0,openjml
63,38,adjusted_gaze_sig,1.1950006666666666,0.0,openjml
63,39,adjusted_gaze_sig,1.5442762857142858,0.0,openjml
63,40,adjusted_gaze_sig,1.0439151428571427,0.0,openjml
63,41,adjusted_gaze_sig,0.0,0.0,openjml
63,42,adjusted_gaze_sig,0.0,0.0,openjml
63,43,adjusted_gaze_sig,0.0,0.0,openjml
63,44,adjusted_gaze_sig,0.0,0.0,openjml
63,45,adjusted_gaze_sig,0.0,0.0,openjml
63,46,adjusted_gaze_sig,0.0,0.0,openjml
63,47,adjusted_gaze_sig,0.0,0.0,openjml
63,48,adjusted_gaze_sig,0.0,0.0,openjml
63,49,adjusted_gaze_sig,0.0,0.0,openjml
63,50,adjusted_gaze_sig,0.0,0.0,openjml
63,51,adjusted_gaze_sig,0.0,0.0,openjml
63,52,adjusted_gaze_sig,0.0,0.0,openjml
63,53,adjusted_gaze_sig,0.0,0.0,openjml
63,54,adjusted_gaze_sig,0.0,0.0,openjml
63,55,adjusted_gaze_sig,0.0,0.0,openjml
63,56,adjusted_gaze_sig,0.0,0.0,openjml
63,57,adjusted_gaze_sig,0.0,0.0,openjml
63,58,adjusted_gaze_sig,0.0,0.0,openjml
63,59,adjusted_gaze_sig,0.0,0.0,openjml
63,60,adjusted_gaze_sig,0.0,0.0,openjml
63,61,adjusted_gaze_sig,0.0,0.0,openjml
63,62,adjusted_gaze_sig,0.0,0.0,openjml
63,63,adjusted_gaze_sig,0.0,0.0,openjml
63,64,adjusted_gaze_sig,0.0,0.0,openjml
63,1,adjusted_gaze_non_sig,1.0012627142857142,22.0,openjml
63,2,adjusted_gaze_non_sig,1.035382,65.0,openjml
63,3,adjusted_gaze_non_sig,1.0388815000000002,61.0,openjml
63,4,adjusted_gaze_non_sig,1.0066405,48.0,openjml
63,5,adjusted_gaze_non_sig,0.8035439999999999,23.0,openjml
63,6,adjusted_gaze_non_sig,1.0221293333333332,62.0,openjml
63,7,adjusted_gaze_non_sig,1.1985649999999999,23.0,openjml
63,8,adjusted_gaze_non_sig,1.18869,45.0,openjml
63,9,adjusted_gaze_non_sig,1.008346,21.0,openjml
63,10,adjusted_gaze_non_sig,0.94700475,12.0,openjml
63,11,adjusted_gaze_non_sig,0.9611160000000002,45.0,openjml
63,12,adjusted_gaze_non_sig,1.0597564,65.0,openjml
63,13,adjusted_gaze_non_sig,0.5688641666666666,40.0,openjml
63,14,adjusted_gaze_non_sig,1.06452,20.0,openjml
63,15,adjusted_gaze_non_sig,1.0464055,21.0,openjml
63,16,adjusted_gaze_non_sig,1.0779053333333335,20.0,openjml
63,17,adjusted_gaze_non_sig,0.9531083333333333,0.0,openjml
63,18,adjusted_gaze_non_sig,0.9831165000000001,0.0,openjml
63,19,adjusted_gaze_non_sig,1.03982,0.0,openjml
63,20,adjusted_gaze_non_sig,1.13636,0.0,openjml
63,21,adjusted_gaze_non_sig,1.35294,0.0,openjml
63,22,adjusted_gaze_non_sig,1.036127625,0.0,openjml
63,23,adjusted_gaze_non_sig,1.183171625,0.0,openjml
63,24,adjusted_gaze_non_sig,1.00470625,0.0,openjml
63,25,adjusted_gaze_non_sig,1.0016315,0.0,openjml
63,26,adjusted_gaze_non_sig,1.1402,0.0,openjml
63,27,adjusted_gaze_non_sig,1.075,0.0,openjml
63,28,adjusted_gaze_non_sig,1.07137,0.0,openjml
63,29,adjusted_gaze_non_sig,1.079685,0.0,openjml
63,30,adjusted_gaze_non_sig,0.9843317500000002,0.0,openjml
63,31,adjusted_gaze_non_sig,1.049248625,0.0,openjml
63,32,adjusted_gaze_non_sig,1.00717325,0.0,openjml
63,33,adjusted_gaze_non_sig,0.988017,0.0,openjml
63,34,adjusted_gaze_non_sig,0.9819933333333333,0.0,openjml
63,35,adjusted_gaze_non_sig,1.0423244285714286,0.0,openjml
63,36,adjusted_gaze_non_sig,1.0173247142857142,0.0,openjml
63,37,adjusted_gaze_non_sig,1.024625,0.0,openjml
63,38,adjusted_gaze_non_sig,0.98172,0.0,openjml
63,39,adjusted_gaze_non_sig,0.9333551428571428,0.0,openjml
63,40,adjusted_gaze_non_sig,0.9987081428571428,0.0,openjml
63,41,adjusted_gaze_non_sig,0.0,0.0,openjml
63,42,adjusted_gaze_non_sig,0.0,0.0,openjml
63,43,adjusted_gaze_non_sig,0.0,0.0,openjml
63,44,adjusted_gaze_non_sig,0.0,0.0,openjml
63,45,adjusted_gaze_non_sig,0.0,0.0,openjml
63,46,adjusted_gaze_non_sig,0.0,0.0,openjml
63,47,adjusted_gaze_non_sig,0.0,0.0,openjml
63,48,adjusted_gaze_non_sig,0.0,0.0,openjml
63,49,adjusted_gaze_non_sig,0.0,0.0,openjml
63,50,adjusted_gaze_non_sig,0.0,0.0,openjml
63,51,adjusted_gaze_non_sig,0.0,0.0,openjml
63,52,adjusted_gaze_non_sig,0.0,0.0,openjml
63,53,adjusted_gaze_non_sig,0.0,0.0,openjml
63,54,adjusted_gaze_non_sig,0.0,0.0,openjml
63,55,adjusted_gaze_non_sig,0.0,0.0,openjml
63,56,adjusted_gaze_non_sig,0.0,0.0,openjml
63,57,adjusted_gaze_non_sig,0.0,0.0,openjml
63,58,adjusted_gaze_non_sig,0.0,0.0,openjml
63,59,adjusted_gaze_non_sig,0.0,0.0,openjml
63,60,adjusted_gaze_non_sig,0.0,0.0,openjml
63,61,adjusted_gaze_non_sig,0.0,0.0,openjml
63,62,adjusted_gaze_non_sig,0.0,0.0,openjml
63,63,adjusted_gaze_non_sig,0.0,0.0,openjml
63,64,adjusted_gaze_non_sig,0.0,0.0,openjml
63,1,adjusted_fix_sig,0.5704825714285715,22.0,openjml
63,2,adjusted_fix_sig,0.6598746666666667,65.0,openjml
63,3,adjusted_fix_sig,0.30574583333333333,61.0,openjml
63,4,adjusted_fix_sig,0.425,48.0,openjml
63,5,adjusted_fix_sig,2.9051914,23.0,openjml
63,6,adjusted_fix_sig,0.8669013333333334,62.0,openjml
63,7,adjusted_fix_sig,0.10787605,23.0,openjml
63,8,adjusted_fix_sig,0.241187,45.0,openjml
63,9,adjusted_fix_sig,0.6465266,21.0,openjml
63,10,adjusted_fix_sig,1.10297925,12.0,openjml
63,11,adjusted_fix_sig,1.2598273333333332,45.0,openjml
63,12,adjusted_fix_sig,0.5756184,65.0,openjml
63,13,adjusted_fix_sig,6.436988833333333,40.0,openjml
63,14,adjusted_fix_sig,0.0,20.0,openjml
63,15,adjusted_fix_sig,0.6469865333333333,21.0,openjml
63,16,adjusted_fix_sig,0.6525656666666667,20.0,openjml
63,17,adjusted_fix_sig,1.0895208333333335,0.0,openjml
63,18,adjusted_fix_sig,1.61501335,0.0,openjml
63,19,adjusted_fix_sig,0.468504,0.0,openjml
63,20,adjusted_fix_sig,0.0,0.0,openjml
63,21,adjusted_fix_sig,0.0,0.0,openjml
63,22,adjusted_fix_sig,0.369805775,0.0,openjml
63,23,adjusted_fix_sig,0.3446160625,0.0,openjml
63,24,adjusted_fix_sig,0.782111025,0.0,openjml
63,25,adjusted_fix_sig,0.6956899999999999,0.0,openjml
63,26,adjusted_fix_sig,0.0788045,0.0,openjml
63,27,adjusted_fix_sig,0.0,0.0,openjml
63,28,adjusted_fix_sig,0.95,0.0,openjml
63,29,adjusted_fix_sig,0.319328,0.0,openjml
63,30,adjusted_fix_sig,1.070199575,0.0,openjml
63,31,adjusted_fix_sig,0.359252225,0.0,openjml
63,32,adjusted_fix_sig,0.7660482500000001,0.0,openjml
63,33,adjusted_fix_sig,1.44020525,0.0,openjml
63,34,adjusted_fix_sig,0.8920514444444445,0.0,openjml
63,35,adjusted_fix_sig,0.6372011142857142,0.0,openjml
63,36,adjusted_fix_sig,0.5316787142857143,0.0,openjml
63,37,adjusted_fix_sig,0.828344,0.0,openjml
63,38,adjusted_fix_sig,0.5885861666666666,0.0,openjml
63,39,adjusted_fix_sig,0.7586309714285715,0.0,openjml
63,40,adjusted_fix_sig,0.9255011428571428,0.0,openjml
63,41,adjusted_fix_sig,0.0,0.0,openjml
63,42,adjusted_fix_sig,0.0,0.0,openjml
63,43,adjusted_fix_sig,0.0,0.0,openjml
63,44,adjusted_fix_sig,0.0,0.0,openjml
63,45,adjusted_fix_sig,0.0,0.0,openjml
63,46,adjusted_fix_sig,0.0,0.0,openjml
63,47,adjusted_fix_sig,0.0,0.0,openjml
63,48,adjusted_fix_sig,0.0,0.0,openjml
63,49,adjusted_fix_sig,0.0,0.0,openjml
63,50,adjusted_fix_sig,0.0,0.0,openjml
63,51,adjusted_fix_sig,0.0,0.0,openjml
63,52,adjusted_fix_sig,0.0,0.0,openjml
63,53,adjusted_fix_sig,0.0,0.0,openjml
63,54,adjusted_fix_sig,0.0,0.0,openjml
63,55,adjusted_fix_sig,0.0,0.0,openjml
63,56,adjusted_fix_sig,0.0,0.0,openjml
63,57,adjusted_fix_sig,0.0,0.0,openjml
63,58,adjusted_fix_sig,0.0,0.0,openjml
63,59,adjusted_fix_sig,0.0,0.0,openjml
63,60,adjusted_fix_sig,0.0,0.0,openjml
63,61,adjusted_fix_sig,0.0,0.0,openjml
63,62,adjusted_fix_sig,0.0,0.0,openjml
63,63,adjusted_fix_sig,0.0,0.0,openjml
63,64,adjusted_fix_sig,0.0,0.0,openjml
63,1,adjusted_fix_non_sig,1.022847142857143,22.0,openjml
63,2,adjusted_fix_non_sig,1.0680243333333332,65.0,openjml
63,3,adjusted_fix_non_sig,1.06171,61.0,openjml
63,4,adjusted_fix_non_sig,1.03594,48.0,openjml
63,5,adjusted_fix_non_sig,0.7713774,23.0,openjml
63,6,adjusted_fix_non_sig,1.0115040000000002,62.0,openjml
63,7,adjusted_fix_non_sig,1.2294025,23.0,openjml
63,8,adjusted_fix_non_sig,1.20358,45.0,openjml
63,9,adjusted_fix_non_sig,1.0321358,21.0,openjml
63,10,adjusted_fix_non_sig,0.98339175,12.0,openjml
63,11,adjusted_fix_non_sig,0.9566937333333334,45.0,openjml
63,12,adjusted_fix_non_sig,1.067363,65.0,openjml
63,13,adjusted_fix_non_sig,0.6250355,40.0,openjml
63,14,adjusted_fix_non_sig,1.06452,20.0,openjml
63,15,adjusted_fix_non_sig,1.0489339999999998,21.0,openjml
63,16,adjusted_fix_non_sig,1.0599005000000001,20.0,openjml
63,17,adjusted_fix_non_sig,0.9452923333333333,0.0,openjml
63,18,adjusted_fix_non_sig,0.9863329999999999,0.0,openjml
63,19,adjusted_fix_non_sig,1.03322,0.0,openjml
63,20,adjusted_fix_non_sig,1.13636,0.0,openjml
63,21,adjusted_fix_non_sig,1.35294,0.0,openjml
63,22,adjusted_fix_non_sig,1.0550675,0.0,openjml
63,23,adjusted_fix_non_sig,1.2048075,0.0,openjml
63,24,adjusted_fix_non_sig,1.0106297499999999,0.0,openjml
63,25,adjusted_fix_non_sig,1.027663,0.0,openjml
63,26,adjusted_fix_non_sig,1.14739,0.0,openjml
63,27,adjusted_fix_non_sig,1.075,0.0,openjml
63,28,adjusted_fix_non_sig,1.005884,0.0,openjml
63,29,adjusted_fix_non_sig,1.0800800000000002,0.0,openjml
63,30,adjusted_fix_non_sig,0.99375925,0.0,openjml
63,31,adjusted_fix_non_sig,1.07234375,0.0,openjml
63,32,adjusted_fix_non_sig,1.01264575,0.0,openjml
63,33,adjusted_fix_non_sig,0.9768306250000001,0.0,openjml
63,34,adjusted_fix_non_sig,1.01012,0.0,openjml
63,35,adjusted_fix_non_sig,1.036279857142857,0.0,openjml
63,36,adjusted_fix_non_sig,1.0246478571428572,0.0,openjml
63,37,adjusted_fix_non_sig,1.0184845,0.0,openjml
63,38,adjusted_fix_non_sig,1.0385704999999998,0.0,openjml
63,39,adjusted_fix_non_sig,1.0295549999999998,0.0,openjml
63,40,adjusted_fix_non_sig,1.0021907142857143,0.0,openjml
63,41,adjusted_fix_non_sig,0.0,0.0,openjml
63,42,adjusted_fix_non_sig,0.0,0.0,openjml
63,43,adjusted_fix_non_sig,0.0,0.0,openjml
63,44,adjusted_fix_non_sig,0.0,0.0,openjml
63,45,adjusted_fix_non_sig,0.0,0.0,openjml
63,46,adjusted_fix_non_sig,0.0,0.0,openjml
63,47,adjusted_fix_non_sig,0.0,0.0,openjml
63,48,adjusted_fix_non_sig,0.0,0.0,openjml
63,49,adjusted_fix_non_sig,0.0,0.0,openjml
63,50,adjusted_fix_non_sig,0.0,0.0,openjml
63,51,adjusted_fix_non_sig,0.0,0.0,openjml
63,52,adjusted_fix_non_sig,0.0,0.0,openjml
63,53,adjusted_fix_non_sig,0.0,0.0,openjml
63,54,adjusted_fix_non_sig,0.0,0.0,openjml
63,55,adjusted_fix_non_sig,0.0,0.0,openjml
63,56,adjusted_fix_non_sig,0.0,0.0,openjml
63,57,adjusted_fix_non_sig,0.0,0.0,openjml
63,58,adjusted_fix_non_sig,0.0,0.0,openjml
63,59,adjusted_fix_non_sig,0.0,0.0,openjml
63,60,adjusted_fix_non_sig,0.0,0.0,openjml
63,61,adjusted_fix_non_sig,0.0,0.0,openjml
63,62,adjusted_fix_non_sig,0.0,0.0,openjml
63,63,adjusted_fix_non_sig,0.0,0.0,openjml
63,64,adjusted_fix_non_sig,0.0,0.0,openjml
63,1,adjusted_gaze_flow,0.8939634285714285,22.0,openjml
63,2,adjusted_gaze_flow,1.5909683333333333,65.0,openjml
63,3,adjusted_gaze_flow,1.4814991666666668,61.0,openjml
63,4,adjusted_gaze_flow,0.8340995,48.0,openjml
63,5,adjusted_gaze_flow,0.8475556666666666,23.0,openjml
63,6,adjusted_gaze_flow,1.78484475,62.0,openjml
63,7,adjusted_gaze_flow,0.0,23.0,openjml
63,8,adjusted_gaze_flow,1.467374,45.0,openjml
63,9,adjusted_gaze_flow,1.7880827750000001,21.0,openjml
63,10,adjusted_gaze_flow,1.1948017333333332,12.0,openjml
63,11,adjusted_gaze_flow,1.4922766,45.0,openjml
63,12,adjusted_gaze_flow,0.5471588333333334,65.0,openjml
63,13,adjusted_gaze_flow,0.271832,40.0,openjml
63,14,adjusted_gaze_flow,1.4582316666666666,20.0,openjml
63,15,adjusted_gaze_flow,1.6839356666666665,21.0,openjml
63,16,adjusted_gaze_flow,0.6687440000000001,20.0,openjml
63,17,adjusted_gaze_flow,0.91335,0.0,openjml
63,18,adjusted_gaze_flow,1.309525,0.0,openjml
63,19,adjusted_gaze_flow,2.64243,0.0,openjml
63,20,adjusted_gaze_flow,0.584649,0.0,openjml
63,21,adjusted_gaze_flow,0.953450875,0.0,openjml
63,22,adjusted_gaze_flow,1.2158466250000002,0.0,openjml
63,23,adjusted_gaze_flow,0.664894375,0.0,openjml
63,24,adjusted_gaze_flow,0.39904100000000003,0.0,openjml
63,25,adjusted_gaze_flow,1.2139950000000002,0.0,openjml
63,26,adjusted_gaze_flow,1.396597,0.0,openjml
63,27,adjusted_gaze_flow,0.59716,0.0,openjml
63,28,adjusted_gaze_flow,0.737054,0.0,openjml
63,29,adjusted_gaze_flow,1.049636,0.0,openjml
63,30,adjusted_gaze_flow,2.0015175000000003,0.0,openjml
63,31,adjusted_gaze_flow,0.9105668750000001,0.0,openjml
63,32,adjusted_gaze_flow,1.62674875,0.0,openjml
63,33,adjusted_gaze_flow,0.8239138888888888,0.0,openjml
63,34,adjusted_gaze_flow,0.9286387142857143,0.0,openjml
63,35,adjusted_gaze_flow,1.2251139999999998,0.0,openjml
63,36,adjusted_gaze_flow,1.3266493333333333,0.0,openjml
63,37,adjusted_gaze_flow,0.841827,0.0,openjml
63,38,adjusted_gaze_flow,0.7460811428571429,0.0,openjml
63,39,adjusted_gaze_flow,0.0,0.0,openjml
63,40,adjusted_gaze_flow,0.0,0.0,openjml
63,41,adjusted_gaze_flow,0.0,0.0,openjml
63,42,adjusted_gaze_flow,0.0,0.0,openjml
63,43,adjusted_gaze_flow,0.0,0.0,openjml
63,44,adjusted_gaze_flow,0.0,0.0,openjml
63,45,adjusted_gaze_flow,0.0,0.0,openjml
63,46,adjusted_gaze_flow,0.0,0.0,openjml
63,47,adjusted_gaze_flow,0.0,0.0,openjml
63,48,adjusted_gaze_flow,0.0,0.0,openjml
63,49,adjusted_gaze_flow,0.0,0.0,openjml
63,50,adjusted_gaze_flow,0.0,0.0,openjml
63,51,adjusted_gaze_flow,0.0,0.0,openjml
63,52,adjusted_gaze_flow,0.0,0.0,openjml
63,53,adjusted_gaze_flow,0.0,0.0,openjml
63,54,adjusted_gaze_flow,0.0,0.0,openjml
63,55,adjusted_gaze_flow,0.0,0.0,openjml
63,56,adjusted_gaze_flow,0.0,0.0,openjml
63,57,adjusted_gaze_flow,0.0,0.0,openjml
63,58,adjusted_gaze_flow,0.0,0.0,openjml
63,59,adjusted_gaze_flow,0.0,0.0,openjml
63,60,adjusted_gaze_flow,0.0,0.0,openjml
63,61,adjusted_gaze_flow,0.0,0.0,openjml
63,62,adjusted_gaze_flow,0.0,0.0,openjml
63,63,adjusted_gaze_flow,0.0,0.0,openjml
63,64,adjusted_gaze_flow,0.0,0.0,openjml
63,1,adjusted_gaze_non_flow,1.0452225714285714,22.0,openjml
63,2,adjusted_gaze_non_flow,0.8153225000000001,65.0,openjml
63,3,adjusted_gaze_non_flow,0.9060483333333332,61.0,openjml
63,4,adjusted_gaze_non_flow,1.1235435,48.0,openjml
63,5,adjusted_gaze_non_flow,1.2018866666666668,23.0,openjml
63,6,adjusted_gaze_non_flow,0.9607587500000001,62.0,openjml
63,7,adjusted_gaze_non_flow,1.02222,23.0,openjml
63,8,adjusted_gaze_non_flow,0.8504400000000001,45.0,openjml
63,9,adjusted_gaze_non_flow,0.97748425,21.0,openjml
63,10,adjusted_gaze_non_flow,0.9503439333333333,12.0,openjml
63,11,adjusted_gaze_non_flow,0.9097497999999999,45.0,openjml
63,12,adjusted_gaze_non_flow,1.1378205,65.0,openjml
63,13,adjusted_gaze_non_flow,1.21845,40.0,openjml
63,14,adjusted_gaze_non_flow,0.7639411666666667,20.0,openjml
63,15,adjusted_gaze_non_flow,0.9316063333333333,21.0,openjml
63,16,adjusted_gaze_non_flow,1.0451714999999997,20.0,openjml
63,17,adjusted_gaze_non_flow,1.032905,0.0,openjml
63,18,adjusted_gaze_non_flow,0.850228,0.0,openjml
63,19,adjusted_gaze_non_flow,0.850688,0.0,openjml
63,20,adjusted_gaze_non_flow,1.06558,0.0,openjml
63,21,adjusted_gaze_non_flow,1.01070075,0.0,openjml
63,22,adjusted_gaze_non_flow,0.9877821250000001,0.0,openjml
63,23,adjusted_gaze_non_flow,1.5445462499999998,0.0,openjml
63,24,adjusted_gaze_non_flow,1.1155650000000001,0.0,openjml
63,25,adjusted_gaze_non_flow,0.940281,0.0,openjml
63,26,adjusted_gaze_non_flow,0.9228835,0.0,openjml
63,27,adjusted_gaze_non_flow,1.1272135,0.0,openjml
63,28,adjusted_gaze_non_flow,1.08452,0.0,openjml
63,29,adjusted_gaze_non_flow,0.9702204999999999,0.0,openjml
63,30,adjusted_gaze_non_flow,0.788140625,0.0,openjml
63,31,adjusted_gaze_non_flow,1.0505493750000001,0.0,openjml
63,32,adjusted_gaze_non_flow,0.87032775,0.0,openjml
63,33,adjusted_gaze_non_flow,1.344346888888889,0.0,openjml
63,34,adjusted_gaze_non_flow,1.0558482857142857,0.0,openjml
63,35,adjusted_gaze_non_flow,0.9389531249999999,0.0,openjml
63,36,adjusted_gaze_non_flow,0.9216045,0.0,openjml
63,37,adjusted_gaze_non_flow,1.036784,0.0,openjml
63,38,adjusted_gaze_non_flow,1.0149342857142856,0.0,openjml
63,39,adjusted_gaze_non_flow,0.0,0.0,openjml
63,40,adjusted_gaze_non_flow,0.0,0.0,openjml
63,41,adjusted_gaze_non_flow,0.0,0.0,openjml
63,42,adjusted_gaze_non_flow,0.0,0.0,openjml
63,43,adjusted_gaze_non_flow,0.0,0.0,openjml
63,44,adjusted_gaze_non_flow,0.0,0.0,openjml
63,45,adjusted_gaze_non_flow,0.0,0.0,openjml
63,46,adjusted_gaze_non_flow,0.0,0.0,openjml
63,47,adjusted_gaze_non_flow,0.0,0.0,openjml
63,48,adjusted_gaze_non_flow,0.0,0.0,openjml
63,49,adjusted_gaze_non_flow,0.0,0.0,openjml
63,50,adjusted_gaze_non_flow,0.0,0.0,openjml
63,51,adjusted_gaze_non_flow,0.0,0.0,openjml
63,52,adjusted_gaze_non_flow,0.0,0.0,openjml
63,53,adjusted_gaze_non_flow,0.0,0.0,openjml
63,54,adjusted_gaze_non_flow,0.0,0.0,openjml
63,55,adjusted_gaze_non_flow,0.0,0.0,openjml
63,56,adjusted_gaze_non_flow,0.0,0.0,openjml
63,57,adjusted_gaze_non_flow,0.0,0.0,openjml
63,58,adjusted_gaze_non_flow,0.0,0.0,openjml
63,59,adjusted_gaze_non_flow,0.0,0.0,openjml
63,60,adjusted_gaze_non_flow,0.0,0.0,openjml
63,61,adjusted_gaze_non_flow,0.0,0.0,openjml
63,62,adjusted_gaze_non_flow,0.0,0.0,openjml
63,63,adjusted_gaze_non_flow,0.0,0.0,openjml
63,64,adjusted_gaze_non_flow,0.0,0.0,openjml
63,1,adjusted_fix_flow,0.8996162857142859,22.0,openjml
63,2,adjusted_fix_flow,1.550205,65.0,openjml
63,3,adjusted_fix_flow,1.4372716666666667,61.0,openjml
63,4,adjusted_fix_flow,0.831264,48.0,openjml
63,5,adjusted_fix_flow,0.9216433333333334,23.0,openjml
63,6,adjusted_fix_flow,2.3485692499999997,62.0,openjml
63,7,adjusted_fix_flow,0.0,23.0,openjml
63,8,adjusted_fix_flow,1.495002,45.0,openjml
63,9,adjusted_fix_flow,1.79808875,21.0,openjml
63,10,adjusted_fix_flow,1.243632,12.0,openjml
63,11,adjusted_fix_flow,1.6806484000000002,45.0,openjml
63,12,adjusted_fix_flow,0.7300476666666667,65.0,openjml
63,13,adjusted_fix_flow,0.236364,40.0,openjml
63,14,adjusted_fix_flow,1.4864766666666667,20.0,openjml
63,15,adjusted_fix_flow,1.6561683333333335,21.0,openjml
63,16,adjusted_fix_flow,0.9332984999999999,20.0,openjml
63,17,adjusted_fix_flow,0.9798629999999999,0.0,openjml
63,18,adjusted_fix_flow,1.44657,0.0,openjml
63,19,adjusted_fix_flow,2.64935,0.0,openjml
63,20,adjusted_fix_flow,0.698413,0.0,openjml
63,21,adjusted_fix_flow,0.998019125,0.0,openjml
63,22,adjusted_fix_flow,1.414336375,0.0,openjml
63,23,adjusted_fix_flow,0.64260675,0.0,openjml
63,24,adjusted_fix_flow,0.525893,0.0,openjml
63,25,adjusted_fix_flow,1.39352,0.0,openjml
63,26,adjusted_fix_flow,1.5599625,0.0,openjml
63,27,adjusted_fix_flow,0.520835,0.0,openjml
63,28,adjusted_fix_flow,0.814161,0.0,openjml
63,29,adjusted_fix_flow,1.0257467500000002,0.0,openjml
63,30,adjusted_fix_flow,2.060645,0.0,openjml
63,31,adjusted_fix_flow,1.028306,0.0,openjml
63,32,adjusted_fix_flow,1.5692050000000002,0.0,openjml
63,33,adjusted_fix_flow,0.8923857777777777,0.0,openjml
63,34,adjusted_fix_flow,0.8557254285714286,0.0,openjml
63,35,adjusted_fix_flow,1.340073,0.0,openjml
63,36,adjusted_fix_flow,1.4290046666666665,0.0,openjml
63,37,adjusted_fix_flow,1.0569911428571428,0.0,openjml
63,38,adjusted_fix_flow,0.7603277142857143,0.0,openjml
63,39,adjusted_fix_flow,0.0,0.0,openjml
63,40,adjusted_fix_flow,0.0,0.0,openjml
63,41,adjusted_fix_flow,0.0,0.0,openjml
63,42,adjusted_fix_flow,0.0,0.0,openjml
63,43,adjusted_fix_flow,0.0,0.0,openjml
63,44,adjusted_fix_flow,0.0,0.0,openjml
63,45,adjusted_fix_flow,0.0,0.0,openjml
63,46,adjusted_fix_flow,0.0,0.0,openjml
63,47,adjusted_fix_flow,0.0,0.0,openjml
63,48,adjusted_fix_flow,0.0,0.0,openjml
63,49,adjusted_fix_flow,0.0,0.0,openjml
63,50,adjusted_fix_flow,0.0,0.0,openjml
63,51,adjusted_fix_flow,0.0,0.0,openjml
63,52,adjusted_fix_flow,0.0,0.0,openjml
63,53,adjusted_fix_flow,0.0,0.0,openjml
63,54,adjusted_fix_flow,0.0,0.0,openjml
63,55,adjusted_fix_flow,0.0,0.0,openjml
63,56,adjusted_fix_flow,0.0,0.0,openjml
63,57,adjusted_fix_flow,0.0,0.0,openjml
63,58,adjusted_fix_flow,0.0,0.0,openjml
63,59,adjusted_fix_flow,0.0,0.0,openjml
63,60,adjusted_fix_flow,0.0,0.0,openjml
63,61,adjusted_fix_flow,0.0,0.0,openjml
63,62,adjusted_fix_flow,0.0,0.0,openjml
63,63,adjusted_fix_flow,0.0,0.0,openjml
63,64,adjusted_fix_flow,0.0,0.0,openjml
63,1,adjusted_fix_non_flow,1.0428102857142858,22.0,openjml
63,2,adjusted_fix_non_flow,0.8280616666666666,65.0,openjml
63,3,adjusted_fix_non_flow,0.9146789999999999,61.0,openjml
63,4,adjusted_fix_non_flow,1.125655,48.0,openjml
63,5,adjusted_fix_non_flow,1.10377,23.0,openjml
63,6,adjusted_fix_non_flow,0.932572,62.0,openjml
63,7,adjusted_fix_non_flow,1.02222,23.0,openjml
63,8,adjusted_fix_non_flow,0.8415996,45.0,openjml
63,9,adjusted_fix_non_flow,0.9771967500000001,21.0,openjml
63,10,adjusted_fix_non_flow,0.9378979333333334,12.0,openjml
63,11,adjusted_fix_non_flow,0.8752138,45.0,openjml
63,12,adjusted_fix_non_flow,1.0821593333333333,65.0,openjml
63,13,adjusted_fix_non_flow,1.22909,40.0,openjml
63,14,adjusted_fix_non_flow,0.7493910833333334,20.0,openjml
63,15,adjusted_fix_non_flow,0.9343831666666667,21.0,openjml
63,16,adjusted_fix_non_flow,1.0090931666666665,20.0,openjml
63,17,adjusted_fix_non_flow,1.0076465,0.0,openjml
63,18,adjusted_fix_non_flow,0.7839175,0.0,openjml
63,19,adjusted_fix_non_flow,0.850059,0.0,openjml
63,20,adjusted_fix_non_flow,1.04762,0.0,openjml
63,21,adjusted_fix_non_flow,1.000455375,0.0,openjml
63,22,adjusted_fix_non_flow,0.9765472500000001,0.0,openjml
63,23,adjusted_fix_non_flow,1.580765,0.0,openjml
63,24,adjusted_fix_non_flow,1.091175,0.0,openjml
63,25,adjusted_fix_non_flow,0.8901805,0.0,openjml
63,26,adjusted_fix_non_flow,0.8911195,0.0,openjml
63,27,adjusted_fix_non_flow,1.151316,0.0,openjml
63,28,adjusted_fix_non_flow,1.05973,0.0,openjml
63,29,adjusted_fix_non_flow,0.9845515,0.0,openjml
63,30,adjusted_fix_non_flow,0.775632375,0.0,openjml
63,31,adjusted_fix_non_flow,0.9840011249999999,0.0,openjml
63,32,adjusted_fix_non_flow,0.8822336249999999,0.0,openjml
63,33,adjusted_fix_non_flow,1.2104448888888888,0.0,openjml
63,34,adjusted_fix_non_flow,1.1129104285714284,0.0,openjml
63,35,adjusted_fix_non_flow,0.9077762500000001,0.0,openjml
63,36,adjusted_fix_non_flow,0.8970391666666666,0.0,openjml
63,37,adjusted_fix_non_flow,0.9867467142857143,0.0,openjml
63,38,adjusted_fix_non_flow,1.014098142857143,0.0,openjml
63,39,adjusted_fix_non_flow,0.0,0.0,openjml
63,40,adjusted_fix_non_flow,0.0,0.0,openjml
63,41,adjusted_fix_non_flow,0.0,0.0,openjml
63,42,adjusted_fix_non_flow,0.0,0.0,openjml
63,43,adjusted_fix_non_flow,0.0,0.0,openjml
63,44,adjusted_fix_non_flow,0.0,0.0,openjml
63,45,adjusted_fix_non_flow,0.0,0.0,openjml
63,46,adjusted_fix_non_flow,0.0,0.0,openjml
63,47,adjusted_fix_non_flow,0.0,0.0,openjml
63,48,adjusted_fix_non_flow,0.0,0.0,openjml
63,49,adjusted_fix_non_flow,0.0,0.0,openjml
63,50,adjusted_fix_non_flow,0.0,0.0,openjml
63,51,adjusted_fix_non_flow,0.0,0.0,openjml
63,52,adjusted_fix_non_flow,0.0,0.0,openjml
63,53,adjusted_fix_non_flow,0.0,0.0,openjml
63,54,adjusted_fix_non_flow,0.0,0.0,openjml
63,55,adjusted_fix_non_flow,0.0,0.0,openjml
63,56,adjusted_fix_non_flow,0.0,0.0,openjml
63,57,adjusted_fix_non_flow,0.0,0.0,openjml
63,58,adjusted_fix_non_flow,0.0,0.0,openjml
63,59,adjusted_fix_non_flow,0.0,0.0,openjml
63,60,adjusted_fix_non_flow,0.0,0.0,openjml
63,61,adjusted_fix_non_flow,0.0,0.0,openjml
63,62,adjusted_fix_non_flow,0.0,0.0,openjml
63,63,adjusted_fix_non_flow,0.0,0.0,openjml
63,64,adjusted_fix_non_flow,0.0,0.0,openjml
63,1,adjusted_gaze_call,1.3207982857142857,22.0,openjml
63,2,adjusted_gaze_call,1.3130311666666667,65.0,openjml
63,3,adjusted_gaze_call,0.9968253333333333,61.0,openjml
63,4,adjusted_gaze_call,1.031472,48.0,openjml
63,5,adjusted_gaze_call,1.1174448,23.0,openjml
63,6,adjusted_gaze_call,0.7654860000000001,62.0,openjml
63,7,adjusted_gaze_call,1.4630325000000002,23.0,openjml
63,8,adjusted_gaze_call,1.26103,45.0,openjml
63,9,adjusted_gaze_call,0.9923811999999999,21.0,openjml
63,10,adjusted_gaze_call,1.145975,12.0,openjml
63,11,adjusted_gaze_call,1.0657764,45.0,openjml
63,12,adjusted_gaze_call,1.363254,65.0,openjml
63,13,adjusted_gaze_call,0.7502295000000001,40.0,openjml
63,14,adjusted_gaze_call,1.23122,20.0,openjml
63,15,adjusted_gaze_call,0.7226378333333335,21.0,openjml
63,16,adjusted_gaze_call,1.1199156666666668,20.0,openjml
63,17,adjusted_gaze_call,0.7965374333333334,0.0,openjml
63,18,adjusted_gaze_call,1.49011,0.0,openjml
63,19,adjusted_gaze_call,1.1109274999999998,0.0,openjml
63,20,adjusted_gaze_call,1.48593,0.0,openjml
63,21,adjusted_gaze_call,2.22419,0.0,openjml
63,22,adjusted_gaze_call,1.171768,0.0,openjml
63,23,adjusted_gaze_call,0.570859375,0.0,openjml
63,24,adjusted_gaze_call,1.9959475000000002,0.0,openjml
63,25,adjusted_gaze_call,1.577285,0.0,openjml
63,26,adjusted_gaze_call,1.76128,0.0,openjml
63,27,adjusted_gaze_call,2.319255,0.0,openjml
63,28,adjusted_gaze_call,1.192862,0.0,openjml
63,29,adjusted_gaze_call,0.9691810000000001,0.0,openjml
63,30,adjusted_gaze_call,1.1555195,0.0,openjml
63,31,adjusted_gaze_call,0.8852586250000001,0.0,openjml
63,32,adjusted_gaze_call,2.61380875,0.0,openjml
63,33,adjusted_gaze_call,1.329637375,0.0,openjml
63,34,adjusted_gaze_call,1.6969304444444444,0.0,openjml
63,35,adjusted_gaze_call,1.2604557142857142,0.0,openjml
63,36,adjusted_gaze_call,1.387386857142857,0.0,openjml
63,37,adjusted_gaze_call,1.166334625,0.0,openjml
63,38,adjusted_gaze_call,1.15456,0.0,openjml
63,39,adjusted_gaze_call,1.4981557142857145,0.0,openjml
63,40,adjusted_gaze_call,1.1509637142857143,0.0,openjml
63,41,adjusted_gaze_call,0.0,0.0,openjml
63,42,adjusted_gaze_call,0.0,0.0,openjml
63,43,adjusted_gaze_call,0.0,0.0,openjml
63,44,adjusted_gaze_call,0.0,0.0,openjml
63,45,adjusted_gaze_call,0.0,0.0,openjml
63,46,adjusted_gaze_call,0.0,0.0,openjml
63,47,adjusted_gaze_call,0.0,0.0,openjml
63,48,adjusted_gaze_call,0.0,0.0,openjml
63,49,adjusted_gaze_call,0.0,0.0,openjml
63,50,adjusted_gaze_call,0.0,0.0,openjml
63,51,adjusted_gaze_call,0.0,0.0,openjml
63,52,adjusted_gaze_call,0.0,0.0,openjml
63,53,adjusted_gaze_call,0.0,0.0,openjml
63,54,adjusted_gaze_call,0.0,0.0,openjml
63,55,adjusted_gaze_call,0.0,0.0,openjml
63,56,adjusted_gaze_call,0.0,0.0,openjml
63,57,adjusted_gaze_call,0.0,0.0,openjml
63,58,adjusted_gaze_call,0.0,0.0,openjml
63,59,adjusted_gaze_call,0.0,0.0,openjml
63,60,adjusted_gaze_call,0.0,0.0,openjml
63,61,adjusted_gaze_call,0.0,0.0,openjml
63,62,adjusted_gaze_call,0.0,0.0,openjml
63,63,adjusted_gaze_call,0.0,0.0,openjml
63,64,adjusted_gaze_call,0.0,0.0,openjml
63,1,adjusted_gaze_non_call,0.839600857142857,22.0,openjml
63,2,adjusted_gaze_non_call,0.9373936666666666,65.0,openjml
63,3,adjusted_gaze_non_call,1.0035863333333335,61.0,openjml
63,4,adjusted_gaze_non_call,0.9792270000000001,48.0,openjml
63,5,adjusted_gaze_non_call,0.9428650000000001,23.0,openjml
63,6,adjusted_gaze_non_call,1.0316910000000001,62.0,openjml
63,7,adjusted_gaze_non_call,0.4443625,23.0,openjml
63,8,adjusted_gaze_non_call,0.738974,45.0,openjml
63,9,adjusted_gaze_non_call,1.0106646,21.0,openjml
63,10,adjusted_gaze_non_call,0.84543875,12.0,openjml
63,11,adjusted_gaze_non_call,0.9446091333333333,45.0,openjml
63,12,adjusted_gaze_non_call,0.7430656000000001,65.0,openjml
63,13,adjusted_gaze_non_call,1.2664225,40.0,openjml
63,14,adjusted_gaze_non_call,0.867872,20.0,openjml
63,15,adjusted_gaze_non_call,1.1158608333333337,21.0,openjml
63,16,adjusted_gaze_non_call,0.854389,20.0,openjml
63,17,adjusted_gaze_non_call,1.0915588333333333,0.0,openjml
63,18,adjusted_gaze_non_call,0.6707650000000001,0.0,openjml
63,19,adjusted_gaze_non_call,0.9096124999999999,0.0,openjml
63,20,adjusted_gaze_non_call,0.670265,0.0,openjml
63,21,adjusted_gaze_non_call,0.21302,0.0,openjml
63,22,adjusted_gaze_non_call,0.87458125,0.0,openjml
63,23,adjusted_gaze_non_call,1.146536625,0.0,openjml
63,24,adjusted_gaze_non_call,0.61447175,0.0,openjml
63,25,adjusted_gaze_non_call,0.6943794999999999,0.0,openjml
63,26,adjusted_gaze_non_call,0.7281135,0.0,openjml
63,27,adjusted_gaze_non_call,0.72705,0.0,openjml
63,28,adjusted_gaze_non_call,0.78570685,0.0,openjml
63,29,adjusted_gaze_non_call,1.018761,0.0,openjml
63,30,adjusted_gaze_non_call,0.88336025,0.0,openjml
63,31,adjusted_gaze_non_call,1.15035125,0.0,openjml
63,32,adjusted_gaze_non_call,0.6772382499999999,0.0,openjml
63,33,adjusted_gaze_non_call,0.7802422499999999,0.0,openjml
63,34,adjusted_gaze_non_call,0.9502195555555555,0.0,openjml
63,35,adjusted_gaze_non_call,0.8511685714285714,0.0,openjml
63,36,adjusted_gaze_non_call,0.567039,0.0,openjml
63,37,adjusted_gaze_non_call,0.8995065,0.0,openjml
63,38,adjusted_gaze_non_call,0.8754933333333333,0.0,openjml
63,39,adjusted_gaze_non_call,0.6419508571428573,0.0,openjml
63,40,adjusted_gaze_non_call,0.7052595714285713,0.0,openjml
63,41,adjusted_gaze_non_call,0.0,0.0,openjml
63,42,adjusted_gaze_non_call,0.0,0.0,openjml
63,43,adjusted_gaze_non_call,0.0,0.0,openjml
63,44,adjusted_gaze_non_call,0.0,0.0,openjml
63,45,adjusted_gaze_non_call,0.0,0.0,openjml
63,46,adjusted_gaze_non_call,0.0,0.0,openjml
63,47,adjusted_gaze_non_call,0.0,0.0,openjml
63,48,adjusted_gaze_non_call,0.0,0.0,openjml
63,49,adjusted_gaze_non_call,0.0,0.0,openjml
63,50,adjusted_gaze_non_call,0.0,0.0,openjml
63,51,adjusted_gaze_non_call,0.0,0.0,openjml
63,52,adjusted_gaze_non_call,0.0,0.0,openjml
63,53,adjusted_gaze_non_call,0.0,0.0,openjml
63,54,adjusted_gaze_non_call,0.0,0.0,openjml
63,55,adjusted_gaze_non_call,0.0,0.0,openjml
63,56,adjusted_gaze_non_call,0.0,0.0,openjml
63,57,adjusted_gaze_non_call,0.0,0.0,openjml
63,58,adjusted_gaze_non_call,0.0,0.0,openjml
63,59,adjusted_gaze_non_call,0.0,0.0,openjml
63,60,adjusted_gaze_non_call,0.0,0.0,openjml
63,61,adjusted_gaze_non_call,0.0,0.0,openjml
63,62,adjusted_gaze_non_call,0.0,0.0,openjml
63,63,adjusted_gaze_non_call,0.0,0.0,openjml
63,64,adjusted_gaze_non_call,0.0,0.0,openjml
63,1,adjusted_fix_call,1.5315628571428572,22.0,openjml
63,2,adjusted_fix_call,1.3597468333333333,65.0,openjml
63,3,adjusted_fix_call,1.01612,61.0,openjml
63,4,adjusted_fix_call,1.051205,48.0,openjml
63,5,adjusted_fix_call,0.9722538000000001,23.0,openjml
63,6,adjusted_fix_call,0.741572,62.0,openjml
63,7,adjusted_fix_call,1.4210000000000003,23.0,openjml
63,8,adjusted_fix_call,1.13846,45.0,openjml
63,9,adjusted_fix_call,0.9836478,21.0,openjml
63,10,adjusted_fix_call,1.21572,12.0,openjml
63,11,adjusted_fix_call,1.0566778666666667,45.0,openjml
63,12,adjusted_fix_call,1.211518,65.0,openjml
63,13,adjusted_fix_call,0.7976386666666667,40.0,openjml
63,14,adjusted_fix_call,1.2,20.0,openjml
63,15,adjusted_fix_call,0.7751625833333334,21.0,openjml
63,16,adjusted_fix_call,1.1032686666666667,20.0,openjml
63,17,adjusted_fix_call,0.681917,0.0,openjml
63,18,adjusted_fix_call,1.398075,0.0,openjml
63,19,adjusted_fix_call,0.976522,0.0,openjml
63,20,adjusted_fix_call,1.39643,0.0,openjml
63,21,adjusted_fix_call,1.94709,0.0,openjml
63,22,adjusted_fix_call,1.12094425,0.0,openjml
63,23,adjusted_fix_call,0.4681375,0.0,openjml
63,24,adjusted_fix_call,2.03806375,0.0,openjml
63,25,adjusted_fix_call,1.87406,0.0,openjml
63,26,adjusted_fix_call,1.49841,0.0,openjml
63,27,adjusted_fix_call,1.9572349999999998,0.0,openjml
63,28,adjusted_fix_call,1.152315,0.0,openjml
63,29,adjusted_fix_call,0.820661,0.0,openjml
63,30,adjusted_fix_call,1.2096974999999999,0.0,openjml
63,31,adjusted_fix_call,0.8896772499999999,0.0,openjml
63,32,adjusted_fix_call,2.4722350000000004,0.0,openjml
63,33,adjusted_fix_call,1.42003725,0.0,openjml
63,34,adjusted_fix_call,1.629032222222222,0.0,openjml
63,35,adjusted_fix_call,1.3643342857142857,0.0,openjml
63,36,adjusted_fix_call,1.4093742857142857,0.0,openjml
63,37,adjusted_fix_call,1.124723,0.0,openjml
63,38,adjusted_fix_call,1.1437178333333335,0.0,openjml
63,39,adjusted_fix_call,1.52509,0.0,openjml
63,40,adjusted_fix_call,1.1285195714285714,0.0,openjml
63,41,adjusted_fix_call,0.0,0.0,openjml
63,42,adjusted_fix_call,0.0,0.0,openjml
63,43,adjusted_fix_call,0.0,0.0,openjml
63,44,adjusted_fix_call,0.0,0.0,openjml
63,45,adjusted_fix_call,0.0,0.0,openjml
63,46,adjusted_fix_call,0.0,0.0,openjml
63,47,adjusted_fix_call,0.0,0.0,openjml
63,48,adjusted_fix_call,0.0,0.0,openjml
63,49,adjusted_fix_call,0.0,0.0,openjml
63,50,adjusted_fix_call,0.0,0.0,openjml
63,51,adjusted_fix_call,0.0,0.0,openjml
63,52,adjusted_fix_call,0.0,0.0,openjml
63,53,adjusted_fix_call,0.0,0.0,openjml
63,54,adjusted_fix_call,0.0,0.0,openjml
63,55,adjusted_fix_call,0.0,0.0,openjml
63,56,adjusted_fix_call,0.0,0.0,openjml
63,57,adjusted_fix_call,0.0,0.0,openjml
63,58,adjusted_fix_call,0.0,0.0,openjml
63,59,adjusted_fix_call,0.0,0.0,openjml
63,60,adjusted_fix_call,0.0,0.0,openjml
63,61,adjusted_fix_call,0.0,0.0,openjml
63,62,adjusted_fix_call,0.0,0.0,openjml
63,63,adjusted_fix_call,0.0,0.0,openjml
63,64,adjusted_fix_call,0.0,0.0,openjml
63,1,adjusted_fix_non_call,0.7342182857142856,22.0,openjml
63,2,adjusted_fix_non_call,0.9280510000000001,65.0,openjml
63,3,adjusted_fix_non_call,0.9817771666666667,61.0,openjml
63,4,adjusted_fix_non_call,0.966205,48.0,openjml
63,5,adjusted_fix_non_call,1.0134994,23.0,openjml
63,6,adjusted_fix_non_call,1.0349243333333333,62.0,openjml
63,7,adjusted_fix_non_call,0.4948025,23.0,openjml
63,8,adjusted_fix_non_call,0.861538,45.0,openjml
63,9,adjusted_fix_non_call,1.0228922,21.0,openjml
63,10,adjusted_fix_non_call,0.7715924999999999,12.0,openjml
63,11,adjusted_fix_non_call,0.9522716666666667,45.0,openjml
63,12,adjusted_fix_non_call,0.8503906000000001,65.0,openjml
63,13,adjusted_fix_non_call,1.2158498333333332,40.0,openjml
63,14,adjusted_fix_non_call,0.885714,20.0,openjml
63,15,adjusted_fix_non_call,1.0939189999999999,21.0,openjml
63,16,adjusted_fix_non_call,0.8746015000000001,20.0,openjml
63,17,adjusted_fix_non_call,1.1431371666666668,0.0,openjml
63,18,adjusted_fix_non_call,0.732591,0.0,openjml
63,19,adjusted_fix_non_call,1.0191305000000002,0.0,openjml
63,20,adjusted_fix_non_call,0.730991,0.0,openjml
63,21,adjusted_fix_non_call,0.391156,0.0,openjml
63,22,adjusted_fix_non_call,0.911691625,0.0,openjml
63,23,adjusted_fix_non_call,1.181611875,0.0,openjml
63,24,adjusted_fix_non_call,0.598169,0.0,openjml
63,25,adjusted_fix_non_call,0.5372645,0.0,openjml
63,26,adjusted_fix_non_call,0.8219965,0.0,openjml
63,27,adjusted_fix_non_call,0.801951,0.0,openjml
63,28,adjusted_fix_non_call,0.83075965,0.0,openjml
63,29,adjusted_fix_non_call,1.109165,0.0,openjml
63,30,adjusted_fix_non_call,0.8427250000000001,0.0,openjml
63,31,adjusted_fix_non_call,1.1445604999999999,0.0,openjml
63,32,adjusted_fix_non_call,0.70555325,0.0,openjml
63,33,adjusted_fix_non_call,0.71997575,0.0,openjml
63,34,adjusted_fix_non_call,0.9550685555555556,0.0,openjml
63,35,adjusted_fix_non_call,0.7918085714285714,0.0,openjml
63,36,adjusted_fix_non_call,0.5424632857142857,0.0,openjml
63,37,adjusted_fix_non_call,0.92464825,0.0,openjml
63,38,adjusted_fix_non_call,0.8842275,0.0,openjml
63,39,adjusted_fix_non_call,0.6225907142857142,0.0,openjml
63,40,adjusted_fix_non_call,0.7490825714285714,0.0,openjml
63,41,adjusted_fix_non_call,0.0,0.0,openjml
63,42,adjusted_fix_non_call,0.0,0.0,openjml
63,43,adjusted_fix_non_call,0.0,0.0,openjml
63,44,adjusted_fix_non_call,0.0,0.0,openjml
63,45,adjusted_fix_non_call,0.0,0.0,openjml
63,46,adjusted_fix_non_call,0.0,0.0,openjml
63,47,adjusted_fix_non_call,0.0,0.0,openjml
63,48,adjusted_fix_non_call,0.0,0.0,openjml
63,49,adjusted_fix_non_call,0.0,0.0,openjml
63,50,adjusted_fix_non_call,0.0,0.0,openjml
63,51,adjusted_fix_non_call,0.0,0.0,openjml
63,52,adjusted_fix_non_call,0.0,0.0,openjml
63,53,adjusted_fix_non_call,0.0,0.0,openjml
63,54,adjusted_fix_non_call,0.0,0.0,openjml
63,55,adjusted_fix_non_call,0.0,0.0,openjml
63,56,adjusted_fix_non_call,0.0,0.0,openjml
63,57,adjusted_fix_non_call,0.0,0.0,openjml
63,58,adjusted_fix_non_call,0.0,0.0,openjml
63,59,adjusted_fix_non_call,0.0,0.0,openjml
63,60,adjusted_fix_non_call,0.0,0.0,openjml
63,61,adjusted_fix_non_call,0.0,0.0,openjml
63,62,adjusted_fix_non_call,0.0,0.0,openjml
63,63,adjusted_fix_non_call,0.0,0.0,openjml
63,64,adjusted_fix_non_call,0.0,0.0,openjml
9_gc,1,gap_accuracy,0.3958333333333333,5.0,openjml
9_gc,2,gap_accuracy,0.2740740740740741,5.0,openjml
9_gc,3,gap_accuracy,0.5,2.0,openjml
9_gc,4,gap_accuracy,0.5238095238095238,2.0,openjml
9_gc,5,gap_accuracy,0.48309178743961345,1.0,openjml
9_gc,6,gap_accuracy,0.40211640211640215,1.0,openjml
9_gc,7,gap_accuracy,0.36904761904761907,1.0,openjml
9_gc,8,gap_accuracy,0.36666666666666675,1.0,openjml
9_gc,9,gap_accuracy,0.46825396825396826,2.0,openjml
9_gc,10,gap_accuracy,0.5253623188405797,2.0,openjml
9_gc,1,readability_level_before,2.8125,5.0,openjml
9_gc,2,readability_level_before,2.6,5.0,openjml
9_gc,3,readability_level_before,2.6,2.0,openjml
9_gc,4,readability_level_before,2.4285714285714284,2.0,openjml
9_gc,5,readability_level_before,3.347826086956522,1.0,openjml
9_gc,6,readability_level_before,3.0,1.0,openjml
9_gc,7,readability_level_before,2.7857142857142856,1.0,openjml
9_gc,8,readability_level_before,2.933333333333333,1.0,openjml
9_gc,9,readability_level_before,3.380952380952381,2.0,openjml
9_gc,10,readability_level_before,3.130434782608696,2.0,openjml
9_gc,1,readability_level_ba,2.59375,5.0,openjml
9_gc,2,readability_level_ba,2.433333333333333,5.0,openjml
9_gc,3,readability_level_ba,2.566666666666667,2.0,openjml
9_gc,4,readability_level_ba,2.5,2.0,openjml
9_gc,5,readability_level_ba,3.1739130434782608,1.0,openjml
9_gc,6,readability_level_ba,2.9285714285714284,1.0,openjml
9_gc,7,readability_level_ba,2.5357142857142856,1.0,openjml
9_gc,8,readability_level_ba,2.9,1.0,openjml
9_gc,9,readability_level_ba,3.380952380952381,2.0,openjml
9_gc,10,readability_level_ba,3.0652173913043477,2.0,openjml
9_gc,1,time_to_read_complete,137.36374999999998,5.0,openjml
9_gc,2,time_to_read_complete,123.19000000000001,5.0,openjml
9_gc,3,time_to_read_complete,212.6206666666667,2.0,openjml
9_gc,4,time_to_read_complete,202.57285714285715,2.0,openjml
9_gc,5,time_to_read_complete,165.18,1.0,openjml
9_gc,6,time_to_read_complete,197.07452380952378,1.0,openjml
9_gc,7,time_to_read_complete,123.02642857142857,1.0,openjml
9_gc,8,time_to_read_complete,533.914,1.0,openjml
9_gc,9,time_to_read_complete,126.68928571428569,2.0,openjml
9_gc,10,time_to_read_complete,124.68173913043479,2.0,openjml
9_bc,1,gap_accuracy,0.3840579710144927,5.0,openjml
9_bc,2,gap_accuracy,0.4074074074074074,5.0,openjml
9_bc,3,gap_accuracy,0.611111111111111,2.0,openjml
9_bc,4,gap_accuracy,0.5052083333333334,2.0,openjml
9_bc,5,gap_accuracy,0.4126984126984127,1.0,openjml
9_bc,6,gap_accuracy,0.3703703703703703,1.0,openjml
9_bc,7,gap_accuracy,0.48958333333333337,1.0,openjml
9_bc,8,gap_accuracy,0.44444444444444453,1.0,openjml
9_bc,9,gap_accuracy,0.36666666666666664,2.0,openjml
9_bc,10,gap_accuracy,0.39285714285714285,2.0,openjml
9_bc,1,readability_level_before,2.739130434782609,5.0,openjml
9_bc,2,readability_level_before,3.0,5.0,openjml
9_bc,3,readability_level_before,2.6,2.0,openjml
9_bc,4,readability_level_before,2.0,2.0,openjml
9_bc,5,readability_level_before,2.642857142857143,1.0,openjml
9_bc,6,readability_level_before,2.3333333333333335,1.0,openjml
9_bc,7,readability_level_before,2.9375,1.0,openjml
9_bc,8,readability_level_before,3.0,1.0,openjml
9_bc,9,readability_level_before,2.4,2.0,openjml
9_bc,10,readability_level_before,2.9285714285714284,2.0,openjml
9_bc,1,readability_level_ba,2.717391304347826,5.0,openjml
9_bc,2,readability_level_ba,2.857142857142857,5.0,openjml
9_bc,3,readability_level_ba,2.533333333333333,2.0,openjml
9_bc,4,readability_level_ba,1.96875,2.0,openjml
9_bc,5,readability_level_ba,2.4642857142857144,1.0,openjml
9_bc,6,readability_level_ba,2.1,1.0,openjml
9_bc,7,readability_level_ba,2.8125,1.0,openjml
9_bc,8,readability_level_ba,2.9,1.0,openjml
9_bc,9,readability_level_ba,2.5,2.0,openjml
9_bc,10,readability_level_ba,2.75,2.0,openjml
9_bc,1,time_to_read_complete,143.56804347826088,5.0,openjml
9_bc,2,time_to_read_complete,134.24785714285716,5.0,openjml
9_bc,3,time_to_read_complete,161.12800000000001,2.0,openjml
9_bc,4,time_to_read_complete,188.78187499999999,2.0,openjml
9_bc,5,time_to_read_complete,184.00178571428572,1.0,openjml
9_bc,6,time_to_read_complete,224.49699999999999,1.0,openjml
9_bc,7,time_to_read_complete,106.00562500000001,1.0,openjml
9_bc,8,time_to_read_complete,111.08466666666665,1.0,openjml
9_bc,9,time_to_read_complete,102.94033333333333,2.0,openjml
9_bc,10,time_to_read_complete,200.44,2.0,openjml
9_nc,1,gap_accuracy,0.380952380952381,5.0,openjml
9_nc,2,gap_accuracy,0.3259259259259259,5.0,openjml
9_nc,3,gap_accuracy,0.6507936507936508,2.0,openjml
9_nc,4,gap_accuracy,0.5253623188405797,2.0,openjml
9_nc,5,gap_accuracy,0.4583333333333333,1.0,openjml
9_nc,6,gap_accuracy,0.28148148148148144,1.0,openjml
9_nc,7,gap_accuracy,0.43478260869565216,1.0,openjml
9_nc,8,gap_accuracy,0.5158730158730158,1.0,openjml
9_nc,9,gap_accuracy,0.2777777777777778,2.0,openjml
9_nc,10,gap_accuracy,0.4635416666666667,2.0,openjml
9_nc,1,readability_level_before,2.7142857142857144,5.0,openjml
9_nc,2,readability_level_before,2.466666666666667,5.0,openjml
9_nc,3,readability_level_before,2.2857142857142856,2.0,openjml
9_nc,4,readability_level_before,2.347826086956522,2.0,openjml
9_nc,5,readability_level_before,2.25,1.0,openjml
9_nc,6,readability_level_before,2.7333333333333334,1.0,openjml
9_nc,7,readability_level_before,2.3043478260869565,1.0,openjml
9_nc,8,readability_level_before,2.6666666666666665,1.0,openjml
9_nc,9,readability_level_before,2.933333333333333,2.0,openjml
9_nc,10,readability_level_before,2.75,2.0,openjml
9_nc,1,readability_level_ba,2.642857142857143,5.0,openjml
9_nc,2,readability_level_ba,2.3333333333333335,5.0,openjml
9_nc,3,readability_level_ba,2.261904761904762,2.0,openjml
9_nc,4,readability_level_ba,2.3043478260869565,2.0,openjml
9_nc,5,readability_level_ba,2.25,1.0,openjml
9_nc,6,readability_level_ba,2.533333333333333,1.0,openjml
9_nc,7,readability_level_ba,2.1956521739130435,1.0,openjml
9_nc,8,readability_level_ba,2.5714285714285716,1.0,openjml
9_nc,9,readability_level_ba,2.966666666666667,2.0,openjml
9_nc,10,readability_level_ba,2.65625,2.0,openjml
9_nc,1,time_to_read_complete,97.71571428571428,5.0,openjml
9_nc,2,time_to_read_complete,131.76166666666668,5.0,openjml
9_nc,3,time_to_read_complete,180.75071428571428,2.0,openjml
9_nc,4,time_to_read_complete,191.89021739130433,2.0,openjml
9_nc,5,time_to_read_complete,155.11781249999996,1.0,openjml
9_nc,6,time_to_read_complete,114.97499999999998,1.0,openjml
9_nc,7,time_to_read_complete,166.80847826086958,1.0,openjml
9_nc,8,time_to_read_complete,134.88285714285712,1.0,openjml
9_nc,9,time_to_read_complete,81.70666666666666,2.0,openjml
9_nc,10,time_to_read_complete,115.86906250000001,2.0,openjml
f,1,perc_correct_output,39.473684210526315,4.0,openjml
f,2,perc_correct_output,89.47368421052632,4.0,openjml
f,3,perc_correct_output,78.94736842105263,2.0,openjml
f,4,perc_correct_output,47.368421052631575,1.0,openjml
f,5,perc_correct_output,52.63157894736842,1.0,openjml
f,6,perc_correct_output,100.0,1.0,openjml
f,7,perc_correct_output,78.94736842105263,0.0,openjml
f,8,perc_correct_output,61.111111111111114,0.0,openjml
f,9,perc_correct_output,66.66666666666666,1.0,openjml
f,10,perc_correct_output,88.88888888888889,4.0,openjml
f,11,perc_correct_output,94.73684210526315,2.0,openjml
f,12,perc_correct_output,84.21052631578947,2.0,openjml
f,13,perc_correct_output,78.94736842105263,2.0,openjml
f,14,perc_correct_output,68.42105263157895,3.0,openjml
f,15,perc_correct_output,18.0,4.0,openjml
f,16,perc_correct_output,0.0,1.0,openjml
f,1,brain_deact_31,-2.248355733,4.0,openjml
f,2,brain_deact_31,-2.137145163,4.0,openjml
f,3,brain_deact_31,-1.921303548,2.0,openjml
f,4,brain_deact_31,-1.831843539,1.0,openjml
f,5,brain_deact_31,-1.93865049,1.0,openjml
f,6,brain_deact_31,-2.063537981,1.0,openjml
f,7,brain_deact_31,-1.730000171,0.0,openjml
f,8,brain_deact_31,-2.103988089,0.0,openjml
f,9,brain_deact_31,-2.034462625,1.0,openjml
f,10,brain_deact_31,-2.180495768,4.0,openjml
f,11,brain_deact_31,-1.936397923,2.0,openjml
f,12,brain_deact_31,-1.545885531,2.0,openjml
f,13,brain_deact_31,-1.835985696,2.0,openjml
f,14,brain_deact_31,-1.897029609,3.0,openjml
f,15,brain_deact_31,-2.115286243,4.0,openjml
f,16,brain_deact_31,-1.729084884,1.0,openjml
f,1,brain_deact_32,-1.774586165,4.0,openjml
f,2,brain_deact_32,-1.91559082,4.0,openjml
f,3,brain_deact_32,-1.495832442,2.0,openjml
f,4,brain_deact_32,-1.46374886,1.0,openjml
f,5,brain_deact_32,-1.526649428,1.0,openjml
f,6,brain_deact_32,-1.848531743,1.0,openjml
f,7,brain_deact_32,-1.236600384,0.0,openjml
f,8,brain_deact_32,-1.565782627,0.0,openjml
f,9,brain_deact_32,-1.699418305,1.0,openjml
f,10,brain_deact_32,-1.907988566,4.0,openjml
f,11,brain_deact_32,-1.45635117,2.0,openjml
f,12,brain_deact_32,-1.37916458,2.0,openjml
f,13,brain_deact_32,-1.458877878,2.0,openjml
f,14,brain_deact_32,-1.6700936,3.0,openjml
f,15,brain_deact_32,-1.820133117,4.0,openjml
f,16,brain_deact_32,-1.241652874,1.0,openjml
f,1,complexity_level,46.6,4.0,openjml
f,2,complexity_level,73.73684210526316,4.0,openjml
f,3,complexity_level,38.578947368421055,2.0,openjml
f,4,complexity_level,25.88888888888889,1.0,openjml
f,5,complexity_level,61.421052631578945,1.0,openjml
f,6,complexity_level,74.57894736842105,1.0,openjml
f,7,complexity_level,0.0,0.0,openjml
f,8,complexity_level,44.73684210526316,0.0,openjml
f,9,complexity_level,45.44444444444444,1.0,openjml
f,10,complexity_level,57.5,4.0,openjml
f,11,complexity_level,33.31578947368421,2.0,openjml
f,12,complexity_level,25.944444444444443,2.0,openjml
f,13,complexity_level,47.22222222222222,2.0,openjml
f,14,complexity_level,44.44444444444444,3.0,openjml
f,15,complexity_level,47.22222222222222,4.0,openjml
f,16,complexity_level,150.0,1.0,openjml
f,1,time_to_understand,48.275447368421055,4.0,openjml
f,2,time_to_understand,30.38747368421053,4.0,openjml
f,3,time_to_understand,41.406684210526315,2.0,openjml
f,4,time_to_understand,50.024,1.0,openjml
f,5,time_to_understand,45.99226315789474,1.0,openjml
f,6,time_to_understand,21.517,1.0,openjml
f,7,time_to_understand,38.38831578947369,0.0,openjml
f,8,time_to_understand,43.33011111111111,0.0,openjml
f,9,time_to_understand,42.33516666666665,1.0,openjml
f,10,time_to_understand,27.647555555555552,4.0,openjml
f,11,time_to_understand,22.280263157894737,2.0,openjml
f,12,time_to_understand,35.582526315789465,2.0,openjml
f,13,time_to_understand,33.25842105263157,2.0,openjml
f,14,time_to_understand,40.122473684210526,3.0,openjml
f,15,time_to_understand,445.544,4.0,openjml
f,16,time_to_understand,0.0,1.0,openjml
